query,total_in_listing,id,name,price,disc_price,rating,reviews,seller,seller_reviews,avail,url
ортопедична подушка,6294,2837062471,"Ортопедична подушка з ефектом пам'яті для шиї та плечей 62×37-8-12 см, метелик, Memory Foam чорно-білий KT7006275",1599,1199,4.8,10,«Baby Go!»,1436,True,https://prom.ua/ua/p2837062471-ortopedicheskaya-podushka-effektom.html
ортопедична подушка,6294,3141473783,"Ортопедична анатомічна подушка для сидіння Memory Foam «Комфортика», для куприка та спини з вирізом",850,475,4.9,12,Шалений магазинчик,36,True,https://prom.ua/ua/p3141473783-ortopedicheskaya-anatomicheskaya-podushka.html
ортопедична подушка,6294,2872691275,"Подушка ортопедична ""Метелик"" Подушка для сну з ефектом пам'яті (pillow-04) SN27",591,,4.6,95,Sense,27459,True,https://prom.ua/ua/p2872691275-podushka-ortopedicheskaya-babochka.html
ортопедична подушка,6294,2767018458,"Подушка ортопедична «Метелик» з ефектом пам яті для шиї та зручним розташуванням рук, з наволочкою на блискавці",1075,698,4.6,35,Lark,4899,True,https://prom.ua/ua/p2767018458-podushka-ortopedicheskaya-babochka.html
ортопедична подушка,6294,2175192203,"Ортопедична анатомічна подушка з пам'яттю ""Memory Pillow""",744.90,521.43,5,1,Magic Shop,1612,True,https://prom.ua/ua/p2175192203-ortopedicheskaya-anatomicheskaya-podushka.html
ортопедична подушка,6294,1263027594,Ортопедична подушка для колін ніг анатомічна з ефектом пам'яті гіпоалергенна Contour Leg Pillow,430,270,5,4,UNIT STORE - інтернет-магазин для всієї родини,4674,True,https://prom.ua/ua/p1263027594-ortopedicheskaya-podushka-dlya.html
ортопедична подушка,6294,2029516975,Подушка Ортопедична MEMORY з ефектом памяті 50х70,750,,4.7,28,ГАРМОНІЯ,2956,True,https://prom.ua/ua/p2029516975-podushka-ortopedichna-memory.html
ортопедична подушка,6294,3023876721,"Подушка ортопедична анатомічна з ефектом пам'яті ""Метелик"" (pillow-04)",800,670,4.8,52,"Вас вітає інтернет магазин ""LEADER""",5592,True,https://prom.ua/ua/p3023876721-podushka-ortopedichna-anatomichna.html
ортопедична подушка,6294,3149637072,"Ортопедична анатомічна подушка у формі метелика з ефектом пам'яті (Memory Foam) для сну, сіро-біла OM227",589,,4.3,3,"Інтернет-магазин товарів для дому ""ОптМісто""",7293,True,https://prom.ua/ua/p3149637072-ortopedicheskaya-anatomicheskaya-podushka.html
ортопедична подушка,6294,3112713457,"Ортопедична подушка Memory Pillow 50х28х7 см, анатомічна подушка для сну з ефектом пам яті, підтримкою шиї",519,,,0,THE Shop,36,True,https://prom.ua/ua/p3112713457-ortopedicheskaya-podushka-memory.html
ортопедична подушка,6294,2771666599,"Подушка ортопедична ""Метелик"" Подушка для сну з ефектом пам'яті (pillow-04) OM227",567,,4.4,21,"Інтернет-магазин товарів для дому ""ОптМісто""",7293,True,https://prom.ua/ua/p2771666599-podushka-ortopedicheskaya-babochka.html
ортопедична подушка,6294,2887650971,Ортопедична подушка IDEIA Balance 46x24 см - мікрофібра бежевий,224,,3,2,"Інтернет-магазин ""Sweet Home""",382,True,https://prom.ua/ua/p2887650971-ortopedicheskaya-podushka-ideia.html
ортопедична подушка,6294,2831299329,Ортопедична подушка для сидіння з ефектом пам'яті під попу на стілець.,1300,767,5,9,Інтернет-магазин рюкзаки та сумки Авось Ка,936,True,https://prom.ua/ua/p2831299329-ortopedicheskaya-podushka-dlya.html
ортопедична подушка,6294,3204606382,Ортопедична анатомічна подушка-метелик 60×40×10 см з Memory Foam для комфортного сну,813,650.40,5,1,Інтернет-магазин focus-shop,5327,True,https://prom.ua/ua/p3204606382-ortopedicheskaya-anatomicheskaya-podushka.html
ортопедична подушка,6294,2764019470,"М'яка ортопедична подушка з пам'яттю, для дітей і дорослих, правильна анатомічна подушка для сну збоку, на животі та спині",1750,875,5,3,МегаСтор,1698,True,https://prom.ua/ua/p2764019470-myagkaya-ortopedicheskaya-podushka.html
ортопедична подушка,6294,1412857056,Витягувальна ортопедична подушка. У разі ОСТЕО хондрозу.,450,,5,1,magaz103,501,True,https://prom.ua/ua/p1412857056-vytyagivayuschaya-ortopedicheskaya-podushka.html
ортопедична подушка,6294,2533732229,"ОРТОПЕДИЧНА ПОДУШКА ДЛЯ ВОДІЯ від геморою, болі в попереку та куприка",999,,5,4,⭐⭐⭐⭐⭐ 1024 - Быстрая отправка в день заказа,2496,True,https://prom.ua/ua/p2533732229-ortopedicheskaya-podushka-dlya.html
ортопедична подушка,6294,2949789420,"Ортопедична подушка Метелик, 58х41х10см, Білий | Анатомічна подушка для шиї | Подушка для сну",992.86,695,4.8,4,Varto,1626,True,https://prom.ua/ua/p2949789420-ortopedicheskaya-podushka-babochka.html
ортопедична подушка,6294,2904806686,Ортопедична подушка під спину і поперек для авто та офісного крісла спинка-подушка з ефектом пам'яті,1390,695,5,1,AKT,783,True,https://prom.ua/ua/p2904806686-ortopedicheskaya-podushka-pod.html
ортопедична подушка,6294,2769191742,Ортопедична подушка для сну 63х37х13см Подушка Метелик з ефектом пам'яті Подушка анатомічна під голову,1212,942,5,8,Modvia,108,True,https://prom.ua/ua/p2769191742-ortopedicheskaya-podushka-dlya.html
ортопедична подушка,6294,2825505936,"Ортопедична подушка для сидіння Memory Foam Bodasan анатомічна для офісного крісла, авто, під куприк (MF37)",699,,4.6,8,4-sport.com.ua,2649,True,https://prom.ua/ua/p2825505936-ortopedicheskaya-podushka-dlya.html
ортопедична подушка,6294,2874429553,"Подушка ортопедична ""Метелик"" Подушка для сну з ефектом пам'яті (pillow-04) LF227",579,,5,3,LiviFine,3593,True,https://prom.ua/ua/p2874429553-podushka-ortopedicheskaya-babochka.html
ортопедична подушка,6294,3149654936,"Ортопедична анатомічна подушка у формі метелика з ефектом пам'яті (Memory Foam) для сну, сіро-біла SV227",608,,5,3,SevenHome,22811,True,https://prom.ua/ua/p3149654936-ortopedicheskaya-anatomicheskaya-podushka.html
ортопедична подушка,6294,3135926492,Ортопедична подушка від болю в шиї 50х70 велика подушка з ефектом пам'яті для голови та підтримки хребта комфортна,1798,899,5,12,"""Мені це потрібно""",87,True,https://prom.ua/ua/p3135926492-ortopedicheskaya-podushka-boli.html
ортопедична подушка,6294,3203265659,Подушка ортопедична анатомічна з ефектом пам'яті Memory pillow Подушка з пам'яттю форми для сну Анатомічна подушка для сну,970,485,,0,Dlya Tebe Store,47,True,https://prom.ua/ua/p3203265659-podushka-ortopedicheskaya-anatomicheskaya.html
ортопедична подушка,6294,2872965563,"Ортопедична анатомічна подушка для шиї та голови з ефектом пам'яті для здорового та повноцінного сну на боці, спині або животі",1770,885,5,4,LUMISHOP,507,True,https://prom.ua/ua/p2872965563-ortopedicheskaya-anatomicheskaya-podushka.html
ортопедична подушка,6294,3024507042,"Ортопедична подушка для попереку з ефектом пам яті Memory Foam Bodasan для офісного крісла та авто, Чорна (ON09)",799,,5,1,4-sport.com.ua,2649,True,https://prom.ua/ua/p3024507042-ortopedicheskaya-podushka-dlya.html
ортопедична подушка,6294,2164631493,"Подушка ортопедична з пам'яттю Memory Pillow, Топ Анатомічна подушка з ефектом пам'яті Memory Pillow",630,478.80,4.5,19,PolonDom,3453,True,https://prom.ua/ua/p2164631493-podushka-ortopedichna-pamyattyu.html
ортопедична подушка,6294,2800357067,Ортопедична подушка Метелик для глибокого сну,909.72,722,,0,AmmuNation,976,True,https://prom.ua/ua/p2800357067-ortopedicheskaya-podushka-babochka.html
ортопедична подушка,6327,3002922401,"Ортопедична подушка «Метелик» з ефектом пам'яті - підтримка шиї та плечей, 62×41×13/11 см, сіро-біла, 1.2 кг KT8001201 faraon",1699,1299,5,2,Фараон,311,True,https://prom.ua/ua/p3002922401-ortopedicheskaya-podushka-babochka.html
ортопедична подушка,6327,2770538668,"Подушка ортопедична ""Метелик"" Подушка для сну з ефектом пам'яті (pillow-04)",800,616,3.6,6,Вас вітає інтернет магазин SvetOn!,52476,True,https://prom.ua/ua/p2770538668-podushka-ortopedicheskaya-babochka.html
ортопедична подушка,6327,3024507042,"Ортопедична подушка для попереку з ефектом пам яті Memory Foam Bodasan для офісного крісла та авто, Чорна (ON09)",799,,5,1,4-sport.com.ua,2649,True,https://prom.ua/ua/p3024507042-ortopedicheskaya-podushka-dlya.html
ортопедична подушка,6327,2308446304,"Подушка ортопедична для сну та відпочинку S-Form IDEIA 40х130 см антиалергенна з блискавкою, подушка для тіла",789,,,0,TexstilZato,834,True,https://prom.ua/ua/p2308446304-podushka-ortopedichna-dlya.html
ортопедична подушка,6327,2613409903,Ортопедична подушка для сну 45×70 см 1 шт. LF227,273,,5,1,LiviFine,3593,True,https://prom.ua/ua/p2613409903-ortopedicheskaya-podushka-dlya.html
ортопедична подушка,6327,2038365350,Ортопедична подушка кісточка під шию. Розмір 40 см на 20 см,250,,5,4,Интернет-магазин Паула,403,True,https://prom.ua/ua/p2038365350-ortopedicheskaya-podushka-kostochka.html
ортопедична подушка,6327,599166583,Подушка ортопедична з наповнювачем гречане лушпиння з регульованою висотою Повітряний сон 60×40 Париж,495,,5,8,БіоПодушка,457,True,https://prom.ua/ua/p599166583-podushka-ortopedicheskaya-napolnitelem.html
ортопедична подушка,6327,3124480220,Ортопедична подушка-трансформер для сну з регулюванням кута нахилу Сіра / Ортопедична подушка для спини та попереку Memory Foam,1330,1197,,0,PREMIER.4IK,377,True,https://prom.ua/ua/p3124480220-ortopedicheskaya-podushka-transformer.html
ортопедична подушка,6327,3165739750,Подушка ортопедична анатомічна для сну без напруги 50х70 еко пух подушка тісто,1098,899,,0,Triotex,31,True,https://prom.ua/ua/p3165739750-podushka-ortopedicheskaya-anatomicheskaya.html
ортопедична подушка,6327,3213176826,Подушка від болю в шиї ортопедична велика подушки для сну на животі та підтримки хребта анатомічна на боці,1798,899,,0,"""Мені це потрібно""",87,True,https://prom.ua/ua/p3213176826-podushka-boli-shee.html
ортопедична подушка,6327,2082841980,Ортопедична подушка для здорового сну memory latex pillow м'яка з ефектом пам'яті,429,343.20,4.5,23,Lavka - Podarkov,6365,True,https://prom.ua/ua/p2082841980-ortopedicheskaya-podushka-dlya.html
ортопедична подушка,6327,3139883702,Багатофункціональна ортопедична подушка-трансформер Memory Foam сіра / Подушка з регулюванням нахилу для спини та попереку,1639,1239,,0,Gipo,1621,True,https://prom.ua/ua/p3139883702-mnogofunktsionalnaya-ortopedicheskaya-podushka.html
ортопедична подушка,6327,3172508569,Подушка від болю в шиї з ефектом пам'яті для сну ортопедичні подушки великі з отвором для підтримки хребта,1649,1049,,0,"""Мені це потрібно""",87,True,https://prom.ua/ua/p3172508569-podushka-boli-shei.html
ортопедична подушка,6327,3124350645,Ортопедична подушка-трансформер для сну та відпочинку з регулюванням кута нахилу сіра Лучшая цена,784,,,0,Tobe,25894,True,https://prom.ua/ua/p3124350645-ortopedicheskaya-podushka-transformer.html
ортопедична подушка,6327,2481108490,Ортопедична подушка для тривалого сидіння на стілець під попу і сідниці з ефектом пам'яті для сидячої роботи,1030,930,4.3,6,MilitariPro,1170,True,https://prom.ua/ua/p2481108490-ortopedicheskaya-podushka-dlya.html
ортопедична подушка,6327,2722202870,Ортопедична подушка для сидіння під попу на крісло з ефектом пам'яті 46*36*7 см з вентиляцією Чорний,949,769,4.9,14,𝗖𝗥𝗔𝗚 𝗘𝗟𝗘𝗩𝗔𝗧𝗘 🔺,269,True,https://prom.ua/ua/p2722202870-ortopedicheskaya-podushka-dlya.html
ортопедична подушка,6327,2897837447,Ортопедична подушка для сну Memory Foam 50×30 см з ефектом пам'яті | подушка для шиї memory foam | подушка з піни memory foam,465,,4.4,8,MitsuMart,438,True,https://prom.ua/ua/p2897837447-ortopedicheskaya-podushka-dlya.html
ортопедична подушка,6327,2867116519,Ортопедична подушка для сну 70*42*6 см з двохстороннім ефектом памяті,699,,,0,⭐ROMIOLA⭐,156,True,https://prom.ua/ua/p2867116519-ortopedicheskaya-podushka-dlya.html
ортопедична подушка,6327,3159573902,"Ортопедична клинуватий подушка-трансформер для сну та відпочинку з регулюванням кута нахилу, сіра",800,,,0,Вас вітає інтернет магазин SvetOn!,52476,True,https://prom.ua/ua/p3159573902-ortopedicheskaya-klinovidnaya-podushka.html
ортопедична подушка,6327,3133343024,Подушка-трансформер для відпочинку Memory foam з ефектом пам'яті Ортопедичні подушки для різного положення сну Подушка під поперек,1640,1312,,0,FastCart,53,True,https://prom.ua/ua/p3133343024-podushka-transformer-dlya.html
ортопедична подушка,6327,1412422626,Подушка Лелека 50*70 - Ортопедична бязь,399,,5,1,Like Home - домашній затишок для всієї родини. Будьте як вдома 🤗,2342,True,https://prom.ua/ua/p1412422626-podushka-leleka-5070.html
ортопедична подушка,6327,3175098882,"Ортопедична подушка для сну при шийному остеохондрозі Malatec (Польща), Найкраща ортопедична подушка для сну, WQN",3140,1570,,0,HomeSpace,19,True,https://prom.ua/ua/p3175098882-ortopedicheskaya-podushka-dlya.html
ортопедична подушка,6327,1713223490,Комплект BEAUTY SET - ортопедичні подушки для сну на животі Beauty Balance® (Face Pillow №1 & Roller Pillow №2) тенсел блакитний,2380,1904,,0,PILLOWAY,171,True,https://prom.ua/ua/p1713223490-komplekt-beauty-set.html
ортопедична подушка,6327,2990226415,Ортопедична подушка для сну прямокутна з підтримкою шиї та спини дорослих подорожей медична найкраща Біло-сіра 48x74 см,798.57,559,,0,Family Store,24,True,https://prom.ua/ua/p2990226415-ortopedicheskaya-podushka-dlya.html
ортопедична подушка,6327,3001826359,Подушка ортопедична Ergo Foam з ефектом охолодження 60x40x13 см. Evva Gel,1638,,,0,KAYRA® - Таємниця вашого затишку,1351,True,https://prom.ua/ua/p3001826359-podushka-ortopedicheskaya-ergo.html
ортопедична подушка,6327,3007522618,Ортопедична подушка для сну на спині та боці з ефектом пам'яті меморі JoyPoint ергономічна memory foam гіпоалергенна анатомічна,1200,999,5,3,JoyPoint,360,True,https://prom.ua/ua/p3007522618-ortopedicheskaya-podushka-dlya.html
ортопедична подушка,6327,2992265685,Подушка ортопедична для ніг CONTOUR LEG PILLOW,312,212,,0,ShopMate,439,True,https://prom.ua/ua/p2992265685-podushka-ortopedicheskaya-dlya.html
ортопедична подушка,6327,3100081742,Ортопедична подушка для шиї та плечей 60×41 см анатомічна подушка для сну з ефектом пам яті,2398,1199,,0,trendshopp7,64,True,https://prom.ua/ua/p3100081742-ortopedicheskaya-podushka-dlya.html
ортопедична подушка,6327,3203266194,Ортопедична подушка для здорового сну з пам'яттю форми 50x29x10/7 см Зручна подушка з піни з ефектом пам'яті анатомічна,968,484,,0,Dlya Tebe Store,47,True,https://prom.ua/ua/p3203266194-ortopedicheskaya-podushka-dlya.html
корректор постави,6235,2293106529,"Коректор постави, розумний Корсет для спини та хребта з вібрацією Smart Sensor Corrector OG EL0227",113,,,0,ELEXION,12233,True,https://prom.ua/ua/p2293106529-korrektor-osanki-umnyj.html
корректор постави,6235,3152492572,Коректор постави з вібрацією / Розумний пояс підтримка спини / Корсет для хребта з USB зарядкою,145.20,137.94,,0,Talira — сучасний онлайн-магазин. Відправка Новою Поштою по Україні.,302,True,https://prom.ua/ua/p3152492572-korrektor-osanki-vibratsiej.html
корректор постави,6235,2903921127,"Коректор постави ортопедичний Aolikes Кільця Дельбе, реклінатор коректор для спини чоловічий жіночий дитячий, розмір універсальний",731,531,5,4,🛍️Zakupochka,412,True,https://prom.ua/ua/p2903921127-korrektor-osanki-ortopedicheskij.html
корректор постави,6235,2756224675,"Ортопедичний корсет та коректор постави для спини і хребта, підтримка та комфортне випрямлення, профілактика сутулості",500,250,4.1,7,МегаСтор,1698,True,https://prom.ua/ua/p2756224675-ortopedicheskij-korset-korrektor.html
корректор постави,6235,2236469505,"Еластичний коректор постави POSTURE , корсет для вирівнювання спини та розвантаження хребта S",220,193.60,4.3,10,Coverbag.ua,4907,True,https://prom.ua/ua/p2236469505-elastichnyj-korrektor-osanki.html
корректор постави,6235,2124655999,Коректор постави груднознева корсет для рівної спини дорослий ортопедичний для хребта NY-48,475,380,3.7,3,Siriys,865,True,https://prom.ua/ua/p2124655999-korrektor-osanki-grudopoyasnichnyj.html
корректор постави,6235,3157848824,Коректор постави ортопедичний реклінатор для спини хребта грудного відділу від сутулості для дітей та дорослих,650,455,1,1,Капка,216,True,https://prom.ua/ua/p3157848824-korrektor-osanki-ortopedicheskij.html
корректор постави,6235,1985811586,"Палиця для постави, коректор постави від сутулості допомагає полегшити біль у спині рожева",580,349,,0,Everyday Market,12924,True,https://prom.ua/ua/p1985811586-palka-dlya-osanki.html
корректор постави,6235,3167303841,Бюстгальтер-коректор постави Push-Up без кісточок із передньою застібкою,580,290,,0,Grand OPT,32,True,https://prom.ua/ua/p3167303841-byustgalter-korrektor-osanki.html
корректор постави,6235,2849675287,Коректор постави фіксатор корсет на шию бандаж універсальний NPK Premium 1 шт Сірий,950,646,5,1,ModixStore,79,True,https://prom.ua/ua/p2849675287-korrektor-osanki-fiksator.html
корректор постави,6235,3142257205,"Корсет для зменшення навантаження на спину, Коректор постави для чоловіків Коректор постави дітей UG-96",332,166,,0,"Інтернет Магазин ""Tano""",1263,True,https://prom.ua/ua/p3142257205-korrektor-osanki-elastichnyj.html
корректор постави,6235,3147564087,Коректор постави для правильного сидіння з регульованою фіксацією корсет для підтримки рівної спини,680,340,,0,🔱 «Iron Shop» Компетентність! Якість товару! Швидка відправка! ✅,422,True,https://prom.ua/ua/p3147564087-korrektor-osanki-dlya.html
корректор постави,6235,2316575782,"Корсет для корекції постави, розмір Універсальний / Бандаж для спини / Ортопедичний коректор постави",178.57,125,5,4,CoolCat,12468,True,https://prom.ua/ua/p2316575782-korset-dlya-korektsii.html
корректор постави,6235,3141221569,"Корсет для корекції постави при сколіозі, Ортопедичний чоловічий корсет, Дорослий коректор постави XR-15",484,242,,0,"Інтернет Магазин ""Tano""",1263,True,https://prom.ua/ua/p3141221569-korset-dlya-korrektsii.html
корректор постави,6235,1629806262,"Коректор постави, корсет для спини Premium Back Pain Need Help XL",599,,,0,Інтернет-магазин «Gadgetarium»,4190,True,https://prom.ua/ua/p1629806262-korrektor-osanki-korset.html
корректор постави,6235,2293110701,"Коректор постави, розумний Корсет для спини та хребта з вібрацією Smart Sensor Corrector OG LF227",73,,,0,LiviFine,3593,True,https://prom.ua/ua/p2293110701-korrektor-osanki-umnyj.html
корректор постави,6235,2457258961,Коректор постави випрямляч спини на стіл для письма та читання,940,620.40,,0,vosne.com.ua,1090,True,https://prom.ua/ua/p2457258961-korrektor-osanki-vypryamitel.html
корректор постави,6235,3113793220,Жіночий корсет для підтримки грудей з ремінцями / ефективний коректор постави для рівної спини та щоденного комфорту,309,259,,0,Gipo,1621,True,https://prom.ua/ua/p3113793220-zhenskij-korset-dlya.html
корректор постави,6235,2792145136,Коректор постави ортопедичний напівжорсткий для дорослих регульований,184,,,0,Webvegass,692,True,https://prom.ua/ua/p2792145136-korrektor-osanki-ortopedicheskij.html
корректор постави,6235,3184684715,Коректор постави ортопедичний / Корсет для корекції постави / Бандаж для спини / Коректор для спини,178.57,125,,0,Homstera,2308,True,https://prom.ua/ua/p3184684715-korrektor-osanki-ortopedicheskij.html
корректор постави,6235,2724360663,Коректор постави.Гаджет UPRIGHT GO 2.Made in USA (SV026),5799,,,0,GLUIT,45,False,https://prom.ua/ua/p2724360663-korrektor-osankigadzhet-upright.html
корректор постави,6235,3038751303,Корсет-коректор постави ортопедичний Back Pain Need Help Чорний,256,,,0,Товарик,49,True,https://prom.ua/ua/p3038751303-korset-korrektor-osanki.html
корректор постави,6235,1629806079,"Коректор постави, корсет для спини Back Pain Need Help XXXL",599,,3.5,2,Інтернет-магазин «Gadgetarium»,4190,True,https://prom.ua/ua/p1629806079-korrektor-osanki-korset.html
корректор постави,6235,3142074503,Коректор постави еластичний Xata XL регульований для спини та плечей,257.04,204,,0,XATA,622,True,https://prom.ua/ua/p3142074503-korrektor-osanki-elastichnyj.html
корректор постави,6235,2770757091,Розумний Коректор постави для моніторингу постави Smart ank-103843,648,324,5,2,🇺🇦ANKORA.COM.UA🇺🇦,3194,True,https://prom.ua/ua/p2770757091-rozumnij-korektor-postavi.html
корректор постави,6235,2236474591,"Еластичний коректор постави POSTURE , корсет для вирівнювання спини та розвантаження хребта XL",260,228.80,5,3,Coverbag.ua,4907,True,https://prom.ua/ua/p2236474591-elastichnyj-korrektor-osanki.html
корректор постави,6235,2244343854,Корсет для корекції постави чоловічий Коректор постави для чоловіків Back pain для правильної постави WSG,584,292,5,1,InSales,492,True,https://prom.ua/ua/p2244343854-korset-dlya-korrektsii.html
корректор постави,6235,2498341285,Корсет коректор постави Back Pain Need Help для вирівнювання спини та розвантаження хребта,241,,,0,BeeSimple,590,True,https://prom.ua/ua/p2498341285-korset-korrektor-osanki.html
корректор постави,6235,2825127818,Стабілізатор спини для підтримки постави Royal,237,191.97,5,1,MyTorg-ukr,7189,True,https://prom.ua/ua/p2825127818-stabilizator-spini-dlya.html
корректор постави,658,2011864707,Коректор постави дитячий Алком 1030,1335,,,0,Медтехніка Medzabota.com.ua,1485,True,https://prom.ua/ua/p2011864707-korektor-postavi-dityachij.html
корректор постави,658,2337856993,Регулируемый корректор осанки STRAIGHT эластичный корсет для исправления кривизны позвоночника и разгрузки qwr,99,,,0,Bigshop,423,True,https://prom.ua/ua/p2337856993-reguliruemyj-korrektor-osanki.html
корректор постави,658,2076982150,Коректор постави Spine performance pro корсет для спини,299,,,0,ИНТЕРНЕТ-МАРАФЕТ,853,True,https://prom.ua/ua/p2076982150-korektor-postavi-spine.html
корректор постави,658,2511564578,Коректор постави Hunchback correction suit HXY-16,280,,5,1,ИНТЕРНЕТ-МАРАФЕТ,853,True,https://prom.ua/ua/p2511564578-korektor-postavi-hunchback.html
корректор постави,658,2615054507,Корсет коректор постачання Back Pain NY Розмір XXL 110-125 см.,299,,,0,ИНТЕРНЕТ-МАРАФЕТ,853,True,https://prom.ua/ua/p2615054507-korset-korektor-postavi.html
корректор постави,658,1834487701,Корсет коректор постави для спини універсальний магнітний - Royal Posture,592,,,0,Подарунки  𝓈𝒹𝓊𝓈𝒽𝑜𝒾 для Вас!!!,926,True,https://prom.ua/ua/p1834487701-korset-korektor-postavi.html
корректор постави,658,2184948498,Магнітний Коректор постави Posture Corrector FDA Approved універсальний корсет,660,,,0,Подарунки  𝓈𝒹𝓊𝓈𝒽𝑜𝒾 для Вас!!!,926,True,https://prom.ua/ua/p2184948498-magnitnij-korektor-postavi.html
корректор постави,658,3055239931,"""ReMED"" R2201 Коректор постави еластичний дитячий p. S",885,,,0,Медтехніка Буковина,31,True,https://prom.ua/ua/p3055239931-remed-r2201-korektor.html
корректор постави,658,3055239932,"""ReMED"" R2201 Коректор постави еластичний дитячий p. M",885,,,0,Медтехніка Буковина,31,True,https://prom.ua/ua/p3055239932-remed-r2201-korektor.html
корректор постави,658,3055239933,"""ReMED"" R2201 Коректор постави еластичний дитячий p. L",885,,,0,Медтехніка Буковина,31,True,https://prom.ua/ua/p3055239933-remed-r2201-korektor.html
корректор постави,658,3055239934,"""ReMED"" R2204 Коректор постави середньої фіксації дитячий p.S",1550,,,0,Медтехніка Буковина,31,True,https://prom.ua/ua/p3055239934-remed-r2204-korektor.html
корректор постави,658,3055241341,"""АЛКОМ"" 1020 (36см) Корсет для корекції постави жорсткий р.2 (65-80см)",1770,,,0,Медтехніка Буковина,31,True,https://prom.ua/ua/p3055241341-alkom-1020-36sm.html
корректор постави,658,2120066512,Коректор постави універсальний чоловічий розмір Л 61-82кг. Корсет ортопедичний для спини,1171,353,4,2,Tik Top Shop,2143,True,https://prom.ua/ua/p2120066512-korektor-postavi-universalnij.html
корректор постави,658,2546305914,"Корректор осанки с вибрацией Smart Sensor Corrector Серый корсет для спины, пояс для коррекции осанки eps",574.80,479,,0,dally-shop,327,True,https://prom.ua/ua/p2546305914-korrektor-osanki-vibratsiej.html
корректор постави,658,3185229900,Коректор постави ортопедичний регульований для підтримки спини та плечей L S M XL 2XL 3XL,445,356,,0,Siriys,865,True,https://prom.ua/ua/p3185229900-korrektor-osanki-ortopedicheskij.html
корректор постави,658,2731142707,"Коректор постави шиї, бандаж шийний, воротник для фіксації, витягнення хребта, від остеохондрозу",447,,,0,AutoBaza - Товари для автомобілей та життя,2208,True,https://prom.ua/ua/p2731142707-korrektor-osanki-shei.html
корректор постави,658,2037649538,Розумний коректор постави для спини з вібрацією Ortop Smat корсет від сутулості з датчиком неправильного положення,484,179,,0,⚡️ 𝐆𝐫𝐚𝐧𝐝𝐌𝐚𝐫𝐤𝐞𝐭 ⚡️ – Трендові товари за найнижчими цінами,6373,True,https://prom.ua/ua/p2037649538-umnyj-korrektor-osanki.html
корректор постави,658,2077734343,"Розумний коректор постави для спини з вібрацією, Корсет від сутулості з датчиком неправильного положення",364,160,,0,⚡️ 𝐆𝐫𝐚𝐧𝐝𝐌𝐚𝐫𝐤𝐞𝐭 ⚡️ – Трендові товари за найнижчими цінами,6373,True,https://prom.ua/ua/p2077734343-umnyj-korrektor-osanki.html
корректор постави,658,2355880768,Коректор постави з регульованими лямками та універсальним розміром Smart Sensor Corrector S02-NM0,485,247,,0,Шем,362,True,https://prom.ua/ua/p2355880768-korrektor-osanki-reguliruemymi.html
корректор постави,658,1877604862,Коректор постави Smart Sensor Corrector із вібраційним масажем NMS200,490,248,,0,Маст Україна,696,True,https://prom.ua/ua/p1877604862-korrektor-osanki-smart.html
корректор постави,658,2499597996,"Корсет для спини power magnetic Smart Senssor Corrector, Коригуючий коректор LV-827 для спини",534,,,0,HotMarket,99,True,https://prom.ua/ua/p2499597996-korrektor-dlya-osanki.html
корректор постави,658,3055241342,"""АЛКОМ"" 1020 (44см) Корсет для корекції постави жорсткий р.4 (91-100см)",1770,,,0,Медтехніка Буковина,31,True,https://prom.ua/ua/p3055241342-alkom-1020-44sm.html
корректор постави,658,3100066124,Коректор постави WEIO з регульованим ременем дихаючий для спини та плечей розмір L чорний,789,,,0,Spot,1796,False,https://prom.ua/ua/p3100066124-korrektor-osanki-weio.html
корректор постави,658,3185231225,Корсет для корекції постави еластичний регульований для спини L S M XL 2XL 3XL,440,352,,0,Siriys,865,True,https://prom.ua/ua/p3185231225-korset-dlya-korrektsii.html
корректор постави,658,3185232892,Ортопедичний коректор постави універсальний м'який корсет для спини L S M XL 2XL 3XL,435,348,,0,Siriys,865,True,https://prom.ua/ua/p3185232892-ortopedicheskij-korrektor-osanki.html
корректор постави,658,2061701007,"Корсет для спини та хребта, коректор постави Nuoyi Miao Smart, Ортопедичний коректор постави TCH",397,143,,0,⚡️ 𝐆𝐫𝐚𝐧𝐝𝐌𝐚𝐫𝐤𝐞𝐭 ⚡️ – Трендові товари за найнижчими цінами,6373,True,https://prom.ua/ua/p2061701007-korset-dlya-spiny.html
корректор постави,658,2061701008,"Коректор постави STRAIGHT Z2-4621 зелений, Корсет для виправлення кривизни хребта і розвантаження спини YLW",305,119,4,1,⚡️ 𝐆𝐫𝐚𝐧𝐝𝐌𝐚𝐫𝐤𝐞𝐭 ⚡️ – Трендові товари за найнижчими цінами,6373,True,https://prom.ua/ua/p2061701008-korrektor-osanki-straight.html
корректор постави,658,3027789099,Корсет для вирівнювання спини хребта коректор постави Nuoyi miao smart senssor corrector M-8800 Рожевий,207,159,,0,BMP-STORE Інтернет магазин,398,True,https://prom.ua/ua/p3027789099-elektronnyj-korrektor-osanki.html
корректор постави,658,1777553223,Коректор постави жорсткої фіксації Toros-Group Тип 657,3290,,,0,Медтехніка ZENET,900,True,https://prom.ua/ua/p1777553223-korrektor-osanki-zhestkoj.html
лампа від комарів,3215,1793899505,Лампа від комарів протимоскітна 9 Вт,227.50,204.75,5,1,v-sezone,2549,True,https://prom.ua/ua/p1793899505-lampa-komarov-protivomoskitnaya.html
лампа від комарів,3215,2679007904,Садова лампа від комарів CONOPU 18 Вт,1035,,,0,GAZIK,373,True,https://prom.ua/ua/p2679007904-sadova-lampa-vid.html
лампа від комарів,3215,3091451745,Акумуляторна ультрафіолетова лампа від комарів портативна електрична антимоскітна пастка для комах 5 Вт безшумний знищувач комах,400,200,4.3,20,S-Market,807,True,https://prom.ua/ua/p3091451745-akkumulyatornaya-ultrafioletovaya-lampa.html
лампа від комарів,3215,1418109364,Лампа інсектицидний знищувач комах ультрафіолетова,349,199,1,2,Wellamart,5054,True,https://prom.ua/ua/p1418109364-lampa-insektitsidnyj-unichtozhitel.html
лампа від комарів,3215,3077192387,"Лампа електрична для знищення комах у квартирі, ультравіолетова лампа від комарів з ручкою, знищувач комарів на батареї",588,488,5,5,BuyZone,285,True,https://prom.ua/ua/p3077192387-lampa-elektricheskaya-dlya.html
лампа від комарів,3215,2626555265,"Антимоскітна лампа від комарів LTX-01, від мережі 220В (Електрична пастка для комарів)",165,118.80,4.8,6,Інтернет-магазин Bigs,3352,True,https://prom.ua/ua/p2626555265-antimoskitnaya-lampa-komarov.html
лампа від комарів,3215,3100888183,"Лампа-світильник від комарів LY-851 з акумулятором 4000 mAh, UV-світло, USB, 5 Вт",390,312,,0,Агро Драйв,251,True,https://prom.ua/ua/p3100888183-lampa-svetilnik-komarov.html
лампа від комарів,3215,3126574208,Антимоскітна лампа акумуляторна від комах комарів для риболовлі BUN-3111,1036,518,,0,Buntar,20,True,https://prom.ua/ua/p3126574208-anti-moskitnaya-lampa.html
лампа від комарів,3215,2644029571,Портативна лампа від комарів Mosquito Killing Lamp 4053 працює від USB 2 Вт Чорний,225,,4.4,25,"Інтернет-магазин  ""Mak7""",3430,True,https://prom.ua/ua/p2644029571-portativnaya-lampa-komarov.html
лампа від комарів,3215,3043548285,"Електрична антимоскітна лампа UV від комарів USB знищувач комах для дому, саду та тераси",300,150,4,1,luck.store,291,True,https://prom.ua/ua/p3043548285-elektricheskaya-antimoskitnaya-lampa.html
лампа від комарів,3215,2626169304,"Антимоскітна пастка для комарів DW-777, 220V (Лампочка від комарів, знищувач комах)",165,118.80,5,1,Інтернет-магазин Megusta,5918,True,https://prom.ua/ua/p2626169304-antimoskitnaya-lovushka-dlya.html
лампа від комарів,3215,3050774948,Лампа пастка від комарів мошок і комах з ультрафіолетовою підсвіткою USB-знищувач літальних від мережі,580,290,,0,SuperShop,912,True,https://prom.ua/ua/p3050774948-lampa-lovushka-komarov.html
лампа від комарів,3215,2348864305,"Антимоскітна лампа від комарів YG-002 (1200mAH) GREEN, Li-Ion акумулятор, ЗУ Type-C",196,,,0,Інтернет магазин Маячок,4493,True,https://prom.ua/ua/p2348864305-antimoskitna-lampa-vid.html
лампа від комарів,3215,2289767127,Електрична лампа пастка від комарів Electric Shock Mosquito Lamp SV227,372,,4.7,15,SevenHome,22811,True,https://prom.ua/ua/p2289767127-elektricheskaya-lampa-lovushka.html
лампа від комарів,3215,3140602591,"Лампа від комарів Electric Shock C12 з УФ-підсвічуванням та електросіткою, USB пастка для мух і мошок, нічник 5 Вт",215,150.50,3,2,"SUPERSHOP супер ціни, супер вибір, супер покупки!",16941,True,https://prom.ua/ua/p3140602591-lampa-komarov-electric.html
лампа від комарів,3215,1634548619,Лампа від комарів світлодіодна Lemanso 6W. Антимоскатна лампа від комарів,145,,,0,DaSoN,3112,True,https://prom.ua/ua/p1634548619-lampa-komarov-svetodiodnaya.html
лампа від комарів,3215,1414724826,Лампа ультрафіолетова для знищувача комах(електро мухобійка) на 100 м2,143,,5,4,"""РСТ""",1126,True,https://prom.ua/ua/p1414724826-lampa-ultrafioletovaya-dlya.html
лампа від комарів,3215,2457912977,Світлодіодна лампа від комарів,215,,,0,Покупон,313,False,https://prom.ua/ua/p2457912977-svetodiodnaya-lampa-komarov.html
лампа від комарів,3215,2259632928,"Знищувач комах, ультрафіолетова лампа від мух та комарів Esperanza (12 Вт, до 50м²)",1160,,4.6,14,Euroteh,715,True,https://prom.ua/ua/p2259632928-unichtozhitel-nasekomyh-ultrafioletovaya.html
лампа від комарів,3215,3043430996,"Антимоскітна лампа USB від комарів та комах | Електрична пастка 360° для дому, дачі та кемпінгу",280,140,,0,ТехноUA,55,True,https://prom.ua/ua/p3043430996-antimoskitnaya-lampa-usb.html
лампа від комарів,3215,3099348986,"Лампа від комарів, молі, мух, ос Repest 21206",1280,,5,1,DIVISION,116,True,https://prom.ua/ua/p3099348986-lampa-vid-komariv.html
лампа від комарів,3215,3091005678,Лампа від комарів та інших комах акумуляторна від USB знищувач комах,160,,5,1,vsehoztovari,895,True,https://prom.ua/ua/p3091005678-lampa-komarov-drugih.html
лампа від комарів,3215,2246493561,Антимоскітна лампа від комарів для знищення комах USB від комах фумігатор,240,144,,0,⭐️⭐️⭐️buy online shop,1813,True,https://prom.ua/ua/p2246493561-antimoskitnaya-lampa-komarov.html
лампа від комарів,3215,3153017996,НОВИНКА! Лампа від комарів електрична 30 Вт мухоловка знищувач комах,1208,,,0,A M B E R,4,True,https://prom.ua/ua/p3153017996-novinka-lampa-vid.html
лампа від комарів,3215,2311933802,Антикомаріяна світлодіодна лампа вбивця для знищення комарів електричний шок пристрій від мух у дім RZV,658,329,5,1,🔱 «Techno Imperia» Компетентність! Якість товару! Швидка відправка! ✅,172,True,https://prom.ua/ua/p2311933802-antikomarinaya-svetodiodnaya-lampa.html
лампа від комарів,3215,3117802497,Портативна акумуляторна лампа від комарів з ультрафіолетовим світлом,495,440,,0,SHOPSALE,502,True,https://prom.ua/ua/p3117802497-portativnaya-akkumulyatornaya-lampa.html
лампа від комарів,3215,55467949,Лампа відлякувача комах від акумулятора Electric Shock Moscquito Lamp з електричним струмом,245,,5,1,"Інтернет магазин ""Потрібні покупки""",9953,True,https://prom.ua/ua/p55467949-lampa-otpugivatel-nasekomyh.html
лампа від комарів,3215,2623354951,"Електро лампа від мух, мошок, комарів Vayox IK-40W 180 кв. м 40 Вт 4500 В (Niz16840)",2185,2100,,0,Neohome | Товари для дому та дачі,1303,True,https://prom.ua/ua/p2623354951-elektro-lampa-muh.html
лампа від комарів,3215,3066812102,"Знищувач комарів потужний електричний 30W UV LED лампа пастка для мух, мошок та москітів 220В чорна підвішувана",999,,5,2,Рокаток,2961,True,https://prom.ua/ua/p3066812102-unichtozhitel-komarov-moschnyj.html
лампа від комарів,3215,2242705915,Лампа від комарів знищувач для комах Electrik Shock Електрична пастка для комах,305,195,5,1,Prime Choice - Кращий вибір,6502,True,https://prom.ua/ua/p2242705915-lampa-komarov-unichtozhitel.html
лампа від комарів,3215,3054853957,Протимоскітна лампа Led-лампа від комарів акумуляторна Електрична пастка для комах,420,336,,0,FastCart,53,True,https://prom.ua/ua/p3054853957-protivomoskitnaya-lampa-led.html
лампа від комарів,3215,2305051242,Портативна лампа від комарів USB з акумулятором 4000 мАг Чорний,390,,5,1,WOW_shop_lv,514,True,https://prom.ua/ua/p2305051242-portativnaya-lampa-komarov.html
лампа від комарів,3215,2625899080,"Лампа від комарів вулична на сонячній батареї, 19x13см (Садова електрична пастка для комарів)",650,468,3,2,Інтернет-магазин Bigs,3352,True,https://prom.ua/ua/p2625899080-lampa-komarov-ulichnaya.html
лампа від комарів,3215,3027769629,Металева LED лампа-знищувач комах 30W / ультрафіолетова пастка від комарів та мух із захисною решіткою 540х255 мм,1549,1149,,0,Інтернет магазин Gipo,1008,True,https://prom.ua/ua/p3027769629-metallicheskaya-led-lampa.html
лампа від комарів,3215,3152552389,Електрична УФ-лампа Mosquito Killer для захисту від комарів і комах із нічником і ловицею,2153,1076.50,,0,ANTIMIX,66,True,https://prom.ua/ua/p3152552389-elektricheskaya-lampa-mosquito.html
лампа від комарів,3215,1854083854,"Лампа від комарів ""Mosquito small night lamp"" Рожева, лампа знищувач комах 220В (уничтожитель насекомых)",123.75,99,,0,💙💛Інтернет-магазин NaVubir - navubir.com.ua 🎁% 🚚 ⤵,1171,True,https://prom.ua/ua/p1854083854-lampa-komarov-mosquito.html
лампа від комарів,3215,2479515688,"Ультрафіолетова лампа від комах, Елекетрична пастка для комарів, Лампа-світильник від комарів похідна, Лампа-світильник від комарі",466,233,1,2,BigSmile.UA,2333,True,https://prom.ua/ua/p2479515688-ultrafioletovaya-lampa-nasekomyh.html
лампа від комарів,3215,2111685151,"Електрична USB пастка лампа від мошок та комарів, зелена",345,,,0,KiKi.com.ua,1759,True,https://prom.ua/ua/p2111685151-elektricheskaya-usb-lovushka.html
лампа від комарів,3215,3020170741,Ультрафіолетова лампа від комах Мухоловка Adler AD 7940 Електрична пастка для комарів Відлякувач комах,1800,1440,5,1,Host_Shop,720,True,https://prom.ua/ua/p3020170741-ultrafioletovaya-lampa-nasekomyh.html
лампа від комарів,3215,3072989612,"Якісна електрична лампа від комарів USB Mosquito Killer Lamp (2000V, 2.5W)",449,,,0,Pulse,92,False,https://prom.ua/ua/p3072989612-kachestvennaya-elektricheskaya-lampa.html
лампа від комарів,3215,2864998828,Лампа від комарів WT-T30 White,902,721.60,,0,"Things – усе, що потрібно, під рукою",340,True,https://prom.ua/ua/p2864998828-lampa-komarov-t30.html
лампа від комарів,3215,3093082739,Лампа-пастка для боротьби з комахами із зарядкою USB Антимоскітна лампа від комарів електрична,718,359,,0,"""SAPSAP""- інтернет магазин",4256,True,https://prom.ua/ua/p3093082739-lampa-lovushka-dlya.html
лампа від комарів,3215,2781750803,Електрична ультрафіолетова лампа від комарів та комах BugFree Light Чорного кольору,745,596,,0,Allmart,122,True,https://prom.ua/ua/p2781750803-elektricheskaya-ultrafioletovaya-lampa.html
лампа від комарів,3215,2228394113,"Лампа проти комарів Zapp Light Антимоскітна лампа від комах, світлодіодна лампа знищувач комах,! Якісний",380.30,266.21,,0,Топ Шоп,689,True,https://prom.ua/ua/p2228394113-lampa-komarov-zapp.html
лампа від комарів,3215,2106068035,"Лампа проти комарів Zapp Light Антимоскітна лампа від комах, світлодіодна лампа знищувач комах,! найкращий",379.20,265.44,,0,Centrals,354,True,https://prom.ua/ua/p2106068035-lampa-komarov-zapp.html
лампа від комарів,3215,1157034263,"Світлодіодна протимоскітна лампа принада від комах (комарів, мух, мошок) Zapp Light 60 Вт",170,,2,3,"Інтернет-магазин  ""Mak7""",3430,True,https://prom.ua/ua/p1157034263-svetodiodnaya-protivomoskitnaya-lampa.html
лампа від комарів,3215,1434517184,Лампа від комарів Nova NV-818 Mosquito Killing Lamp,290,,,0,Інтернет-магазин Khoztovar.com.ua,10006,True,https://prom.ua/ua/p1434517184-lampa-komarov-nova.html
лампа від комарів,3215,3091491817,"Електричний знищувач комах від USB Mosquito Swatter UKC 3945 | Лампа-пастка від комарів та мух з УФ-світлом (Електромухобойка), Чо",399,,5,1,MSN,16,True,https://prom.ua/ua/p3091491817-elektricheskij-unichtozhitel-nasekomyh.html
лампа від комарів,3215,3154978036,Лампа від комарів WT-T30 електрична для захисту від комах на вулиці та в приміщенні,1306,816,,0,HomeMix Market,480,True,https://prom.ua/ua/p3154978036-lampa-komarov-t30.html
лампа від комарів,3215,2644029572,Портативна лампа від комарів з акумулятором 2000 мАг Mosquito Lamp 4055 USB з нічником 5 Вт Чорний,225,,5,1,"Інтернет-магазин  ""Mak7""",3430,True,https://prom.ua/ua/p2644029572-portativnaya-lampa-komarov.html
лампа від комарів,3215,2606984964,Антимоскітна лампа від комарів з турбінним всмоктуванням USB,350,,,0,СТКарс,1966,True,https://prom.ua/ua/p2606984964-antimoskitnaya-lampa-komarov.html
лампа від комарів,3215,3098894965,"Акумуляторна мухобійка USB з УФ лампою, ракетка від комарів та мух, знищувач комах Mosquito Killer",325,,,0,NEFORMAT MAGAZ,2092,True,https://prom.ua/ua/p3098894965-akkumulyatornaya-muhobojka-usb.html
лампа від комарів,3215,2692740722,Світлодіодна лампа від комарів із живленням від USB,860,,,0,КЕГ (Карпатська Енергетична Група),119,True,https://prom.ua/ua/p2692740722-svetodiodnaya-lampa-komarov.html
лампа від комарів,3215,2588756786,"Електро лампа від мух, мошок, комарів Maltec MasterKiller 40 Вт 3800 В (TPiz16687)",3012,2850,5,1,TopPrice | Товари за ТОП-ціною,931,True,https://prom.ua/ua/p2588756786-elektro-lampa-muh.html
лампа від комарів,3215,2624421467,Багатофункціональна кемпінгова лампа від комарів на дві пластини з штативом Green,1200,720,,0,Trip_UA,300,True,https://prom.ua/ua/p2624421467-mnogofunktsionalnaya-kempingovaya-lampa.html
лампа від комарів,3215,2599887638,Лампа для знищення комах USB Camping Mosquito Lamp MA553 YU227,231,,5,1,YouShine,7040,True,https://prom.ua/ua/p2599887638-lampa-dlya-unichtozheniya.html
лампа від комарів,3215,3119821547,"Лампа антимоскітна проти комах E663 для ефективного захисту від комарів, мух, мошок та інших комах",315,252,,0,Smile Mobile,9022,True,https://prom.ua/ua/p3119821547-lampa-antimoskitnaya-nasekomyh.html
лампа від комарів,3215,3093148094,Електрична LED лампа від комарів Акумуляторна/ Знищувач комах/Лампа від комах,890,445,5,1,"""Need Shop""- інтернет-магазин",4162,True,https://prom.ua/ua/p3093148094-elektricheskaya-led-lampa.html
тримач для телефона в авто,6631,2655602710,"Тримач магнітний для телефону на липучці на панель в машину, універсальний з силіконовою накладкою",230,,4.6,7,Toy Joy,1028,True,https://prom.ua/ua/p2655602710-derzhatel-magnitnyj-dlya.html
тримач для телефона в авто,6631,1386392765,Тримач для телефону в авто на прищіпці / Підставка для телефону в машину / Тримач телефону в авто на торпеду /Автомобільний тримач,250,184,3.7,23,Shopka.com.ua,6523,True,https://prom.ua/ua/p1386392765-derzhatel-dlya-telefona.html
тримач для телефона в авто,6631,1554564587,Магнітний тримач для телефона в авто телескопічний Borofone Оригінал,500,350,5,4,Glebo Shop,1586,True,https://prom.ua/ua/p1554564587-magnitnyj-derzhatel-dlya.html
тримач для телефона в авто,6631,2205629126,ТРИМАЧ ДЛЯ ТЕЛЕФОНУ В АВТО НА ПРИЩІПЦІ,350,175,4.1,18,ORANGE STORE,226,True,https://prom.ua/ua/p2205629126-derzhatel-dlya-telefona.html
тримач для телефона в авто,6631,2823679912,Вакуумний магнітний тримач для телефону в авто універсальне кріплення з потужною присоскою,500,299,5,6,Kapi інтернет-магазин,411,True,https://prom.ua/ua/p2823679912-vakuumnyj-magnitnyj-derzhatel.html
тримач для телефона в авто,6631,2827045346,"Тримач для телефону в авто на панель/скло 360° обертання, анти-тряска, для смартфонів",299,,4,5,accs.cars,177,True,https://prom.ua/ua/p2827045346-derzhatel-dlya-telefona.html
тримач для телефона в авто,6631,2575220838,Тримач для планшета в салоні авто на панель або скло кріплення підставка для планшетів в машину Hoco,620,434,5,10,Shop Ist,1731,True,https://prom.ua/ua/p2575220838-derzhatel-dlya-plansheta.html
тримач для телефона в авто,6631,2794352859,Вакуумний магнітний тримач для телефону в авто з MagSafe на присосці,150,,3.2,9,Drag-auto,1595,True,https://prom.ua/ua/p2794352859-vakuumnyj-magnitnyj-derzhatel.html
тримач для телефона в авто,6631,1672971459,"Магнітний тримач для телефону в авто автотримач гнучкий, автомобільне магнітне кріплення для телефону",490,343,5,2,"""TREND-ENERGY"" Інтернет-магазин аксесуарів до смартфонів та комп'ютерів",3605,True,https://prom.ua/ua/p1672971459-magnitnyj-derzhatel-dlya.html
тримач для телефона в авто,6631,1567489035,"Тримач HOLDER car Dashboard, Автотримач для телефону, Кронштейн для телефону в авто",294,159,,0,🌟 𝐏𝐑𝐈𝐌𝐈𝐍𝐆 🌟 – Ексклюзивні товари преміум-якості від офіційного дистриб'ютора!,5305,True,https://prom.ua/ua/p1567489035-derzhatel-holder-car.html
тримач для телефона в авто,6631,2458858413,Автомобільний тримач телефона у дефлектор. Тримач телефону в автомобіль,130,,4.7,50,Drag-auto,1595,True,https://prom.ua/ua/p2458858413-avtomobilnyj-derzhatel-telefona.html
тримач для телефона в авто,6631,2111267810,"Автотримач для телефону Hoco CA79 чорний магніт, Магнітний тримач для телефону в автомобіль",87.12,,5,1,SAMEVIN - оптово-роздрібний інтернет-магазин,2742,False,https://prom.ua/ua/p2111267810-avtoderzhatel-dlya-telefona.html
тримач для телефона в авто,6631,856329815,Магнітний тримач для телефона в автомобіль «Hoco H30» 360 градусів (чорний),219,179,5,1,Traffic Store,5090,True,https://prom.ua/ua/p856329815-magnitnyj-derzhatel-dlya.html
тримач для телефона в авто,6631,2639938534,Магнітний тримач для телефону TOPK. Магнітне кріплення для телефона в автомобілі. Для iPhone та андроїд,380,350,5,3,Gadget Land,273,True,https://prom.ua/ua/p2639938534-magnitnyj-derzhatel-dlya.html
тримач для телефона в авто,6631,2667874263,Вакуумний магнітний тримач для телефона в автомобіль,349,296.65,4.1,11,accs.cars,177,True,https://prom.ua/ua/p2667874263-vakuumnyj-magnitnyj-derzhatel.html
тримач для телефона в авто,6631,1558907587,"Тримач для телефону в машину Car Dashboard, Чорний кріплення - автомобільний тримач для телефону на торпеду",206.25,165,,0,💙💛 Інтернет-супермаркет Все буде файно!🚚⤵,470,True,https://prom.ua/ua/p1558907587-derzhatel-dlya-telefona.html
тримач для телефона в авто,6631,2344886172,Тримач для телефону в авто автомобільний автодержатель підставка кріплення для айфона в машину 15w,829,646.62,,0,zybi_zyb_lviv,428,True,https://prom.ua/ua/p2344886172-derzhatel-dlya-telefona.html
тримач для телефона в авто,6631,2315321703,"Тримач телефона в автомобіль HOCO Touareg CA76 на присоску на панель або лобове скло, поворот 360°, для смартфонів 4.5-6.5",214.94,211.99,4.8,37,"Інтернет-магазин ""inKin""",1776,True,https://prom.ua/ua/p2315321703-derzhatel-telefona-avtomobil.html
тримач для телефона в авто,6631,2613883986,Тримач для телефону в авто з бездротовою зарядкою 15W гравітаційний затиск кріплення в повітропровід Baseus,1200,840,5,1,"""TREND-ENERGY"" Інтернет-магазин аксесуарів до смартфонів та комп'ютерів",3605,True,https://prom.ua/ua/p2613883986-derzhatel-dlya-telefona.html
тримач для телефона в авто,6631,3130017306,"Тримач для телефону в авто Q3 з бездротовою зарядкою 15W, автоматичний",630,,,0,ФОП Александрова Ірина Анатоліївна,1889,True,https://prom.ua/ua/p3130017306-derzhatel-dlya-telefona.html
тримач для телефона в авто,6631,2567426004,Тримач для телефона гнучкий в авто на присосці Автотримач універсальний на лобове скло і торпедо затискний поворотний,450,315,5,8,Glebo Shop,1586,True,https://prom.ua/ua/p2567426004-derzhatel-dlya-telefona.html
тримач для телефона в авто,6631,1882988265,"Магнітний тримач для телефона в авто 6*4*3,5 см",124.60,,,0,Hozmagazin,2492,True,https://prom.ua/ua/p1882988265-magnitnyj-derzhatel-dlya.html
тримач для телефона в авто,6631,3099587284,"Автомобільний тримач для телефону Пума золотий горизонтальний тримач для смартфона в авто, ABS пластик і силікон, 14×8 см",299,,,0,Mega Shop,14,True,https://prom.ua/ua/p3099587284-avtomobilnyj-derzhatel-dlya.html
тримач для телефона в авто,6631,3052708399,Преміум автотримач з бездротовою зарядкою Q3 (Blue) тримач для телефону в авто Qi Wireless Charger,899,649,5,2,Enigma,1016,True,https://prom.ua/ua/p3052708399-premium-avtoderzhatel-besprovodnoj.html
тримач для телефона в авто,6631,3046995398,Тримач для телефону в авто на прищіпці,200,180,4,1,Den$hop,1292,True,https://prom.ua/ua/p3046995398-derzhatel-dlya-telefona.html
тримач для телефона в авто,6631,2912277189,Тримач для телефона в автомобіль із двома кріпленнями універсальний складаний чорний із пластику для пристроїв 5 дюймів,581,363,,0,HomeMix Market,480,False,https://prom.ua/ua/p2912277189-derzhatel-dlya-telefona.html
тримач для телефона в авто,6631,2913687962,"Автотримач UGREEN Gravity в дефлектор, гравітаційний тримач для телефону в авто",690,645,,0,MAVo,82,False,https://prom.ua/ua/p2913687962-avtoderzhatel-ugreen-gravity.html
тримач для телефона в авто,6631,2885047177,"Магнітний автотримач з бездротовою зарядкою MagSafe HOCO CA91 на дефлектор, тримач для телефону в авто 15W, підставка зарядка",999,,,0,White Market - супермаркет корисних товарів,263,False,https://prom.ua/ua/p2885047177-magnitnyj-avtoderzhatel-besprovodnoj.html
тримач для телефона в авто,6631,3190189295,Магнітний тримач VICSEED ZJ10 в авто для телефону iPhone 17/16/15/14/13/12 Pro Max Mini,1499,,,0,iHelper.vn,574,True,https://prom.ua/ua/p3190189295-magnitnij-trimach-vicseed.html
тримач для телефона в авто,6631,2502789019,Паркувальна табличка автовізитка 3в1 з номером телефону і ароматизатором для авто сірий,339,235,5,1,КІВІ,466,True,https://prom.ua/ua/p2502789019-parkovochnaya-tablichka-avtovizitka.html
тримач для телефона в авто,6631,2910659610,Тримач для телефону універсальний в автомобіль (кріплення на скло + в дефлектор),320,215,5,9,Цитадель,3291,True,https://prom.ua/ua/p2910659610-derzhatel-dlya-telefona.html
тримач для телефона в авто,6631,2032988506,Автомобільний тримач для планшета та телефона в машину на торпедо та скло Hoco CA120 Prospering універсальний автотримач,400,,5,2,"""Місто Гаджетів"" інтернет магазин",674,True,https://prom.ua/ua/p2032988506-avtomobilnyj-derzhatel-dlya.html
тримач для телефона в авто,6631,1029986117,Магнітний тримач для телефону в машину M-04 Silver [N40 | N25 | Nd2Fe14B],299,,,0,niCo,2119,True,https://prom.ua/ua/p1029986117-magnitnyj-derzhatel-dlya.html
тримач для телефона в авто,6631,2989616251,"Магнітний тримач для телефону в авто на дефлектор і решітку XO C55B, Чорний",121,,,0,Innerclubs,791,True,https://prom.ua/ua/p2989616251-magnitnyj-derzhatel-dlya.html
тримач для телефона в авто,6631,2672441169,"Тримач для планшета телефона в авто на підголівник IP3-HR02 [для iPad, Samsung та ін. | 4.7 12,9 | 360° | протиковзкий]",744,,,0,niCo,2119,True,https://prom.ua/ua/p2672441169-derzhatel-dlya-plansheta.html
тримач для телефона в авто,6631,3183411989,"Тримачі для телефонів в автомобіль Hoco, Авто кріплення для смартфона, Авто тримач смартфона, XKQ",1552,776,,0,ZELIN,6,True,https://prom.ua/ua/p3183411989-avto-kreplenie-dlya.html
тримач для телефона в авто,6631,2592428073,Гравітаційний Тримач для Телефону в Машину Baseus Metal Age 2 в Повітропровід Підставка для Телефона в Авто на Дефлектор,440,,,0,Autopulse,150,False,https://prom.ua/ua/p2592428073-gravitatsionnyj-derzhatel-dlya.html
тримач для телефона в авто,6631,3151558405,"Автомобільний тримач смартфона Hoco, Підставка для телефону в машину на присосці, Тримач для мобільного телефона в авто, NQE",3087,1713,,0,ПобудON,5,True,https://prom.ua/ua/p3151558405-derzhatel-dlya-mobilnogo.html
тримач для телефона в авто,6631,2089823451,"Тримач для телефона в авто на дефлектор (воздуховод) Metal Age 2 Gravity Air Outlet Car Mount, Baseus SUJS000001",444,,5,1,AvtoVibe,2340,True,https://prom.ua/ua/p2089823451-derzhatel-dlya-telefona.html
тримач для телефона в авто,6631,3174706077,"Тримач для телефону в авто Little One 5 гравітаційний, на дефлектор повітря, поворотний механізм, чорний! найкращий",140,,,0,OnePlace,10,True,https://prom.ua/ua/p3174706077-derzhatel-dlya-telefona.html
тримач для телефона в авто,6631,2818237670,Тримач для телефону в авто | Кріплення у CD-привід,350,,,0,3DLab,46,False,https://prom.ua/ua/p2818237670-derzhatel-dlya-telefona.html
тримач для телефона в авто,6631,3184179227,"Кріплення для телефона в авто на торпедо Hoco, Автотримач з телефоном, Тримач для телефона на присосці в машину, QLL",1716,858,,0,Lunamarket.space,11,True,https://prom.ua/ua/p3184179227-avtoderzhatel-telefonom-hoco.html
тримач для телефона в авто,6631,1928428319,Тримач для телефону в машину на присосці H11-S6A [на торпеду/лобове скло],467,,4.7,6,niCo,2119,True,https://prom.ua/ua/p1928428319-derzhatel-dlya-telefona.html
тримач для телефона в авто,6631,3012314461,Автомобільний тримач Q3 для телефону в авто з бездротовою зарядкою автоматичний автотримач смартфона на присоску в машину сірий,759,645.15,5,4,FunkyCar,172,True,https://prom.ua/ua/p3012314461-avtomobilnyj-derzhatel-dlya.html
тримач для телефона в авто,6631,1326249319,Магнітний тримач для телефону телескопічний в авто автотримач на панель лобове скло міцний магніт в машину Borofone,500,350,4.7,6,Shop Ist,1731,True,https://prom.ua/ua/p1326249319-magnitnyj-derzhatel-dlya.html
тримач для телефона в авто,6631,2543828120,"Тримач для кабелю в авто для телефону та аксесуарів Набір руки ""палець вгору"" 10шт",120,98,5,2,Fast Store - магазин аксесуарів та гаджетів,1351,True,https://prom.ua/ua/p2543828120-derzhatel-dlya-kabelya.html
тримач для телефона в авто,6631,2971072355,Магнітний автомобільний тримач Proove Block Magnetic Stick-on Car Mount MagSafe | Автотримач для телефона в машину на панель,879,669,,0,Д-Тех,721,False,https://prom.ua/ua/p2971072355-magnitnyj-avtomobilnyj-derzhatel.html
тримач для телефона в авто,6631,2117563726,Тримач для телефона в авто магнітний на решітку кондиціонера Proove Block Magnetic Air Outlet Car Mount (CHMA00000001),669,,5,3,AvtoVibe,2340,True,https://prom.ua/ua/p2117563726-derzhatel-dlya-telefona.html
тримач для телефона в авто,6631,2362527474,"Тримач для телефона в авто на дефлектор (воздуховод) Metal Age 2 Gravity Air Outlet Car Mount, Dark Gray, Baseus SUJS000013",409,,,0,AvtoVibe,2340,True,https://prom.ua/ua/p2362527474-derzhatel-dlya-telefona.html
тримач для телефона в авто,6631,2768672993,Тримач для телефону в машину авто універсальний автотримач підставка холдер в автомобіль кріплення смартфона на повітропровід,600,349,4.9,8,Greenberg Store,1246,True,https://prom.ua/ua/p2768672993-derzhatel-dlya-telefona.html
тримач для телефона в авто,6631,2787502437,Тримач для телефону в авто магнітний iCar автотримач для телефону чорний (R051527),455,365,,0,Анб'юті,147,True,https://prom.ua/ua/p2787502437-derzhatel-dlya-telefona.html
тримач для телефона в авто,6631,2988151743,Тримач для телефону в авто BOROFONE BH223 з бездротовою зарядкою 5W-15W,455,,,0,Energy4,1384,True,https://prom.ua/ua/p2988151743-derzhatel-dlya-telefona.html
тримач для телефона в авто,6631,2485093027,Тримач для мобільного телефона в авто Carface CFAC7181,838.50,,,0,eShop від LKQ інтернет-магазин автозапчастин,906,True,https://prom.ua/ua/p2485093027-trimach-dlya-mobilnogo.html
тримач для телефона в авто,6631,2485093039,Тримач для мобільного телефона в авто Carface CFATH002,277.50,,,0,eShop від LKQ інтернет-магазин автозапчастин,906,True,https://prom.ua/ua/p2485093039-trimach-dlya-mobilnogo.html
тримач для телефона в авто,6631,2485093040,Тримач для мобільного телефона в авто Carface CF14517,112.50,,,0,eShop від LKQ інтернет-магазин автозапчастин,906,True,https://prom.ua/ua/p2485093040-trimach-dlya-mobilnogo.html
тримач для телефона в авто,6631,2485093044,Тримач для мобільного телефона в авто Carface CF26116,112.50,,,0,eShop від LKQ інтернет-магазин автозапчастин,906,False,https://prom.ua/ua/p2485093044-trimach-dlya-mobilnogo.html
тримач для телефона в авто,6631,2485093048,Тримач для мобільного телефона в авто Carface CFJNAC002,57,,,0,eShop від LKQ інтернет-магазин автозапчастин,906,True,https://prom.ua/ua/p2485093048-trimach-dlya-mobilnogo.html
тримач для телефона в авто,6631,2089090473,Тримач для телефона в авто на дефлектор (воздуховод) Black Baseus Easy Control Clamp Air Outlet Version SUYK000101,401,,5,1,AvtoVibe,2340,True,https://prom.ua/ua/p2089090473-derzhatel-dlya-telefona.html
килимок для сушіння посуду,3003,3083945124,"Килимок для сушіння посуду XXL з мікрофібри 45×40 см, високопоглинаючий, захист від плям і розводів на склянках, сірий",125,,,0,"""STfE"": краса, комфорт і задоволення!",1166,True,https://prom.ua/ua/p3083945124-kovrik-dlya-sushki.html
килимок для сушіння посуду,3003,2734826938,Килимок для сушіння посуду силіконовий захисний і нековзний Бірюзовий 40x30 см,185,,,0,«Prostomagazin»,6239,False,https://prom.ua/ua/p2734826938-kovrik-dlya-sushki.html
килимок для сушіння посуду,3003,3128356407,Килимок силіконовий для сушіння посуду 30х40см асорті 179 BM А-ПЛЮС,161,,,0,Юзон,2777,True,https://prom.ua/ua/p3128356407-kilimok-silikonovij-dlya.html
килимок для сушіння посуду,3003,2438987947,Килимок вологопоглинальний для сушіння посуду 40 - 60 см GS227,248,,5,1,GloboSelect,7170,True,https://prom.ua/ua/p2438987947-kovrik-vlagovpityvayuschij-dlya.html
килимок для сушіння посуду,3003,2505611155,"Влагоабсорбуючий кухонний килимок для сушіння посуду, 59x40 см чорний",168.57,118,4.9,43,"SUPERSHOP супер ціни, супер вибір, супер покупки!",16941,True,https://prom.ua/ua/p2505611155-vlagovpityvayuschij-kuhonnyj-kovrik.html
килимок для сушіння посуду,3003,2627432723,Килимок для сушіння посуду силіконовий 40х30 см чорний,239,,5,1,Teslyar | Тесляр | Все для дому | Подарунки | Гурт,1678,True,https://prom.ua/ua/p2627432723-kovrik-dlya-sushki.html
килимок для сушіння посуду,3003,2741469369,Килимок силіконовий нековзний для сушіння посуду 30*40 см Gray,180,,5,1,Shoporia,317,True,https://prom.ua/ua/p2741469369-kovrik-silikonovyj-neskolzyaschij.html
килимок для сушіння посуду,3003,2901423044,"Діатомітовий килимок для сушіння посуду,для ванної кімнати 40*60 см антиковзкий вологопоглинаючий",460,368,5,3,DIMAKSI,650,True,https://prom.ua/ua/p2901423044-diatomitovij-kilimok-dlya.html
килимок для сушіння посуду,3003,1405531247,"Складна сушарка-решітка на раковину Килимок для сушіння посуду, фруктів, овочів над раковиною 35*37см Відео",234,,,0,CraftHouse - товари для всієї родини,3487,True,https://prom.ua/ua/p1405531247-skladnaya-sushilka-reshetka.html
килимок для сушіння посуду,3003,2398420954,"Вологовбираючий килимок для сушіння посуду 59×40 см, м'який та швидкий у догляді, захист стільниці",155.78,140.20,5,9,Primetorg.od,9148,True,https://prom.ua/ua/p2398420954-vlagovpityvayuschij-kovrik-dlya.html
килимок для сушіння посуду,3003,2410521692,"Килимок для сушіння посуду, килимок антиковзкий під кавоварку 40*60 см (зелений)",379,329,,0,Traffic Store,5090,True,https://prom.ua/ua/p2410521692-kovrik-dlya-sushki.html
килимок для сушіння посуду,3003,2477995422,Килимок силіконовий для сушіння посуду 25*39CM MAC-5 (дропшиппінг),160,,,0,Покупон,313,True,https://prom.ua/ua/p2477995422-kovrik-silikonovyj-dlya.html
килимок для сушіння посуду,3003,2413253618,"Килимок для сушіння посуду, килимок антиковзкий під кавоварку 40*50 см (коричневий)",379,329,5,2,Traffic Store,5090,True,https://prom.ua/ua/p2413253618-kovrik-dlya-sushki.html
килимок для сушіння посуду,3003,2811648435,Килимок для сушіння посуду Ardesto Vigor 40х30см силікон сірий,252,,5,1,Світ посуду,2197,True,https://prom.ua/ua/p2811648435-kilimok-dlya-sushinnya.html
килимок для сушіння посуду,3003,2941545906,"Силіконовий килимок для сушіння посуду 40×30 см зі зливом у раковину, антиковзка кухонна сушарка для тарілок, чашок, келихів",299,,5,2,ToyTech - Трендові Іграшки та Гаджети 2021,3321,True,https://prom.ua/ua/p2941545906-silikonovyj-kovrik-dlya.html
килимок для сушіння посуду,3003,3054605460,Килимок для сушіння посуду Ardesto Grey leaves 38×51 см (ART17GL),127,,,0,Світ посуду,2197,True,https://prom.ua/ua/p3054605460-kovrik-dlya-sushki.html
килимок для сушіння посуду,3003,2413265519,"Килимок для сушіння посуду, килимок антиковзкий під кавоварку, з квітами 40*50 см",379,329,5,2,Traffic Store,5090,True,https://prom.ua/ua/p2413265519-kovrik-dlya-sushki.html
килимок для сушіння посуду,3003,2324920150,Килимок тканинний для сушіння мокрого посуду 30*40 см.,62,,5,1,"Інтернет-магазин ""KORNEL""",327,True,https://prom.ua/ua/p2324920150-kilimok-tkanevij-dlya.html
килимок для сушіння посуду,3003,3182843981,Килимок для сушіння посуду IKEA RINNIG 51x42 см Бежевий 505.954.42,314,285,,0,Добрий TАТО🥇,26270,True,https://prom.ua/ua/p3182843981-kovrik-dlya-sushki.html
килимок для сушіння посуду,3003,3026367481,Силіконовий дренажний килимок для сушіння посуду та мийки: захисна підставка на кухонний стіл 40х32 см,700,350,5,1,Маркет. старт.уа,20,True,https://prom.ua/ua/p3026367481-silikonovyj-drenazhnyj-kovrik.html
килимок для сушіння посуду,3003,1933486148,Килимок для сушіння посуду Eco Fabric 30*40 см сірий (EF-3851-GR),134,,,0,"Онлайн-маркет ""InBasket""",2390,True,https://prom.ua/ua/p1933486148-kovrik-dlya-sushki.html
килимок для сушіння посуду,3003,2980374961,"Килимок для сушіння посуду силіконовий (сушарка) 30х40 см Сірий, кухонна підставка під посуд нековзна",260,210,,0,Lovable,878,True,https://prom.ua/ua/p2980374961-kovrik-dlya-sushki.html
килимок для сушіння посуду,3003,3053314951,Килимок силіконовий для сушіння посуду 35.5 см х 41 см Юні Пласт блакитний,290,,,0,"інтернет-магазин ""Світ посуду""",1300,True,https://prom.ua/ua/p3053314951-kovrik-silikonovyj-dlya.html
килимок для сушіння посуду,3003,3208271455,Супер поглинаючий килимок нековзний для сушіння посуду суперабсорбуючий 49*39см Сірий brooklyn,335,268,,0,Brooklyn,573,True,https://prom.ua/ua/p3208271455-super-pogloschayuschij-kovrik.html
килимок для сушіння посуду,3003,2903160346,Діатомітовий килимок на кухню для сушіння посуду 30×40 (см) мийний вологопоглинаючий килимок на стільницю для посуду Синій,100,80,,0,OrderPlace - Інтернет-магазин товарів для дому,1103,True,https://prom.ua/ua/p2903160346-diatomitovyj-kovrik-kuhnyu.html
килимок для сушіння посуду,3003,1509420505,Килимок для сушіння посуду 39 х 50 см,85,,5,7,GEDONi,1694,True,https://prom.ua/ua/p1509420505-kovrik-dlya-sushki.html
килимок для сушіння посуду,3003,3188280716,"Силіконовий Килимок для сушіння посуду 40x30 см (сушарка для посуду, килимок для кухні, під посуд) Сірий",349,229,,0,ToyTech - Трендові Іграшки та Гаджети 2021,3321,True,https://prom.ua/ua/p3188280716-silikonovyj-kovrik-dlya.html
килимок для сушіння посуду,3003,1933484066,Килимок для сушіння посуду Eco Fabric 30*40 см синій (EF-3851-DB),134,,,0,"Онлайн-маркет ""InBasket""",2390,True,https://prom.ua/ua/p1933484066-kovrik-dlya-sushki.html
килимок для сушіння посуду,3003,3103439132,Килимок для сушіння посуду Сушарки для посуду Килимок з присосками Килимок на мийку для сушіння посуду,180,172.80,,0,Wanderfulsell,404,True,https://prom.ua/ua/p3103439132-kovrik-dlya-sushki.html
килимок для сушіння посуду,3003,2597969554,Поглинальний килимок для сушіння посуду 30*30 см AND 5210 EL0227,140,,,0,ELEXION,12233,True,https://prom.ua/ua/p2597969554-vpityvayuschij-kovrik-dlya.html
килимок для сушіння посуду,3003,2249084902,"Килимок для сушіння посуду з малюнком 51х38см в асорт.,Вологовбираючий килимок для посуду",94.78,,,0,SAMEVIN - оптово-роздрібний інтернет-магазин,2742,True,https://prom.ua/ua/p2249084902-kovrik-dlya-sushki.html
килимок для сушіння посуду,3003,2822999301,Оригінал! Супер поглинаючий килимок нековзний для сушіння посуду суперабсорбуючий 29*39см чорний - Вища Якість!,232,139,,0,UkrTiTAN - інтернет-магазин електроніки та комп'ютерної техніки,1700,True,https://prom.ua/ua/p2822999301-original-super-pogloschayuschij.html
килимок для сушіння посуду,3003,2903667255,Діатомітовий килимок на кухню для сушіння посуду 30×40 (см) HP-42-29,99,,,0,"ТОВ ""220ЮА""",1750,True,https://prom.ua/ua/p2903667255-diatomitovyj-kovrik-kuhnyu.html
килимок для сушіння посуду,3003,3164162023,Килимок сушарка рушник для сушіння посуду кухні фруктів овочів PVC mat протиковзний атибактеріальний мат підкладка настільна підст,700,350,,0,TimaShop,103,True,https://prom.ua/ua/p3164162023-kovrik-polotentsesushitel-dlya.html
килимок для сушіння посуду,3003,3047352457,Килимок для сушіння посуду Soho 38х51см Dark Grey,85,,,0,Posud-trade,477,True,https://prom.ua/ua/p3047352457-kovrik-dlya-sushki.html
килимок для сушіння посуду,3003,2300214289,"Килимок для сушіння посуду антиковзкий 30*40, всмоктувальний, абсорбуючий для кухні",190,167.20,5,10,Coverbag.ua,4907,True,https://prom.ua/ua/p2300214289-kovrik-dlya-sushki.html
килимок для сушіння посуду,3003,1711027191,"Силіконовий килимок для сушіння посуду Baroness 34*25,5 см. антиковзний, термостійкий, водонепроникний",140,,,0,WISK.COM.UA,1468,True,https://prom.ua/ua/p1711027191-silikonovyj-kovrik-dlya.html
килимок для сушіння посуду,3003,2858368232,"Килимок для сушіння посуду 40×30 см | Вологопоглинаючий кухонний килимок для тарілок, чашок та склянок",499,274.45,,0,Smart Market,153,True,https://prom.ua/ua/p2858368232-kovrik-dlya-sushki.html
килимок для сушіння посуду,3003,3169279676,"Килимок для сушіння посуду, що вбирає нанокилимок 30х40 см, чорний YU227",127,,,0,YouShine,7040,True,https://prom.ua/ua/p3169279676-kovrik-dlya-sushki.html
килимок для сушіння посуду,3003,2111241378,"Килимок для сушіння посуду №MF-3858/042 однотонний 58х38см в асорт.,Вологовбираючий килимок для посуду",84.15,,5,1,SAMEVIN - оптово-роздрібний інтернет-магазин,2742,True,https://prom.ua/ua/p2111241378-kovrik-dlya-sushki.html
килимок для сушіння посуду,3003,2455290772,Килимок для сушіння посуду 40*45 см 180 BM А-П,318,223,4,2,Посуд-PS — Horeca Посуд Подарунки,7225,True,https://prom.ua/ua/p2455290772-kovrik-dlya-sushki.html
килимок для сушіння посуду,3003,2279399171,"Килимок для сушіння посуду 38 х 50 см Ящ 144 шт х0,85",65,,5,1,Затишок — замов Добра мішок!,1558,True,https://prom.ua/ua/p2279399171-kilimok-dlya-sushinnya.html
килимок для сушіння посуду,3003,2066398104,"Килимок-сушіння для посуду силіконовий, сірий",249,,,0,Hot opt,397,True,https://prom.ua/ua/p2066398104-kovrik-sushka-dlya.html
килимок для сушіння посуду,3003,2879270673,Килимок для сушіння посуду/Сушарка для посуду/килимок із підставкою для посуду/Колимок на мийку для посуду,420,320,,0,Манго,3439,True,https://prom.ua/ua/p2879270673-kovrik-dlya-sushki.html
килимок для сушіння посуду,3003,3176383659,Килимок для сушіння посуду PVC mat 40x30x04 см кухонна підставка під тарілки чашки столові прибори сірий,300,255,,0,⚡️ THOR UA,561,True,https://prom.ua/ua/p3176383659-kovrik-dlya-sushki.html
килимок для сушіння посуду,3003,3050019987,Супер поглинаючий килимок для сушіння посуду 49х39 см Чорний,306.25,247.45,,0,BestMix,259,True,https://prom.ua/ua/p3050019987-super-pogloschayuschij-kovrik.html
килимок для сушіння посуду,3003,3160531832,"Килимок для сушіння посуду DYKJGSGO 30×40 см, суперпоглинаючий, антиковзний, для кухні та кавоварки",349,314.10,,0,Електроніка з Європи,78,False,https://prom.ua/ua/p3160531832-kovrik-dlya-sushki.html
килимок для сушіння посуду,3003,2903684304,Килимок для сушіння посуду 30*40 см діатомітовий HP-42-18,99,,,0,Інтернет магазин Маячок,4493,True,https://prom.ua/ua/p2903684304-kovrik-dlya-sushki.html
килимок для сушіння посуду,3003,3127315589,Килимок для сушіння посуду діагностичний 40х30 см для кухні з вологопоглинальними властивостями синій MK-7493,306,204,,0,Зручна Крамниця,347,True,https://prom.ua/ua/p3127315589-kovrik-dlya-sushki.html
килимок для сушіння посуду,3003,2638275370,Килимок для сушіння посуду ХІТ,100,,,0,TOP KLiM,173,True,https://prom.ua/ua/p2638275370-kovrik-dlya-sushki.html
килимок для сушіння посуду,3003,3161022515,Килимок діатомітовий для сушіння посуду Garden Realm 40*30 см килимок вологопоглинальний антиковзний килими,150,120,,0,Все для Всіх,108,True,https://prom.ua/ua/p3161022515-kovrik-diatomitovyj-dlya.html
килимок для сушіння посуду,3003,3161022516,Килимок діатомітовий для сушіння посуду Beauties 40*30 см килимок вологопоглинальний килими кухонний серветки,150,120,,0,Все для Всіх,108,True,https://prom.ua/ua/p3161022516-kovrik-diatomitovyj-dlya.html
килимок для сушіння посуду,3003,3146851974,Килимок для сушіння посуду KD-67 50х40 см Бежевий Килимок для раковини та кухонної стільниці,99,,,0,M-Shop,11,True,https://prom.ua/ua/p3146851974-kovrik-vlagovpityvayuschij-dlya.html
килимок для сушіння посуду,3003,3213570380,Килимок для сушіння посуду з PVC 40x30 см KTUVZ,579,386,,0,iMag,9,True,https://prom.ua/ua/p3213570380-kilimok-dlya-sushinnya.html
килимок для сушіння посуду,3003,2627770758,Килимок ЮНІПЛАСТ для сушіння посуду рожевий 9241859,337,,,0,Юзон,2777,True,https://prom.ua/ua/p2627770758-kilimok-yuniplast-dlya.html
килимок для сушіння посуду,3003,2662362659,Килимок ЮНІПЛАСТ для сушіння посуду синій,337,,,0,Юзон,2777,True,https://prom.ua/ua/p2662362659-kilimok-yuniplast-dlya.html
килимок для сушіння посуду,3003,2662366474,Килимок ЮНІПЛАСТ для сушіння посуду салатовий,337,,,0,Юзон,2777,True,https://prom.ua/ua/p2662366474-kilimok-yuniplast-dlya.html
килимок для сушіння посуду,3003,2662487338,Килимок ЮНІПЛАСТ для сушіння посуду бежевий,337,,,0,Юзон,2777,True,https://prom.ua/ua/p2662487338-kilimok-yuniplast-dlya.html
пелюшки для собак,5925,1912196259,Багаторазова пелюшка для собак 60*90 см Пухнастики L,444,,5,8,"""ZooFooD"" Інтернет-магазин",2910,True,https://prom.ua/ua/p1912196259-mnogorazovaya-pelenka-dlya.html
пелюшки для собак,5925,1587637015,"Пелюшки одноразові для собак Pawise 100 шт 33×45 см, 5-шарові для цуценят",629,589,5,3,VOLOK LINE,217,True,https://prom.ua/ua/p1587637015-pelenki-odnorazovye-dlya.html
пелюшки для собак,5925,3142972736,"Пелюшки одноразові для собак і котів 40х60 см, 120 шт",962,682,5,1,"Інтернет- магазин "" Товари в Дім""",12941,True,https://prom.ua/ua/p3142972736-pelenki-odnorazovye-dlya.html
пелюшки для собак,5925,2999646512,Пелюшки для собак та цуценят 90х60 см з бамбуковим вугіллям Пухнасте Щастя 20 шт. чорні,1052,662.76,,0,ПУХНАСТЕ ЩАСТЯ,58,True,https://prom.ua/ua/p2999646512-pelenki-dlya-sobak.html
пелюшки для собак,5925,3086427218,"Одноразова пелюшка для собак і котів М 60×45 см, вбираюча пелюшка для тварин",15,,,0,D&D Home Pets,84,True,https://prom.ua/ua/p3086427218-odnorazovaya-pelenka-dlya.html
пелюшки для собак,5925,2275899264,Пелюшки для собак AnimAll 60 х 90 см з активованим вугіллям 50 шт,1390,1320,5,9,Zootovary_Cat&Dog,1015,True,https://prom.ua/ua/p2275899264-pelenki-dlya-sobak.html
пелюшки для собак,5925,2831683498,"Пелюшки 60х90 (30 шт) для собак, котів та інших тварин",429,255,4.9,29,"Інтернет- магазин "" Товари в Дім""",12941,True,https://prom.ua/ua/p2831683498-pelenki-60h90-sht.html
пелюшки для собак,5925,1420794350,"Пелюшки для собак 60см х 60см 30 шт. ""Хвіст та лапи""",435.71,305,5,27,Vision.in.ua,5616,True,https://prom.ua/ua/p1420794350-pelenki-dlya-sobak.html
пелюшки для собак,5925,3142953316,"Пелюшки для лотків собак, котів та інших тварин 40х60 см 30 шт",242,151,5,3,"Интернет -магазин "" Папуля""",19162,True,https://prom.ua/ua/p3142953316-pelenki-dlya-lotkov.html
пелюшки для собак,5925,2672168730,Kotix пелюшки для собак з активованим вугіллям 40 х 60 см 50 шт,681,,,0,Зоотайм,2240,True,https://prom.ua/ua/p2672168730-kotix-pelenki-dlya.html
пелюшки для собак,5925,2559315999,"Пелюшки AnimAll Puppy Training Pads для собак і цуценят, з активованим вугіллям 60×90 см, 50 штук",1160,,5,9,ЗооСвіт,4242,True,https://prom.ua/ua/p2559315999-pelenki-animall-puppy.html
пелюшки для собак,5925,3142614420,"Пелюшки захисні для собак і котів 90х60 см, 30 шт Пелюшки для тварин",364,263,5,1,"Интернет -магазин "" Папуля""",19162,True,https://prom.ua/ua/p3142614420-pelenki-zaschitnye-dlya.html
пелюшки для собак,5925,2075080691,"Пелюшки для собак 60см х 60см 60 шт. ""Хвіст та лапи"" (2 упаковки по 30 шт.)",748.75,599,5,12,Vision.in.ua,5616,True,https://prom.ua/ua/p2075080691-pelenki-dlya-sobak.html
пелюшки для собак,5925,1251793126,Багаторазова пелюшка для собак 60х60 см непромокальна Коричневий,325,,5,5,Partner,1574,True,https://prom.ua/ua/p1251793126-mnogorazovaya-pelenka-dlya.html
пелюшки для собак,5925,2800056011,"Пелюшки для собак 90см х 60см 30 шт. ""Хвіст та лапи""",495,396,4.9,9,VikaMed,846,True,https://prom.ua/ua/p2800056011-pelenki-dlya-sobak.html
пелюшки для собак,5925,1343319443,Багаторазова пелюшка для собак 60х90 см непромокаюча бежевий,410,,5,1,Partner,1574,True,https://prom.ua/ua/p1343319443-mnogorazovaya-pelenka-dlya.html
пелюшки для собак,5925,1811446008,Одноразові пелюшки Giggles 60х60 см. (10 шт.),91,,5,2,igorek,5863,True,https://prom.ua/ua/p1811446008-odnorazovye-pelenki-giggles.html
пелюшки для собак,5925,2854771211,"Пелюшки для собак, котів та інших тварин 90х60 см, 30 шт",385,258,4.8,16,"Интернет -магазин "" Папуля""",19162,True,https://prom.ua/ua/p2854771211-pelenki-dlya-sobak.html
пелюшки для собак,5925,2941536975,Пелюшки для собак 60*90 см поштучно одноразові гігієнічні пелюшки для цуценят та собак,25,,,0,"Магазин зоотоварів ""ЗооСвіт""",131,True,https://prom.ua/ua/p2941536975-pelenki-dlya-sobak.html
пелюшки для собак,5925,2075080930,"Пелюшки для собак 90см х 60см 90 шт. ""Хвіст та лапи"" (3 упаковки по 30 шт.)",1440,1152,5,4,Vision.in.ua,5616,True,https://prom.ua/ua/p2075080930-pelenki-dlya-sobak.html
пелюшки для собак,5925,2441937922,Пелюшки для собак та цуценят AnimAll Анімал пеленки з ароматом лаванди 60х60 см 10 шт (4820224500720),217,195.30,,0,Зоомагазин Тоббі,451,True,https://prom.ua/ua/p2441937922-pelenki-dlya-sobak.html
пелюшки для собак,5925,2003183868,Пелюшки для собак AnimAll 60 х 60 см 100 шт,1790,1640,5,5,Zootovary_Cat&Dog,1015,True,https://prom.ua/ua/p2003183868-pelenki-dlya-sobak.html
пелюшки для собак,5925,1686333521,Одноразові пелюшки Giggles 60х90 см. (30 шт.),359,,4.9,79,igorek,5863,True,https://prom.ua/ua/p1686333521-odnorazovye-pelenki-giggles.html
пелюшки для собак,5925,1131523965,Багаторазова пелюшка для собак 60х60 см водонепромокаюча,260,205,4.4,9,"PROFI - Унікальне поєднання професіоналізму, високої якості, надійності і захисту.",2539,True,https://prom.ua/ua/p1131523965-mnogorazovaya-pelenka-dlya.html
пелюшки для собак,5925,2640066081,"Пелюшки для лотків собак , котів та інших тварин 60х40 см - 100 штук Purlov 21599",788,693.44,5,5,BabaGa,964,True,https://prom.ua/ua/p2640066081-pelenki-dlya-lotkov.html
пелюшки для собак,5925,2482518582,"Пелюшки для лотків собак , котів та інших тварин 60х60 см - 50 штук (абсорбуючі) + 30 гігієнічних пакетів Purlov 21600 Польща",499,449.10,5,19,Swimming.rest - товари для дітей та дорослих,9085,True,https://prom.ua/ua/p2482518582-pelenki-dlya-sobak.html
пелюшки для собак,5925,2994774861,"Пелюшки гігієнічні для тварин 60×40 см 100 шт, Purlov 21599",711,639.90,5,1,Choice,1339,True,https://prom.ua/ua/p2994774861-pelenki-gigienicheskie-dlya.html
пелюшки для собак,5925,1920545477,"Пелюшки для лотків собак, котів та інших тварин 60х60 см 100 шт ( абсорбуючі) + мішки 30 шт",850,,5,2,Limarket,1885,True,https://prom.ua/ua/p1920545477-pelenki-dlya-lotkov.html
пелюшки для собак,5925,3151739586,"Поглинаючі пелюшки для тварин Puffy Cat&Dog Pad 60x90см 30 шт для собак, котів та інших домашніх тварин",439,289,4.3,6,"Інтернет- магазин "" Товари в Дім""",12941,True,https://prom.ua/ua/p3151739586-vpityvayuschie-pelenki-dlya.html
пелюшки для собак,6232,2960590733,Пелюшки для собак та цуценят чорні з бамбуковим вугіллям 90х60 KALYU,1380,690,5,1,Wolves,22,True,https://prom.ua/ua/p2960590733-pelenki-dlya-sobak.html
пелюшки для собак,6232,2295820699,Хвостик пелюшки для собак та цуценят 56×56 см 100 шт,937,890,5,3,ЗооМаг,935,True,https://prom.ua/ua/p2295820699-hvostik-pelenki-dlya.html
пелюшки для собак,6232,2790939518,"Пелюшки для собак, котів та інших тварин 40х60 см, 30 шт.(утримує неприємний запах)",246,169,3.5,4,"Интернет -магазин "" Папуля""",19162,True,https://prom.ua/ua/p2790939518-pelenki-dlya-sobak.html
пелюшки для собак,6232,2113134612,"Пелюшки для лотків собак , котів та інших тварин 60х90 см 30 шт",450,258,5,41,"Інтернет- магазин "" Товари в Дім""",12941,True,https://prom.ua/ua/p2113134612-pelenki-dlya-lotkov.html
пелюшки для собак,6232,2994774861,"Пелюшки гігієнічні для тварин 60×40 см 100 шт, Purlov 21599",711,639.90,5,1,Choice,1339,True,https://prom.ua/ua/p2994774861-pelenki-gigienicheskie-dlya.html
пелюшки для собак,6232,1767779183,"Пелюшки для лотків собак, котів та інших тварин 90х60 см, 30 шт.(суперабсорбуючий полімер)",492,359,5,24,"Интернет -магазин "" Папуля""",19162,True,https://prom.ua/ua/p1767779183-pelenki-dlya-lotkov.html
пелюшки для собак,6232,2672168732,Kotix пелюшки для собак з активованим вугіллям 60 х 60 см 50 шт,972,,5,2,Зоотайм,2240,True,https://prom.ua/ua/p2672168732-kotix-pelenki-dlya.html
пелюшки для собак,6232,3197848021,Пелюшки медичні поглинаючі BONUM® BASIC 60×90 см одноразові 25 штук,220,,5,1,Yumes Group,4549,True,https://prom.ua/ua/p3197848021-pelenki-meditsinskie-pogloschayuschie.html
пелюшки для собак,6232,2128373835,Одноразові пелюшки для собак Пухнастики 60*90 см. - 1шт.,26,23.40,,0,Jessy PetShop - піклуватися легко!,1191,True,https://prom.ua/ua/p2128373835-odnorazovye-pelenki-dlya.html
пелюшки для собак,6232,3113938336,"Собачий туалет / Лоток для собак / Горшок для собаки, 47.5x36x6 см, Коричневий / Туалет для собак з решіткою та стінкою",792.86,555,,0,EasyBuy,787,False,https://prom.ua/ua/p3113938336-sobachij-tualet-lotok.html
пелюшки для собак,6232,2786163644,Пелюшка багаторазова непромокаюча Бантик 120×80 см для дітей та дорослих,380,,5,3,ФОП Утюжок О.О. / BeezzyBoom,395,True,https://prom.ua/ua/p2786163644-pelenka-mnogorazovaya-nepromokaemaya.html
пелюшки для собак,6232,1292014033,"Пелюшки 40х55 см водонепроникні, багаторазові для дорослих",190,90,5,1,Українські наматрацники,2255,True,https://prom.ua/ua/p1292014033-pelenki-40h55-nepromokaemye.html
пелюшки для собак,6232,3043116622,Пелюшки для собак Kotix Premium одноразові 40х60см 10шт 1311 10802,134,,,0,Зооветконтинент,2554,True,https://prom.ua/ua/p3043116622-pelenki-dlya-sobak.html
пелюшки для собак,6232,2791204357,Lucky Pet Гіпоалергенні гігієнічні одноразові пелюшки для собак 60×90см №10 з суперадсорбентом,175,,,0,ЗооВетМаркет,718,True,https://prom.ua/ua/p2791204357-lucky-pet-gigienicheskie.html
пелюшки для собак,6232,1628550127,Пелюшки для собак і цуценят гіпоалергенні з активованим вугіллям AnimAll 60 х 60 см 50 шт,1016,965,5,6,ZooLife - інтернет-магазин товарів для тварин,5866,False,https://prom.ua/ua/p1628550127-pelenki-dlya-sobak.html
пелюшки для собак,6232,1343315425,Багаторазова пелюшка для собак 40х60 см непромокаюча бежевий,260,,5,1,Partner,1574,True,https://prom.ua/ua/p1343315425-mnogorazovaya-pelenka-dlya.html
пелюшки для собак,6232,2703886868,Пелюшки медичні одноразові поглинаючі BONUM® BASIC 60×40 см,100,,,0,ТзОВ «Церос»,40,True,https://prom.ua/ua/p2703886868-pelyushki-medichni-odnorazovi.html
пелюшки для собак,6232,2211887958,"Багаторазова пелюшка ""Лапки та кісточки"" для собак 80*90 см",620,,,0,"Інтернет-магазин ""KatTimka & Sofi""",413,True,https://prom.ua/ua/p2211887958-mnogorazovaya-pelenka-lapki.html
пелюшки для собак,6232,2387381870,"Багаторазова пелюшка для собак AquaStop арт. 60, розмір 60х60 см",286,,,0,PRT Shop,453,True,https://prom.ua/ua/p2387381870-mnogorazovaya-pelenka-dlya.html
пелюшки для собак,6232,3176372783,"Багаторазова тренувальна пелюшка Appker для собак і котів, 70×50 см, сіра",165,,,0,D&D Home Pets,84,True,https://prom.ua/ua/p3176372783-mnogorazovaya-trenirovochnaya-pelenka.html
пелюшки для собак,6232,3166593037,"Багаторазова вбираюча пелюшка для собак і котів водонепроникна 69 × 49 см, рожева",150,,,0,D&D Home Pets,84,True,https://prom.ua/ua/p3166593037-mnogorazovaya-vpityvayuschaya-pelenka.html
пелюшки для собак,6232,2231463126,"Одноразові пелюшки для собак Croci Super Nappy 60*40 см, 10 пелюшок в упаковці (C6028477)",149,,,0,Доставка зоотоварів по Україні Zoo365. Ветаптека.,2383,True,https://prom.ua/ua/p2231463126-odnorazovye-pelenki-dlya.html
пелюшки для собак,6232,2602211032,"Пелюшки для собак , котів та інших тварин 60х40 см - 100 штук (абсорбуючі) + 30 гігієнічних пакетів Purlov 21599 Польща",699,,4.2,5,Tovar4ik,513,True,https://prom.ua/ua/p2602211032-pelenki-dlya-sobak.html
пелюшки для собак,6232,2559318889,"Пелюшки AnimAll Puppy Training Pads для собак і цуценят, з ароматом лаванди, 60×60 см, 100 шт",1545,,5,7,ЗооСвіт,4242,True,https://prom.ua/ua/p2559318889-pelenki-animall-puppy.html
пелюшки для собак,6232,2090138121,Пелюшки для собак AnimAll 60 х 90 см 50 шт,1220,1150,5,2,Zootovary_Cat&Dog,1015,True,https://prom.ua/ua/p2090138121-pelenki-dlya-sobak.html
пелюшки для собак,6232,1858289116,Пелюшки для собак WOW Pets ULTRA ABSORBENT Training Pads 60х60 см Лаванда 10 шт.,122,,4.7,3,Зоомагазин SMART ZOO,2364,True,https://prom.ua/ua/p1858289116-pelenki-dlya-sobak.html
пелюшки для собак,6232,3113622666,"AnimAll Пелюшки для цуценят та собак з ароматом лаванди, 60х60 см 10 шт (00720)",209,,,0,FeedZoo,17,False,https://prom.ua/ua/p3113622666-animall-pelyushki-dlya.html
пелюшки для собак,6232,3043112669,Пелюшки для собак AnimAll 60х60 см з ароматом лаванди 100 шт 2977,1929,,,0,Зооветконтинент,2554,True,https://prom.ua/ua/p3043112669-pelyushki-dlya-sobak.html
пелюшки для собак,6232,2614367171,Туалет лоток під пелюшку для собак 60х60 Пухнасте Щастя Бежевий,1900,1349,5,3,ПУХНАСТЕ ЩАСТЯ,58,True,https://prom.ua/ua/p2614367171-tualet-lotok-pod.html
антихрап,1665,2998600528,Засіб проти храпа Затискач проти храпа Кліпса в носі від хропіння Магнітний розширювач для носа ARTK,478,239,,0,Shoping-Shop,20,True,https://prom.ua/ua/p2998600528-sredstvo-hrapa-zazhim.html
антихрап,1665,2968769481,Засіб від хропіння магнітна кліпса антихрап,87,,,0,CLUBMAN тюнінг та автоаксесуари,2009,True,https://prom.ua/ua/p2968769481-sredstvo-hrapa-magnitnaya.html
антихрап,1665,2824599283,Спрей від хропіння засіб проти хропіння полегшення дихання покращення сну Снорекс Snorex для спокійного нічного сну,299,165,5,3,OPT-CITY Кращі ціни в інтернеті,3798,True,https://prom.ua/ua/p2824599283-sprej-hrapa-sredstvo.html
антихрап,1665,3203243569,Капа для сну від бруксизму та хропіння нічна антихрап стоматологічна прозора багаторазова EVA з футляром скреготу зубів емалі,399,299,5,1,Bazario.ua,23,True,https://prom.ua/ua/p3203243569-kapa-dlya-sna.html
антихрап,1665,3119922129,Сенсорний браслет від хропіння Антихрап,367,286.26,,0,Big-Lavka,9956,True,https://prom.ua/ua/p3119922129-sensornij-braslet-vid.html
антихрап,1665,3180972458,"Смужки для носа антихрап для полегшення дихання South Moon Nasal Strips 6 шт (пластир від хропіння та закладеності носа, бежеві)",89,85,,0,EasyBuy,6,True,https://prom.ua/ua/p3180972458-poloski-dlya-nosa.html
антихрап,1665,2660392213,"Пластир-Тейп для рота проти хропіння від апное Eelhoe Elevate+, пластир антихропіння 30 шт",159,,5,1,FLIP-FLOP,1879,True,https://prom.ua/ua/p2660392213-plastyr-tejp-dlya.html
антихрап,1665,3191196207,"Капа для сну від бруксизму, від хропіння, нічна антихроп силіконова каппа, м яка зубна при бруксизмі від стирання зубів (6417)",563,450.40,,0,UNICUMSHOP,2388,True,https://prom.ua/ua/p3191196207-kappa-dlya-sna.html
антихрап,1665,2883686377,"Пристрій від хропіння, прилад від храпу, протихропний прилад, датчик хропу, антихрап Hechpro (RA57)",713,499.10,,0,UNICUMSHOP,2388,True,https://prom.ua/ua/p2883686377-antihrap-ustrojstvo-hrapa.html
антихрап,1665,1984564896,Антихрап кліпса / Затиск для носа від хропіння для покращення носового дихання / Магнітотерапія,120,82.80,5,2,"""homeli"" - Інтернет-магазин",838,True,https://prom.ua/ua/p1984564896-antihrap-klipsa-zazhim.html
антихрап,1665,2075606431,Спрей від хропіння для полегшення дихання Stop Hrap Nano засіб антихрап для ротової порожнини нічний комфорт сну,300,150,,0,OPT-CITY Кращі ціни в інтернеті,3798,True,https://prom.ua/ua/p2075606431-sprej-hrapa-dlya.html
антихрап,1665,2172829353,Антихропіння набір з 8 вставок в ніс різних розмірів проти хропіння,554,321.32,5,1,"""homeli"" - Інтернет-магазин",838,True,https://prom.ua/ua/p2172829353-antihrap-nabor-vstavok.html
антихрап,1665,2288838561,"Антихрап кліпса від хропіння в ніс, носовий розширювач від хропіння набір з 8 шт (циліндри + спіралі) у футлярі",249,,4,4,Yatka,1616,True,https://prom.ua/ua/p2288838561-antihrap-klipsa-hrapa.html
антихрап,1665,1245680414,"Стоп хропіння нано Спрей засіб від хропіння Stop Hrap Nano, буба",129,,,0,"""Буба"" интернет магазин",534,True,https://prom.ua/ua/p1245680414-stop-hrap-nano.html
антихрап,1665,3087245631,Силіконова кліпса від хропіння розширювач носових проходів для зменшення хропіння,50,,,0,Магазин 1000 Подарунків,436,True,https://prom.ua/ua/p3087245631-silikonovaya-klipsa-hrapa.html
антихрап,1665,2311933581,Набір від храпа та нежить пластирі 5 штук одноразові наклейки на ніс Breath Easy носові смужки антихрап RZV,320,160,,0,🔱 «Techno Imperia» Компетентність! Якість товару! Швидка відправка! ✅,172,True,https://prom.ua/ua/p2311933581-nabor-hrapa-nasmorka.html
антихрап,1665,2299586646,"Пов'язка на голову Антихрап Zband, Засіб від хропіння, Бандаж проти хропіння, Ремінець для боротьби з хропінням",252,131,,0,⭐️ 𝐌𝐄𝐆𝐀𝐑𝐎𝐙𝐏𝐑𝐎𝐃𝐀𝐙𝐇 ⭐️ –  Найновіші товари за найдоступнішими цінами,1988,True,https://prom.ua/ua/p2299586646-povyazka-golovu-antihrap.html
антихрап,1665,2498373433,Магнітні розширювачі для носа від храпа 15 пар антихрап,355,134.90,4.2,22,Kot Інтернет Магазин,966,True,https://prom.ua/ua/p2498373433-magnitnye-rasshiriteli-dlya.html
антихрап,1665,1399135387,"Снорекс - спрей від хропіння, полегшує дихання",279,159,4,2,"""БИО БАД""",553,True,https://prom.ua/ua/p1399135387-snoreks-sprej-hrapa.html
антихрап,1665,3114417908,"Капа від хропіння та бруксизму EVA, термопластична, багаторазова",135,,,0,R,4,True,https://prom.ua/ua/p3114417908-kapa-hrapeniya-bruksizma.html
антихрап,1665,2328391169,Носовий розширювач від хропіння 8 шт. для покращення дихання. Кліпси антихропіння,360,298,3,2,Fast Store - магазин аксесуарів та гаджетів,1351,True,https://prom.ua/ua/p2328391169-nosovoj-rasshiritel-hrapa.html
антихрап,1665,2101250063,"Антихрап інтелектуальний електронний пристрій проти храпа на шию, 6 рівнів впливу Contec AJ700",674,,,0,Центр Технічної Безпеки,3092,True,https://prom.ua/ua/p2101250063-antihrap-intellektualnoe-elektronnoe.html
антихрап,1665,2895724176,Пластир від хропіння Nasal Strips Better Breath 6×2 см з еластичною дугою для полегшення дихання бежевий YOJO,15,,5,1,timon.com.ua,509,True,https://prom.ua/ua/p2895724176-plastyr-hrapa-nasal.html
антихрап,1665,1602772202,Засіб від хропіння магнітна кліпса антихрап Anti-Snore! BEST,248.60,161.59,,0,Magic Shop,1612,True,https://prom.ua/ua/p1602772202-sredstvo-hrapa-magnitnaya.html
антихрап,1665,3162289676,Пов'язка для сну проти храпу з фіксацією щелепи для нормалізації дихання,599,,,0,U-Store - Лише вигідні покупки !,1063,True,https://prom.ua/ua/p3162289676-povyazka-dlya-sna.html
антихрап,1665,2523567320,"Кліпса в ніс від хропіння Засіб антихропіння для жінок, чоловіків пара 2шт",120,96,,0,Fast Store - магазин аксесуарів та гаджетів,1351,True,https://prom.ua/ua/p2523567320-klipsa-nos-hrapa.html
антихрап,1665,2694374685,Носовий дилататор Nasal Dilator Bodasan Магнітний розширювач проти храпу антихрап кліпса для покращення дихання носа 30 днів (OEM2,199,,,0,4-sport.com.ua,2649,True,https://prom.ua/ua/p2694374685-nosovoj-dilatator-nasal.html
антихрап,1665,2932013595,Смужки для покращення дихання Носовий патч проти хропіння 30 шт,299,,,0,UNISTORE - Кращі товари Європи,1431,True,https://prom.ua/ua/p2932013595-poloski-dlya-uluchsheniya.html
антихрап,1665,1587300251,"Смужки від хропіння InstaClear Extra-Strength Nasal Strips тілесні, 50 смужок",1590,,,0,SolVik Group,609,True,https://prom.ua/ua/p1587300251-poloski-hrapa-instaclear.html
антихрап,1665,2405405294,Пластир для носа Supretto Антихрап для полегшення дихання набір 30 шт. (9062),299,249,5,2,APRICE,3111,True,https://prom.ua/ua/p2405405294-plastyr-dlya-nosa.html
антихрап,1665,3037234990,"Капа від хропіння AIOUTGOGO WHYT-001, ортез для сну та полегшення дихання anti snoring",585,,,0,ТЕХНОБАЗА,796,True,https://prom.ua/ua/p3037234990-kapa-hrapa-aioutgogo.html
антихрап,1665,3155227574,Капа для сну від бруксизму та хропіння антихрап нічна для зубів медичний силікон стоматологічна прозора гіпоалергенна багаторазова,299,,,0,Bazario.ua,23,True,https://prom.ua/ua/p3155227574-kapa-dlya-sna.html
антихрап,1665,1228712075,Кліпса від хропіння антихрап Міні затиск для носа 8 шт/уп.,252,,4.8,4,Allgoods,3703,True,https://prom.ua/ua/p1228712075-klipsa-hrapa-antihrap.html
антихрап,1665,2153017807,Пов'язка на голову засіб від хропіння Антихрап Zband Rose,119,79,5,1,𝐄-𝐒𝐡𝐨𝐩𝐢𝐧𝐠,9086,True,https://prom.ua/ua/p2153017807-povyazka-golovu-sredstvo.html
антихрап,1665,3020837165,Антихрап магнітний розширювач для поліпшення дихання носа,258,188.34,,0,TAKU,141,True,https://prom.ua/ua/p3020837165-antihrap-magnitnyj-rasshiritel.html
антихрап,1665,365910174,АнтиХРАП магнітна акупунктурна кліпса для носа від хропіння,99,49,4.4,7,Lots24.com.ua,19013,True,https://prom.ua/ua/p365910174-antihrap-magnitnaya-akupunkturnaya.html
антихрап,1665,2824599287,Спрей від хропіння для порожнини рота My Sleep Good засіб для сну дихання комфорту та щоденного використання,299,165,4,1,OPT-CITY Кращі ціни в інтернеті,3798,True,https://prom.ua/ua/p2824599287-sprej-hrapa-dlya.html
антихрап,1665,571677413,Спрей від хропіння Stop Hrap Nano,290,189,5,1,"Маркетплейс ""7 Трав"" товары от производителей Украины, Европы и Азии",720,True,https://prom.ua/ua/p571677413-sprej-hrapa-stop.html
антихрап,1665,2559530043,Носові вставки від хропіння Антихрап безпечний та ефективний засіб для покращення сну. Поштучно! 30 мм,79,,5,1,Тицяй соліднО,430,True,https://prom.ua/ua/p2559530043-nosovi-vstavki-vid.html
антихрап,1665,1647587352,Засіб від хропіння магнітна кліпса антихроп Optima Free Nose Clip,160,110,5,1,ХОКО,1343,True,https://prom.ua/ua/p1647587352-sredstvo-hrapa-magnitnaya.html
антихрап,1665,1647588303,Засіб від хропіння кліпсу антихропіння Optima Nose Clip,149,99,1,1,ХОКО,1343,True,https://prom.ua/ua/p1647588303-sredstvo-hrapa-klipsa.html
антихрап,1665,3128213616,"Пов'язка Антихрап Фіксація щелепи для сну, лікування хропіння і меносту Регульована і Універсальна",945,575,5,1,Homefix,710,True,https://prom.ua/ua/p3128213616-povyazka-antihrap-fiksatsiya.html
антихрап,1665,3011662876,Антихрап набір: магнітний розширювач для носа + пластирі (30 шт),190,,5,1,EasyMarket,545,True,https://prom.ua/ua/p3011662876-antihrap-nabor-magnitnyj.html
антихрап,1665,1338396409,"Кліпса антихрап SNOREST anti snoring, кліпса від хропіння",219,89,,0,🌟 𝐏𝐑𝐈𝐌𝐈𝐍𝐆 🌟 – Ексклюзивні товари преміум-якості від офіційного дистриб'ютора!,5305,True,https://prom.ua/ua/p1338396409-klipsa-antihrap-snorest.html
антихрап,1665,2169388141,"Засіб проти хропіння. Набір із 8 сепараторів для носа. Пристрій антихропіння, покращує дихання.",617,320.84,3.7,3,"""homeli"" - Інтернет-магазин",838,True,https://prom.ua/ua/p2169388141-sredstvo-protiv-hrapa.html
антихрап,1665,3100882724,"Бандаж-пов'язка на голову Zband Антихрап, неопрен 2 мм, універсальний розмір",235,188,,0,Агро Драйв,251,True,https://prom.ua/ua/p3100882724-bandazh-povyazka-golovu.html
антихрап,1665,2843668619,Пластир тейп самоклеючий для запобігання хропіння уві сні 10 шт. Чорний,84,,,0,ВайсМарт,1016,True,https://prom.ua/ua/p2843668619-plastyr-tejp-samokleyaschijsya.html
антихрап,1665,3000110604,Пов'язка на голову Антихрап Zband для чоловіків засіб від хропіння бандаж проти хропіння,55,,,0,TAMA,1152,True,https://prom.ua/ua/p3000110604-povyazka-golovu-antihrap.html
антихрап,1665,1602769399,Засіб від хропіння магнітна кліпса антихрап Anti-Snore! BEST,248.60,161.59,,0,Magic Shop,1612,True,https://prom.ua/ua/p1602769399-sredstvo-hrapa-magnitnaya.html
антихрап,1665,1809281042,"Засіб від хропіння магнітна кліпса антихрап Anti-Snore, Ексклюзивний",248.60,161.59,,0,Digitals,982,True,https://prom.ua/ua/p1809281042-sredstvo-hrapa-magnitnaya.html
антихрап,1665,1809282521,"Засіб від хропіння магнітна кліпса антихрап Anti-Snore, Ексклюзивний",248.60,161.59,,0,Digitals,982,True,https://prom.ua/ua/p1809282521-sredstvo-hrapa-magnitnaya.html
антихрап,1665,1885639889,"Затискач для носа від хропіння, затискач для нейтралізації хропіння",39,,5,4,Glorymix,2760,True,https://prom.ua/ua/p1885639889-zazhim-dlya-nosa.html
антихрап,1665,3174963469,Гіпоалергенна дихаюча стрічка антихрап Premium Tape 30 штук,169,,,0,EasyBuy,6,True,https://prom.ua/ua/p3174963469-gipoallergennaya-dyshaschaya-lenta.html
антихрап,1665,2519430953,Магнітний розширювач проти храпа смужки антихрап кліпсу від хропіння для поліпшення дихання носа Intake 15 днів,250,97.50,3.2,8,MegaShop,3810,True,https://prom.ua/ua/p2519430953-magnitnyj-rasshiritel-protiv.html
антихрап,1665,3100945289,Силіконова капа від хропіння та бруксизму з термоформуванням,237,215,4.5,2,Belli Denti,5470,True,https://prom.ua/ua/p3100945289-silikonovaya-kapa-hrapa.html
антихрап,1665,3006646859,Капа нічна від хропіння та бруксизму TPE безпечна. Засіб від хропіння для сну універсальна капа в рот,726,226,,0,Shokotrend,2316,True,https://prom.ua/ua/p3006646859-kapa-nochnaya-hrapa.html
антихрап,1665,3006654853,Засіб від хропіння капа нічна універсальна TPE. Капа для щелепи індивідуальна від бруксизму та хропіння,325,226,,0,Интернет магазин GoGoShop,2639,True,https://prom.ua/ua/p3006654853-sredstvo-hrapa-kapona.html
антихрап,1665,2661855785,"Засіб, від, хропіння, затискач, прищіпка, на ніс, Noseclip, Anti Snore, 1 шт",74,,,0,"Техніка з Німеччини та США, (Нова та Вживана)",2680,True,https://prom.ua/ua/p2661855785-sredstvo-hrapa-zazhim.html
масажер для шиї,6145,1926320524,Масажер для шиї і плечей New Massager of Neck Kneading 2 роликовий з функцією обігріву 12V 24W Топ продаж,719,,4,1,Kozak Hookah - Магазин техніки та аксесуарів,12795,True,https://prom.ua/ua/p1926320524-massazhyor-dlya-shei.html
масажер для шиї,6145,2914724880,"Бездротовий роликовий масажер для шиї та плечей з підігрівом Shoulders & Neck N7, 10 режимів, акумуляторний, Зелений",1300,1235,,0,TechLine,168,True,https://prom.ua/ua/p2914724880-besprovodnoj-rolikovyj-massazher.html
масажер для шиї,6145,1853407958,"Масажер для шиї, плечей і спини з ІЧ-прогрівом Massager of Neck Kneading з прогріванням,масажер із ручками",910,691.60,4.9,52,PolonDom,3453,True,https://prom.ua/ua/p1853407958-massazher-dlya-shei.html
масажер для шиї,6145,2419674989,Масажер для шиї та спини універсальний Philips PPM3204N (розминальний масажер для шиї та плечей),3800,,,0,Айворі,108,True,https://prom.ua/ua/p2419674989-massazher-dlya-shei.html
масажер для шиї,6145,2234953827,"Масажер для шиї спини та тіла електричний із підігрівом, Масажер зігрівальний для комірової зони typeC",930,706.80,4.5,25,PolonDom,3453,True,https://prom.ua/ua/p2234953827-massazher-dlya-shei.html
масажер для шиї,6145,3002820520,Масажер для шиї та спини електричний електромасажер для плечей з підігрівом акумуляторний з імітацією рук біонічний,1996,998,4.8,20,Market108,3245,True,https://prom.ua/ua/p3002820520-massazher-dlya-shei.html
масажер для шиї,6145,3142432329,"Масажер для спини, шиї та плечей роликовий електричний з ІЧ-прогріванням, масажер для комірної зони,тіла та попереку,автомобільний",1480,740,4,1,МегаСтор,1698,True,https://prom.ua/ua/p3142432329-massazher-dlya-spiny.html
масажер для шиї,6145,2874400690,Масажер для шиї та плечей з імітацією рук Бездротовий шіацу-масажер з ІЧ-прогрівом OM227,672,,5,1,"Інтернет-магазин товарів для дому ""ОптМісто""",7293,True,https://prom.ua/ua/p2874400690-massazher-dlya-shei.html
масажер для шиї,6145,3142432250,"Роликовий масажер для шиї та спини електричний з підігрівом, інфрачервоний масажер з роликами для плечей,попереку та тіла,Massager",1490,745,,0,МегаСтор,1698,True,https://prom.ua/ua/p3142432250-rolikovyj-massazher-dlya.html
масажер для шиї,6145,3114178492,Бездротовий масажер для шиї та плечей з підігрівом XL,1500,799,,0,КУМ,355,True,https://prom.ua/ua/p3114178492-besprovodnoj-massazher-dlya.html
масажер для шиї,6145,1283014522,Масажер для шиї та плечей спини та попереку ІК-підігрівом,1050,880,4.7,50,Prime Choice - Кращий вибір,6502,True,https://prom.ua/ua/p1283014522-massazher-dlya-shei.html
масажер для шиї,6145,2876179705,"Бездротовий масажер для шиї та плечей Shoulders&Neck, 10 режимів інтенсивності роботи. Акумуляторний масажер",988,790.40,5,62,Інтернет-магазин focus-shop,5327,True,https://prom.ua/ua/p2876179705-besprovodnoj-massazher-dlya.html
масажер для шиї,6145,2016663277,Масажер для шиї і плечей New Massager of Neck Kneading 2 роликовий з функцією обігріву 12V 24W SV227,545,,4.9,11,SevenHome,22811,True,https://prom.ua/ua/p2016663277-massazhyor-dlya-shei.html
масажер для шиї,6145,2609012732,Масажер для шиї та спини Zabobon ZM-S002 з автоадаптером,2299,1999,5,2,Zenet Odesa Інтернет-магазин,912,True,https://prom.ua/ua/p2609012732-massazher-dlya-shei.html
масажер для шиї,6145,3124435334,Масажер для шиї та плечей з імітацією рук Бездротовий шіацу-масажер з ІЧ-прогрівом SV227,703,,4.9,12,SevenHome,22811,True,https://prom.ua/ua/p3124435334-massazher-dlya-shei.html
масажер для шиї,6145,2152174181,Масажер для шиї та плечей ударний з підігрівом вібромасажер масажна подушка для спини Massager Shoulder Neck Z9 70Вт акумулятор,2035,1017.50,,0,OPT-CITY Кращі ціни в інтернеті,3798,True,https://prom.ua/ua/p2152174181-massazher-dlya-shei.html
масажер для шиї,6145,3045500090,Масажер для шиї та спини PRO+ 4FIZJO,2200,1870,,0,Все O&K,454,True,https://prom.ua/ua/p3045500090-massazher-dlya-shei.html
масажер для шиї,6145,2872692599,Масажер для шиї та плечей з імітацією рук Бездротовий шіацу-масажер з ІЧ-прогрівом SN27,701,,5,10,Sense,27459,True,https://prom.ua/ua/p2872692599-massazher-dlya-shei.html
масажер для шиї,6145,2963813883,Масажери для шиї / плечей / спини / голови Шейний масажер шийного відділу електричний массажер шейного отдела от остеохондроза,1799,773.57,5,2,Empire-Shop,195,True,https://prom.ua/ua/p2963813883-elektromasazher-dlya-shiyi.html
масажер для шиї,6145,2530355498,"Масажер для шиї спини та тіла електричний із підігрівом, Масажер зігрівальний для комірової зони",950,712.50,5,2,Domovyonok,809,True,https://prom.ua/ua/p2530355498-massazher-dlya-shei.html
масажер для шиї,6145,2551162397,Масажер для шиї та спини Шіатсу з підігрівом MalTec,1092,,4.9,16,MagazinCo,7500,False,https://prom.ua/ua/p2551162397-massazher-dlya-shei.html
масажер для шиї,6145,2013627378,Масажер для шиї Xiaomi Jeeback Neck Massager K1,1349,,4.5,2,Felex,5067,True,https://prom.ua/ua/p2013627378-massazher-dlya-shei.html
масажер для шиї,6145,3017757873,Масажер для шиї спини з підігрівом Massager of neck kneading для використання в машині. Масажер для розслаблення м'язів шиї,1398,699,,0,SaleMarket,437,True,https://prom.ua/ua/p3017757873-massazher-dlya-shei.html
масажер для шиї,6145,3088575931,Масажер для шиї та спини Arboleaf MW10D Back Massager,2300,2070,,0,Amazon_Poltava_Box,36,False,https://prom.ua/ua/p3088575931-massazher-dlya-shei.html
масажер для шиї,6145,2655821847,"Масажер для шиї подушка, універсальний роликовий масажер.",2450,1960,,0,Трейдторгсервіс,1304,True,https://prom.ua/ua/p2655821847-massazher-dlya-shei.html
масажер для шиї,6145,3104696711,"Масажер для шиї та спини Brelley Shiatsu з підігрівом, пультом керування та автоадаптером, чорний",2750,2049,,0,MAVo,82,False,https://prom.ua/ua/p3104696711-massazher-dlya-shei.html
масажер для шиї,6145,2956237619,Масажер для шиї та плечової зони Resteck масажер для шиї з прогріванням EK-77 масажер для спини шиї та плечей роликовий в авто,4918,2459,,0,Afterturn,56,True,https://prom.ua/ua/p2956237619-massazher-dlya-shei.html
масажер для шиї,6145,3005234536,Масажер для шиї FORTHiQ Hand-Like для зняття болю в глибоких тканинах регульований нагрів та швидкість масажу Пошкоджена коробка,2300,,,0,IgTa Shop,77,False,https://prom.ua/ua/p3005234536-massazher-dlya-shei.html
масажер для шиї,6145,2114692289,"Електричний масажер для шиї спини та плечей A-Plus Neck Massager NEW з підігрівом, роликовий масажер шиацу",1998,839.16,4.8,26,Maximum Shopping,478,True,https://prom.ua/ua/p2114692289-elektricheskij-massazher-dlya.html
масажер для шиї,6145,1868162528,Масажер для шиї і плечей New Massager of Neck Kneading 2 роликовий з функцією обігріву 12V 24W EL0227,725,,,0,ELEXION,12233,True,https://prom.ua/ua/p1868162528-massazhyor-dlya-shei.html
масажер для шиї,6145,2934616101,"Масажер для шиї Cervical Massager EMS з підігрівом, керування на корпусі, електричний шийний масажер",799,679.15,,0,КрісталШоп,175,True,https://prom.ua/ua/p2934616101-massazher-dlya-shei.html
масажер для шиї,6145,1053779359,Масажер для шиї,1500,,,0,West-Imperia,664,True,https://prom.ua/ua/p1053779359-massazher-dlya-shei.html
масажер для шиї,6145,3012418268,"Масажер для шиї FORTHiQ FQ-ST350A з підігрівом, Shiatsu, бездротовий",2600,2499,,0,Ya.shop,665,False,https://prom.ua/ua/p3012418268-massazher-dlya-shei.html
масажер для шиї,6145,2214917893,Масажер для шиї та плечей з теплом VIKTOR JURGEN Shiatsu 110-240C,2290,1946.50,,0,Мегаплей,1115,False,https://prom.ua/ua/p2214917893-massazher-dlya-shei.html
масажер для шиї,6145,2883939735,"Масажер для шиї, масажер для шиї з підігрівом, масажер Шиацу В наявності бежевого кольору.",2400,,,0,Інтернет-магазин Gizmo,156,False,https://prom.ua/ua/p2883939735-massazher-dlya-shei.html
масажер для шиї,6145,2919939556,Електричний масажер для шиї та плечей Shoulders&Neck FM227,710,,4.9,22,FamilyMart,18816,True,https://prom.ua/ua/p2919939556-elektricheskij-massazher-dlya.html
масажер для шиї,6145,3202984133,"Масажер для шиї та спини JH-016 для зняття напруги в м'язах попереку, плечей та ніг, чорний колір",1479,,,0,Yasale,5,False,https://prom.ua/ua/p3202984133-massazher-dlya-shei.html
масажер для шиї,6145,2672965476,Масажер для шиї 7C-J12 бездротовий Шиацу з підігрівом 3 режими інтенсивності синій 590 г,2098,,,0,OnWay,779,False,https://prom.ua/ua/p2672965476-massazher-dlya-shei.html
масажер для шиї,6145,2687787888,Розумна подушка масажер для спини та шиї Xiaomi MiJia Smart Waist Massager (BHR8623CN),4099,,5,2,Felex,5067,True,https://prom.ua/ua/p2687787888-umnaya-podushka-massazher.html
масажер для шиї,6145,3168727082,"Універсальний масажер для спини, шиї та плечей з підігрівом, електричний роликовий прилад для розслаблення м'язів будинку",2240,1120,,0,VortexShop,57,True,https://prom.ua/ua/p3168727082-universalnyj-massazher-dlya.html
масажер для шиї,6145,2422663586,Універсальний роликовий масажер для спини шиї та плечей з ІЧ-прогрівом Philips,3900,,,0,Гроу Фаст,272,True,https://prom.ua/ua/p2422663586-universalnyj-rolikovyj-massazher.html
масажер для шиї,6145,3212150293,"Масажер для тіла HJ188 20 Вт, бездротовий роликовий масажер для шиї, плечей та спини, 2000 мА·год",1500,899,,0,tovarkastoreua,25,True,https://prom.ua/ua/p3212150293-massazher-dlya-tela.html
масажер для шиї,6145,2380128544,"Масажер для шиї акумуляторний електроімпульсний, з вібрацією та підігрівом",1899,,4.2,8,Sofania,2041,True,https://prom.ua/ua/p2380128544-massazher-dlya-shei.html
масажер для шиї,6145,3013356016,Бездротовий масажер для шиї та плечей ALLJOY CAMA2101 з підігрівом та 3D-шиацу,2390,,,0,"Інтернет магазин ""ЄВРО Shop""",147,False,https://prom.ua/ua/p3013356016-besprovodnoj-massazher-dlya.html
масажер для шиї,6145,2346842531,"Масажер для шиї з підігрівом, 3 режими, від USB, XL-653 / Електромасажер / Ударний масажер для спини",892.86,625,5,7,RedMoon,31713,True,https://prom.ua/ua/p2346842531-massazher-dlya-shei.html
масажер для шиї,6145,929948619,Масажер для шиї та спини Zabobon ZM-S002,2199,,5,5,Магазин масажерів Zabobon Shop,181,True,https://prom.ua/ua/p929948619-massazher-dlya-shei.html
масажер для шиї,6145,2839336674,Масажер для плечей і шиї ХО FG08 Beige (FG08.beige),999,799,,0,Promate,925,True,https://prom.ua/ua/p2839336674-massazher-dlya-plechej.html
масажер для шиї,6145,2853309237,"Масажер для шиї та плечей Beurer MG 154 4D шиацу, підігрів, автономна робота, USB-C",6844,,,0,Zenet Odesa Інтернет-магазин,912,True,https://prom.ua/ua/p2853309237-massazher-dlya-shei.html
масажер для шиї,6145,2655824770,"Масажер для шиї, плечей і спини з ІЧ-прогрівом Massager of Shiatsu з прогрівом,масажер роликовий",1040,780,5,8,Domovyonok,809,True,https://prom.ua/ua/p2655824770-massazher-dlya-shei.html
масажер для шиї,6145,2722253871,"Роликовий масажер для шиї та спини з інфрачервоним прогріванням, масажер для плечей, попереку та тіла для розслаблення м'язів",1926,963,,0,GoodShop,148,True,https://prom.ua/ua/p2722253871-rolikovyj-massazher-dlya.html
масажер для шиї,6145,2982345631,"Масажер для шиї Dr.Meeti BZ02, бездротового, підігрівання, вібрація, акумулятор 1500 мА·год, Amazon, Німеччина",1700,,,0,Свiт Технiки з Європи,1610,True,https://prom.ua/ua/p2982345631-massazher-dlya-shei.html
масажер для шиї,6145,3044358038,"Масажер для шиї з функцією нагрівання, електричний імпульсний масажер",787.50,669.38,,0,Maks-Mix,118,False,https://prom.ua/ua/p3044358038-massazher-dlya-shei.html
масажер для шиї,6145,2036382721,"Масажер для шиї, масажна подушка музична з динаміками блютус. Комфортна, підігрів, анатомічна .",2990,2392,,0,Трейдторгсервіс,1304,True,https://prom.ua/ua/p2036382721-massazher-dlya-shei.html
масажер для шиї,6145,2677709817,"Масажер з інфрачервоним підігрівом для шиї та плечей, Імпульсний масажер для шиї з підігрівом, Масажер для шиї та плечей",1150,575,5,1,Check Fast,549,True,https://prom.ua/ua/p2677709817-massazher-infrakrasnym-podogrevom.html
масажер для шиї,6145,2936492655,Масажер EasyFit Shiatsu для шиї (роликовий шиацу-масаж плечей і тіла),1099,1066.03,,0,Інтернет-магазин товарів для фітнесу Easy4Fit,84,True,https://prom.ua/ua/p2936492655-massazher-easyfit-shiatsu.html
масажер для шиї,6145,3129804244,"Масажер для шиї та плечей GW FLATSON JBY-827, роликовий масажер з імітацією людських рук, 10 Вт",2200,1400,,0,AlloShop,68,True,https://prom.ua/ua/p3129804244-massazher-dlya-shei.html
масажер для шиї,6145,2393531407,"Електричний масажер для шиї плечей з ІЧ-прогрівом electric massager, інфрачервоний масажер для тіла",790,,,0,Win-Shop,658,True,https://prom.ua/ua/p2393531407-elektricheskij-massazher-dlya.html
масажер для шиї,6145,2108317260,Роликовий масажер для тіла шиї Масажер для ступнів Масажери для спини і тіла шиї Масажний комір PMX,1992,996,4.9,7,"Інтернет магазин ""Eleven""",486,True,https://prom.ua/ua/p2108317260-rolikovyj-massazher-dlya.html
ортопедичні устілки,6423,2432350442,Устілки ортопедичні для берців,150,,5,5,КАМУФЛЯЖ-КР,458,True,https://prom.ua/ua/p2432350442-ustilki-ortopedichni-dlya.html
ортопедичні устілки,6423,3134038830,Гелеві устілки універсальні р.38-42 Устілки для взуття 28 см Ортопедичні устілки Силіконові устілки ARTK,300,150,,0,ART-Shop,683,True,https://prom.ua/ua/p3134038830-gelevye-stelki-universalnye.html
ортопедичні устілки,6423,2851293302,Устілки ортопедичні із супінатором підтримки стопи амортизувальні 35-40 розмір,200,,5,3,KlymkoF,918,True,https://prom.ua/ua/p2851293302-stelki-ortopedicheskie-supinatorom.html
ортопедичні устілки,6423,3124998481,Устілки ортопедичні дитячі універсальні 26-30 розмір (17-19.5 см),100,,,0,KlymkoF,918,True,https://prom.ua/ua/p3124998481-stelki-ortopedicheskie-detskie.html
ортопедичні устілки,6423,2488518164,Устілки ортопедичні з супінатором розмір 40-46,165,,4.9,41,KlymkoF,918,True,https://prom.ua/ua/p2488518164-stelki-ortopedicheskie-supinatorom.html
ортопедичні устілки,6423,1766169384,Преміум ортопедичні устілки каркасні з супінатором обрізні антибактеріальні беж 40-45р,290,,4.8,30,Корисні Речі,1074,True,https://prom.ua/ua/p1766169384-premium-ortopedicheskie-stelki.html
ортопедичні устілки,6423,2875008359,Устілки ортопедичні з супінатором Анатомічні спортивні устілки для взуття підрізні розмір 40-45 28.5см,309,209,4.5,23,HozLiner,749,True,https://prom.ua/ua/p2875008359-stelki-ortopedicheskie-supinatorom.html
ортопедичні устілки,6423,2393279935,Устілки для взуття під час п'яткової шпори ортопедичні для взуття гелеві-силіконові універсальні 38-43,944,424.80,4.2,5,Gvido Market,3048,True,https://prom.ua/ua/p2393279935-stelki-dlya-obuvi.html
ортопедичні устілки,6423,2796747012,Ортопедичні пінні устілки для збільшення зросту +2.5 / +3.5 см | Устілки для взуття з ефектом підйому п яти EVA,150,,4.3,6,krujevo. нижнее белье,835,True,https://prom.ua/ua/p2796747012-ortopedicheskie-pennye-stelki.html
ортопедичні устілки,6423,2410515553,"Ортопедичні устілки під час п'яткової шпори гелево-силіконові, універсальні для будь-якого взуття",680,476,4.7,16,LeVin,2113,True,https://prom.ua/ua/p2410515553-ortopedicheskie-stelki-pri.html
ортопедичні устілки,6423,3055513709,Ортопедичні устілки з жорстким супінатором і гелевою п'ятою універсальні (розмір 40-45) Чорні V&A,300,150,,0,Megapolis Shop,478,True,https://prom.ua/ua/p3055513709-ortopedicheskie-stelki-zhestkim.html
ортопедичні устілки,6423,2879238479,Ортопедичні устілки з супінатором Анатомічні устілки для взуття підрізні розмір 35-40 26см,309,209,4.2,5,HozLiner,749,True,https://prom.ua/ua/p2879238479-ortopedicheskie-stelki-supinatorom.html
ортопедичні устілки,6423,2874390635,"Обрізна ортопедичні устілки для взуття розмір 41-45 (28,0 см)",155,150,5,1,KidsMarket,109,True,https://prom.ua/ua/p2874390635-obreznaya-ortopedicheskie-stelki.html
ортопедичні устілки,6423,3198780913,Устілки ортопедичні з гелевою амортизацією та підтримкою стопи анатомічні устілки для кросівок підрізні розмір 35-40 250мм,189,129,,0,HozLiner,749,True,https://prom.ua/ua/p3198780913-stelki-ortopedicheskie-gelevoj.html
ортопедичні устілки,6423,2796731640,"Ортопедичні пінні устілки для збільшення зросту, Устілки для взуття з ефектом підйому п яти EVA",170,,4.4,10,bojenashop,228,True,https://prom.ua/ua/p2796731640-ortopedicheskie-pennye-stelki.html
ортопедичні устілки,6423,2674309369,Устілки ортопедичні з супінатором 35-40 розмір,165,,4.9,21,KlymkoF,918,True,https://prom.ua/ua/p2674309369-stelki-ortopedicheskie-supinatorom.html
ортопедичні устілки,6423,2548580182,Устілки ортопедичні з супінатором Анатомічні каркасні устілки для взуття обрізні Розмір 40-46 28.5см,239,169,4.9,28,HozLiner,749,True,https://prom.ua/ua/p2548580182-stelki-ortopedicheskie-supinatorom.html
ортопедичні устілки,6423,2824958573,Устілки ортопедичні з супінатором підтримки стопи амортизуючі розмір 41-46,200,,4.8,11,KlymkoF,918,True,https://prom.ua/ua/p2824958573-stelki-ortopedicheskie-supinatorom.html
ортопедичні устілки,6423,1861302548,Устілки ортопедичні з гелевою амортизацією та підтримкою стопи анатомічні устілки для кросівок підрізні розмір 40-45 285мм,189,129,4.9,8,HozLiner,749,True,https://prom.ua/ua/p1861302548-stelki-ortopedicheskie-gelevoj.html
ортопедичні устілки,6423,2762272797,Ортопедичні устілки для взуття з супінатором та амортизацією - підтримкою стопи,189,,5,3,«Fifa store”,132,False,https://prom.ua/ua/p2762272797-ortopedicheskie-stelki-dlya.html
ортопедичні устілки,6423,3093630789,Дитячі ортопедичні устілки Ortofix (Ортофікс) 8138 Юніор,590,572.30,,0,diamarket.com.ua - товары для диабетиков,2896,True,https://prom.ua/ua/p3093630789-detskie-ortopedicheskie-stelki.html
ортопедичні устілки,6423,3131207693,Ортопедичні каркасні напівустілки чорні пластичні для корекції плоскостопості підтримки склепіння стопи масажні універсальні 2 шт,90,,,0,SHOP-teremochek Інтернет магазин,1393,True,https://prom.ua/ua/p3131207693-ortopedicheskie-karkasnye-polustelki.html
ортопедичні устілки,6423,1982114483,Устілки великого розміру 46 - 48. Ортопедичні устілки універсальні обрізні. Спортивні устілки чоловічі великих розмірів,947,129,5,8,Tik Top Shop,2143,True,https://prom.ua/ua/p1982114483-stelki-bolshogo-razmera.html
ортопедичні устілки,6423,1081453840,Устілки ортопедичні анатомічні Bona SVCH Бона Розміри 36 37 38 39 40 41 42 43 44 45 46 47 48 49 50,319,199,5,24,"SONICR.com.ua discounter ""ТВІЙ ДЕНЬ""",4297,True,https://prom.ua/ua/p1081453840-stelki-ortopedicheskie-anatomicheskie.html
ортопедичні устілки,6423,3055514454,Чоловічі комфортні устілки р.42-46 Ортопедичні гелеві устілки для взуття Устілки для повсякденного взуття I&S,300,150,5,1,Megapolis Shop,478,True,https://prom.ua/ua/p3055514454-muzhskie-komfortnye-stelki.html
ортопедичні устілки,6423,2375885700,Устілки ортопедичні амортизуючі для підвищеного комфорту,150,100,4.3,8,Твій Стиль,1420,False,https://prom.ua/ua/p2375885700-stelki-ortopedicheskie-amortiziruyuschie.html
ортопедичні устілки,6423,1420300535,"Устілки силіконові для збільшення росту до 5 см Elevate Al Instanse, (супінатор, підп'ятник для висоти)",253,240,5,7,"Інтернет-магазин ""МадівіС""",4006,True,https://prom.ua/ua/p1420300535-stelki-silikonovye-dlya.html
ортопедичні устілки,6423,2410515557,"Ортопедичні устілки від плоскостопості та п'яткової шпори анатомічні, з супінатором і амортизатором п'яти",920,644,,0,LeVin,2113,True,https://prom.ua/ua/p2410515557-ortopedicheskie-stelki-ploskostopiya.html
ортопедичні устілки,6423,2966708205,Ортопедичні устілки з супінатором і гелевою п ятою 25-28 см,59,,4.3,6,GreatMix,5003,True,https://prom.ua/ua/p2966708205-ortopedicheskie-stelki-supinatorom.html
ортопедичні устілки,6423,2710783000,Універсальні ортопедичні устілки з жорстким супінатором і гелевою п'ятою (розмір 40-45) Чорні SPECTR,300,150,4.8,5,Spectr-Shop,271,True,https://prom.ua/ua/p2710783000-universalnye-ortopedicheskie-stelki.html
ортопедичні устілки,6423,2987122374,"Силіконові ортопедичні устілки при плоскостопості 8*5*0,5 см для стопи",79,,5,4,"Інтернет-магазин ""Eco-lider""",3608,True,https://prom.ua/ua/p2987122374-silikonovye-ortopedicheskie-stelki.html
ортопедичні устілки,6423,2745041566,"Устілки Соти поліуретанові спортивні ортопедичні чоловічі, обрізні, 40 45 розмір",100,85,,0,🌿 SevenMART 🛒- вам сподобається з нами,539,True,https://prom.ua/ua/p2745041566-stelki-soty-poliuretanovye.html
ортопедичні устілки,6423,2742351126,Ортопедичні устілки для Взуття Універсальні з жорстким Супінатором і Гелевою П'яткою DL424,200,75,3.5,6,"Вас вітає інтернет магазин ""Sales Spirit""",3175,True,https://prom.ua/ua/p2742351126-ortopedicheskie-stelki-dlya.html
ортопедичні устілки,6423,2852986135,Ортопедичні устілки WelnOve Carbon Fiber Sport S 37-38 (DT) (0425) УЦІНКА,2628,2496,,0,"Магазин ""ЕвроShop""",654,True,https://prom.ua/ua/p2852986135-ortopedicheskie-stelki-welnove.html
ортопедичні устілки,6423,2361898033,Ортопедичні регульовані устілки для збільшення росту. Ортопедичні устілки.,400,390,5,1,Scarb,464,True,https://prom.ua/ua/p2361898033-ortopedicheskie-reguliruemye-stelki.html
ортопедичні устілки,6423,1083879044,Устілки ортопедичні Супінатори дитячі та дорослі ВП-2.,495,,4.8,15,Ортопедичне взуття   Устілки,233,True,https://prom.ua/ua/p1083879044-ustilki-ortopedichni-supinatori.html
ортопедичні устілки,6423,1719854478,Ортопедичні устілки для взуття каркасні з супінатором обрізні 40-44р,190,,5,11,Корисні Речі,1074,True,https://prom.ua/ua/p1719854478-ortopedicheskie-stelki-karkasnye.html
ортопедичні устілки,6423,2444884347,"Устілки ортопедичні Premium з 3D- супінатором, обрізна 36-40 р",180,,5,2,Все для Тебе,465,True,https://prom.ua/ua/p2444884347-stelki-ortopedicheskie-premium.html
ортопедичні устілки,6423,3168770507,Каркасні шкіряні ортопедичні устілки 4Rest Orto Анатомічної форми Підтримка склепінь стопи Антиковзні,994,497,,0,Біоніка,7,True,https://prom.ua/ua/p3168770507-karkasnye-kozhanye-ortopedicheskie.html
ортопедичні устілки,6423,2548590859,Устілки ортопедичні з супінатором Анатомічні каркасні устілки для взуття обрізні Розмір 35-40 25см,239,169,5,8,HozLiner,749,True,https://prom.ua/ua/p2548590859-stelki-ortopedicheskie-supinatorom.html
ортопедичні устілки,6423,1743290344,Крекційні ортопедичні устілки Гучженцзi-WHIEDA,2500,,5,1,STEKO,121,True,https://prom.ua/ua/p1743290344-korrektsionnye-sortopedicheskie-stelki.html
ортопедичні устілки,6423,2731184050,Устілки ортопедичні обрізні Жіночі 230 250 мм,103.45,,5,1,🌿 SevenMART 🛒- вам сподобається з нами,539,True,https://prom.ua/ua/p2731184050-stelki-ortopedicheskie-obreznye.html
ортопедичні устілки,6423,2873015076,Устілки ортопедичні Соти великого розміру 46-48 амортизуючі дихаючі устілки для взуття підрізні,219,109,,0,HozLiner,749,True,https://prom.ua/ua/p2873015076-stelki-ortopedicheskie-soty.html
ортопедичні устілки,6423,2633933306,Дитячі ортопедичні устілки. Устілки обрізні універсальні 31-35 розміри. М'які дитячі устілки 1 пара,226,127,4,2,Интернет магазин GoGoShop,2639,True,https://prom.ua/ua/p2633933306-detskie-ortopedicheskie-stelki.html
ортопедичні устілки,6423,1926028262,Ортопедичні устілки Ortofix 829 Classic для повсякденного взуття р.40,765,,,0,ЕКОМЕД,1536,True,https://prom.ua/ua/p1926028262-ortopedicheskie-stelki-ortofix.html
ортопедичні устілки,6423,1942051477,Ортопедичні спортивні устілки Eva із супінатором захистом п'яти 43-48 (26.5-30 см.),190,139.99,5,1,DISTORE,11182,True,https://prom.ua/ua/p1942051477-ortopedicheskie-sportivnye-stelki.html
ортопедичні устілки,6423,2558165274,"Дитяче взуття Віталія з ортопедичною устілкою РОЗМІР (21-22,5), тапочки для дому та садочка з устілкою",300,,,0,Польский ДВОРИК,3710,True,https://prom.ua/ua/p2558165274-dityache-vzuttya-vitaliya.html
ортопедичні устілки,6423,1209050892,Устілки ортопедичні анатомічні Royna 0001 Bona Розміри 41 42,319,199,5,1,"SONICR.com.ua discounter ""ТВІЙ ДЕНЬ""",4297,True,https://prom.ua/ua/p1209050892-stelki-ortopedicheskie-anatomicheskie.html
ортопедичні устілки,6423,1892248273,"Ортопедичні устілки, що амортизують устілки для підвищеного комфорту, ортопед устілки 45-46р, 3 пари",499,350,5,1,Everyday Market,12924,True,https://prom.ua/ua/p1892248273-ortopedicheskie-stelki-amortiziruyuschie.html
ортопедичні устілки,6423,2018556911,Ортопедичні устілки з жорсткою п'ятою та валиком Зейца Arch 001 39-40р,276,,5,5,Rona Home,1172,True,https://prom.ua/ua/p2018556911-ortopedicheskie-stelki-zhestkoj.html
ортопедичні устілки,6423,2963878598,Ортопедичні устілки каркасні з супінатором анатомічні устілки для взуття з амортизацією п'яти,239,169,4.7,6,HozLiner,749,True,https://prom.ua/ua/p2963878598-ortopedicheskie-stelki-karkasnye.html
ортопедичні устілки,6423,745152717,"Ортопедичні устілки ВП-2, 14,5/15/16 см",460,,5,1,"Інтернет-магазин профілактично-ортопедичного взуття ""Здорові ніжки""",533,True,https://prom.ua/ua/p745152717-ortopedicheskie-stelki-1451516.html
ортопедичні устілки,6423,645675129,Kaps Anatomix - Ортопедичні устілки для діабетиків,574,,,0,Omedica Health & Beauty,1566,True,https://prom.ua/ua/p645675129-kaps-anatomix-ortopedicheskie.html
ортопедичні устілки,6423,2795681575,"Ортопедичні устілки обрізні, розмір 40-46, з супінатором (підтримкою стопи), дихаючі, від плоскостопості, підходять для спорту",400,249,5,1,TopGifts,963,True,https://prom.ua/ua/p2795681575-ortopedicheskie-stelki-obreznye.html
ортопедичні устілки,6423,2193478857,Устілки абоконові ортопедичні з перфорацією Orthopoint SL-502 гіпоалергенні устілки Розмір XXL (44-47) ALLe1663,1891.91,1663.91,,0,Інтернет-магазин Allegoriya,15154,True,https://prom.ua/ua/p2193478857-stelki-ilikonovye-ortopedicheskie.html
ортопедичні устілки,6423,1926028257,Ортопедичні устілки Ortofix 829 Classic для повсякденного взуття р.45,765,,,0,ЕКОМЕД,1536,True,https://prom.ua/ua/p1926028257-ortopedicheskie-stelki-ortofix.html
ортопедичні устілки,6423,745181859,"Ортопедичні устілки ВП-1, 16,5-22,5 см",470,,,0,"Інтернет-магазин профілактично-ортопедичного взуття ""Здорові ніжки""",533,True,https://prom.ua/ua/p745181859-ortopedicheskie-stelki-165.html
ортопедичні устілки,6423,2444962405,"Устілки силіконові ортопедичні GelActiv,обрізні універсальні 42-46 розмір",190,,5,2,Все для Тебе,465,True,https://prom.ua/ua/p2444962405-stelki-silikonovye-ortopedicheskie.html
бандаж на коліно,6016,1865525391,"Спортивний бандаж на коліно, стягуючий, еластичний із регульованими стрічками на липучках",441,374.85,4.7,3,HOPEshop,338,True,https://prom.ua/ua/p1865525391-sportivnyj-bandazh-koleno.html
бандаж на коліно,6016,2705553388,"Наколінники 2 шт бандажі на коліно, компресійні ортези з фіксатором SPECTR",560,280,4.8,54,Spectr-Shop,271,True,https://prom.ua/ua/p2705553388-nakolenniki-sht-bandazhi.html
бандаж на коліно,6016,3191388511,"Наколінник еластичний Knee Support з фіксувальними ременями, бандаж на коліно, фіксатор колінного суглоба для спорту, 1 шт",154.29,108,5,3,"SUPERSHOP супер ціни, супер вибір, супер покупки!",16941,True,https://prom.ua/ua/p3191388511-nakolennik-elastichnyj-knee.html
бандаж на коліно,6016,2092467672,"Бандаж на коліно Knee Support, наколінник фіксатор колінного суглобу, наколінник для спорту, розмір XXL, KNS-01-XXL",375,296,5,1,Шем,362,True,https://prom.ua/ua/p2092467672-bandazh-koleno-knee.html
бандаж на коліно,6016,3080274944,Бандаж на коліно для розвантаження та м'язової стабілізації фіксатор колінного суглоба,149,,,0,V_Trendi,147,True,https://prom.ua/ua/p3080274944-bandazh-koleno-dlya.html
бандаж на коліно,6016,2929890502,"Наколінники 2 шт бандажі на коліно, компресійні ортези з фіксатором SPECTR",560,280,5,1,Spectr-Shop,271,True,https://prom.ua/ua/p2929890502-nakolenniki-sht-bandazhi.html
бандаж на коліно,6016,2861407439,"Бандаж на коліно, наколінник, ортез на коліно з бічними стабілізаторами 4 шт. TaRGo, XL, колір чорний",733.60,598,4.9,13,Інтернет-магазин ПОЛЬ,1573,True,https://prom.ua/ua/p2861407439-bandazh-koleno-nakolennik.html
бандаж на коліно,6016,2176957816,"Бандаж колінного суглоба, наколінник еластичний із фіксатором коліна, бандаж на коліно компресійний бинт V&A",350,175,4.9,15,ART-Shop,683,True,https://prom.ua/ua/p2176957816-bandazh-kolennogo-sustavanakolennik.html
бандаж на коліно,6016,2672857476,Компресійний медичний наколінник для реабілітації з підігрівом бандаж Knee Support WN-26 еластичний,438,219,5,3,Інтернет магазин «Smart Life»,282,True,https://prom.ua/ua/p2672857476-kompressionnyj-meditsinskij-nakolennik.html
бандаж на коліно,6016,2790742658,"Колінний ортез, Наколінник, Динамічний бандаж, Бандаж для колінного суглоба, Фіксатор на коліно",250,,5,3,marketoptom,618,True,https://prom.ua/ua/p2790742658-kolennyj-ortez-nakolennik.html
бандаж на коліно,6016,2119523947,Фіксатор колінного суглоба для дорослих універсальний розмір. Бандаж на коліно чорний. Наколінники на липучках,856,157,5,4,"Інтернет-магазин ""Dianora-Style""",2294,True,https://prom.ua/ua/p2119523947-fiksator-kolennogo-sustava.html
бандаж на коліно,6016,2851403654,"Спортивний бандаж на коліно 1 шт, ортез колінного суглоба, ортопедичний наколінник суппорт з фіксуючим ременем",48,,4.8,13,GreatMix,5003,True,https://prom.ua/ua/p2851403654-sportivnyj-bandazh-koleno.html
бандаж на коліно,6016,1921342363,"Наколінники компресійні з ременем фіксатором Knee Support, еластичний бандаж на коліно,Фіксатор коліна,QWE",290,145,5,2,LITTLESHOP,526,True,https://prom.ua/ua/p1921342363-nakolenniki-kompressionnye-remnem.html
бандаж на коліно,6016,1501807251,"Наколінник фіксуючий (бандаж на коліно) MUTE 9052 з ребрами жорсткості та силіконовим кільцем, чорний (регульований розмір) 1 шт.",470,,5,2,chuku-sports.com.ua,2167,True,https://prom.ua/ua/p1501807251-nakolennik-fiksiruyuschij-bandazh.html
бандаж на коліно,6016,2861379796,Бандаж колінний компресійний Підтримка для колін Наколінник бандаж на колінний суглоб Фіксатори коліна,586,293,3,3,🔱 «Saturn» Компетентність! Якість товару! Швидка відправка! ✅,320,True,https://prom.ua/ua/p2861379796-bandazh-kolennyj-kompressionnyj.html
бандаж на коліно,6016,2994422011,"Еластичний бандаж на коліно Vilico M Синій 2 шт. компресійний наколінник для бігу,спорту, фітнесу, фіксатор колінного суглоба",736,588.80,5,1,Интернет-магазин U-Way — в один клік до мети.,84,True,https://prom.ua/ua/p2994422011-elastichnyj-bandazh-koleno.html
бандаж на коліно,6016,3030346437,"Наколінники (бандаж на коліно) компресійні Velico NRJ 2 шт (пара) для спорту,бігу,тренувань Чорно-синій М (NRJ-080-2-M_Blue)",630,,,0,Інтернет-магазин Go Active - коли спорт стає стилем життя!,95,True,https://prom.ua/ua/p3030346437-nakolenniki-bandazh-koleno.html
бандаж на коліно,6016,3205567488,"Компресійний наколінник з фіксатором для дорослих, еластичний бандаж на коліно універсальний темно-сірий",462,222,,0,💫 𝐎𝐍𝐋𝐈𝐍𝐄 𝐌𝐀𝐑𝐊𝐄𝐓 💫 – Актуальні товари за найвигіднішими цінами!,6973,True,https://prom.ua/ua/p3205567488-kompressionnyj-nakolennik-fiksatorom.html
бандаж на коліно,6016,2092467671,"Бандаж на коліно Knee Support, наколінник фіксатор колінного суглобу, наколінник для спорту, розмір XXXL, KNS-01-XXXL",375,266,,0,Шем,362,True,https://prom.ua/ua/p2092467671-bandazh-koleno-knee.html
бандаж на коліно,6016,3050291554,Захисний спортивний бандаж для стабілізації коліна Grant еластичний фіксатор колінного суглоба - ортез на коліно з ребрами жорстко,249,,1,1,V_Market,221,True,https://prom.ua/ua/p3050291554-zaschitnyj-sportivnyj-bandazh.html
бандаж на коліно,6016,2356970210,"Наколінники для суглобів турмалінові ортопедичні з магнітними вставками, універсальний розмір, 2 шт Чорні XL-332",500,297,,0,Шем,362,True,https://prom.ua/ua/p2356970210-nakolenniki-dlya-sustavov.html
бандаж на коліно,6016,1837510719,"Бандаж колінного суглоба зігріваючий, Mod: 802 р.8 (46,5-49 см) ТМ ""Білосніжка""",173,,,0,Хлорка,5670,True,https://prom.ua/ua/p1837510719-bandazh-kolennogo-sustava.html
бандаж на коліно,6016,2954720684,Бандаж на коліно з бамбуком R6105 підтримка суглоба та комфорт при русі,420,399,5,2,LiMerry,18,True,https://prom.ua/ua/p2954720684-bandazh-koleno-bambukom.html
бандаж на коліно,6016,1898138125,Бандаж на колінний суглоб BD AB066. M/38-40см. Напівжорсткий. Ребра жорсткості. Кільце-Фіксатор. Сіро-Чорний. Бандаж коліна. Ортез,425,284.75,5,4,"Інтернет-магазин «ЧАЙКА» — якісні товари для побуту, спорту, відпочинку та туризму.",1063,True,https://prom.ua/ua/p1898138125-bandazh-kolennyj-sustav.html
бандаж на коліно,6016,2970659105,"Колінний ортез, Наколінник, Динамічний бандаж, Бандаж для колінного суглоба, Фіксатор на коліно",250,,5,2,marketoptx,90,False,https://prom.ua/ua/p2970659105-kolennyj-ortez-nakolennik.html
бандаж на коліно,6016,3160477889,Наколінники ортопедичні 2 шт для суглобів динамічний бандаж на коліно 3D фіксатор колінного суглоба (SVS),564,406.08,,0,I NEED,1285,True,https://prom.ua/ua/p3160477889-nakolenniki-ortopedicheskie-sht.html
бандаж на коліно,6016,1888853818,Наколінники для волейболу з подушечками Asics (бандаж на коліно),640,,5,43,DynamicSport,777,True,https://prom.ua/ua/p1888853818-nakolenniki-dlya-volejbola.html
бандаж на коліно,6016,2208012321,Бандаж на колінний суглоб BD AB006U. S/36-38см. Напівжорсткий. Ребра жорсткості. Кільце-Фіксатор. Чорно-Сірий. Бандаж коліна.,550,330,5,6,"Інтернет-магазин «ЧАЙКА» — якісні товари для побуту, спорту, відпочинку та туризму.",1063,True,https://prom.ua/ua/p2208012321-bandazh-kolennyj-sustav.html
бандаж на коліно,6016,1865525636,"Еластичний бандаж на коліно, спортивний, ортопедичний, посттравматичний",441,374.85,5,1,HOPEshop,338,True,https://prom.ua/ua/p1865525636-bandazh-koleno-sportivnyj.html
бандаж на коліно,6016,2176957816,"Бандаж колінного суглоба, наколінник еластичний із фіксатором коліна, бандаж на коліно компресійний бинт V&A",350,175,4.9,15,ART-Shop,683,True,https://prom.ua/ua/p2176957816-bandazh-kolennogo-sustavanakolennik.html
бандаж на коліно,6016,1857230227,"Ортопедичний бандаж на коліно з регульованими, фіксуючими стрічками на ліпучках.",415,352.75,5,4,Сутулий SHOP,560,True,https://prom.ua/ua/p1857230227-ortopedicheskij-bandazh-koleno.html
бандаж на коліно,6016,2374579019,Бандаж на коліно ЕasyFit Bandage фіксатор колінного суглоба,169,129,4,1,PROFitSport.com.ua - Интернет-магазин спортинвентаря,2123,True,https://prom.ua/ua/p2374579019-bandazh-koleno-easyfit.html
бандаж на коліно,6016,1865558221,"Спортивний бандаж на коліно, ортопедична колінна суглоба, бандаж меніска.",415,352.75,5,6,Сутулий SHOP,560,True,https://prom.ua/ua/p1865558221-sportivnyj-bandazh-koleno.html
бандаж на коліно,6016,2879232336,Бандаж на коліно ЕasyFit Bandage фіксатор колінного суглоба,169,129,,0,PROFitSport.com.ua - Интернет-магазин спортинвентаря,2123,True,https://prom.ua/ua/p2879232336-bandazh-koleno-easyfit.html
бандаж на коліно,6016,1837436669,"Бандаж на колінний суглоб AIRM HEALTH з підігрівом, Чорний (8070)",699,429,,0,APRICE,3111,True,https://prom.ua/ua/p1837436669-bandazh-kolennyj-sustav.html
бандаж на коліно,6016,1856422868,Бандаж на коліно ортез підтримуючий захисний фіксатор LuTing для занять спортом,209,159,,0,Рокаток,2961,True,https://prom.ua/ua/p1856422868-bandazh-koleno-ortez.html
бандаж на коліно,6016,2176957803,"Бандаж колінного суглоба, наколінник еластичний із фіксатором коліна, бандаж на коліно компресійний бинт V&A",350,175,5,4,ART-Shop,683,True,https://prom.ua/ua/p2176957803-bandazh-kolennogo-sustavanakolennik.html
бандаж на коліно,6016,2861379811,Ортез колінний багатофункціональний саморегульований фіксатор коліна Бандаж на коліно для усунення болю,588,294,1,1,🔱 «Saturn» Компетентність! Якість товару! Швидка відправка! ✅,320,True,https://prom.ua/ua/p2861379811-ortez-kolennyj-mnogofunktsionalnyj.html
бандаж на коліно,6016,3065452389,"Бандаж на коліно Naturehike Dura-light NH15A001-m, чорний",330,,5,1,Adventure Gear,64,True,https://prom.ua/ua/p3065452389-bandazh-koleno-naturehike.html
бандаж на коліно,6016,3169665400,"Бандаж на коліно Naturehike NH20HJ008, р-р L, правий, чорний",640,,,0,Adventure Gear,64,True,https://prom.ua/ua/p3169665400-bandazh-koleno-naturehike.html
бандаж на коліно,6016,3000757197,Бандаж на коліно зі вставками Фіксатор колінного суглоба із силіконовою вставкою та пружинною опорою ортопедичний еластичний накол,250,237.50,,0,Дрібниця для побуту,500,False,https://prom.ua/ua/p3000757197-bandazh-koleno-vstavkami.html
бандаж на коліно,6016,1501807251,"Наколінник фіксуючий (бандаж на коліно) MUTE 9052 з ребрами жорсткості та силіконовим кільцем, чорний (регульований розмір) 1 шт.",470,,5,2,chuku-sports.com.ua,2167,True,https://prom.ua/ua/p1501807251-nakolennik-fiksiruyuschij-bandazh.html
бандаж на коліно,6016,3033513448,Бандаж на коліно еластичний з ременями XL 2шт IV-KNE506,300,,5,2,Sevn,609,True,https://prom.ua/ua/p3033513448-bandazh-koleno-elastichnyj.html
бандаж на коліно,6016,2384704692,Бандаж на коліно з металевими шарнірами Jialya Універсальний розмір S- XXL Чорний (М2620209),759,621,4.7,19,"интернет-магазин ""PRINTWOOD""",764,True,https://prom.ua/ua/p2384704692-bandazh-koleno-metallicheskimi.html
бандаж на коліно,6016,3191388511,"Наколінник еластичний Knee Support з фіксувальними ременями, бандаж на коліно, фіксатор колінного суглоба для спорту, 1 шт",154.29,108,5,3,"SUPERSHOP супер ціни, супер вибір, супер покупки!",16941,True,https://prom.ua/ua/p3191388511-nakolennik-elastichnyj-knee.html
бандаж на коліно,6016,1945631943,"Неопреновий бандаж на коліно Ersamed REF-100 для захисту і підтримки суглоба при травмах, артриті, бурситі, розтягненнях, спортивн",625,,,0,SXL,3383,True,https://prom.ua/ua/p1945631943-neoprenovyj-bandazh-koleno.html
бандаж на коліно,6016,1945632690,Ортез бандаж на коліно Ersamed REF-103 M з 4 спіральними ребрами жорсткості та силіконовим кільцем для стабілізації суглоба компре,1105,,,0,SXL,3383,True,https://prom.ua/ua/p1945632690-ortez-bandazh-koleno.html
бандаж на коліно,6016,3030346437,"Наколінники (бандаж на коліно) компресійні Velico NRJ 2 шт (пара) для спорту,бігу,тренувань Чорно-синій М (NRJ-080-2-M_Blue)",630,,,0,Інтернет-магазин Go Active - коли спорт стає стилем життя!,95,True,https://prom.ua/ua/p3030346437-nakolenniki-bandazh-koleno.html
бандаж на коліно,6016,2994422011,"Еластичний бандаж на коліно Vilico M Синій 2 шт. компресійний наколінник для бігу,спорту, фітнесу, фіксатор колінного суглоба",736,588.80,5,1,Интернет-магазин U-Way — в один клік до мети.,84,True,https://prom.ua/ua/p2994422011-elastichnyj-bandazh-koleno.html
бандаж на коліно,6016,1299500895,"Бандаж на коліно L, чорний, з пластиковими ребрами жорсткості, регульованою фіксацією та стабілізатором",420,340,5,5,Vugidno.in.ua,5107,True,https://prom.ua/ua/p1299500895-bandazh-koleno-chernyj.html
бандаж на коліно,6016,2994421995,"Бандаж на коліно компресійний Vilico M чорний 1 шт. наколінник для бігу, спорту, фітнесу, фіксатор колінного суглоба,еластичний",436,348.80,,0,Интернет-магазин U-Way — в один клік до мети.,84,False,https://prom.ua/ua/p2994421995-bandazh-koleno-kompressionnyj.html
бандаж на коліно,6016,1786140833,Фіксатор колінного суглоба спортивний наколенник з фіксуючим ременем Бандаж на коліно S-M,290,210,2,1,AlphaZONE - Інтернет гіпермаркет,2909,True,https://prom.ua/ua/p1786140833-fiksator-kolennogo-sustava.html
бандаж на коліно,6016,3181153650,"Жорсткий колінний ортез (2шт), Бандаж на коліно для занять спортом, Ортопедичний наколінник при артрозі колінного суглоба, NNH",1676,838,,0,UMIO,49,True,https://prom.ua/ua/p3181153650-bandazh-koleno-dlya.html
бандаж на коліно,6016,3181153665,"Бандаж на коліно для спортивних навантажень (2шт), Ортез жорсткої фіксації на коліно, Наколінники для пенсіонерів, NNH",1676,838,,0,UMIO,49,True,https://prom.ua/ua/p3181153665-bandazh-koleno-dlya.html
бандаж на коліно,6016,1722668005,Бандаж на коліно Scitec Nutrition - Knee Support Bandage 02 BLUE,712,,,0,VolvitShop,351,True,https://prom.ua/ua/p1722668005-bandazh-kolino-scitec.html
бандаж на коліно,6016,3129796355,Бандаж на коліно компресійний чорно-зелений розмір S еластичний щільний матеріал для підтримки колінного суглоба,206,144,,0,Вісім,146,True,https://prom.ua/ua/p3129796355-bandazh-koleno-kompressionnyj.html
бандаж на коліно,6016,3129796358,Бандаж на коліно компресійний XL чорно-зелений еластичний матеріал для фіксації колінного суглоба спорту та відновлення,206,144,,0,Вісім,146,True,https://prom.ua/ua/p3129796358-bandazh-koleno-kompressionnyj.html
бандаж на коліно,6016,3129796360,Бандаж на коліно компресійний чорно-помаранчевий розмір M еластичний щільний матеріал для підтримки та захисту суглоба,206,144,,0,Вісім,146,True,https://prom.ua/ua/p3129796360-bandazh-koleno-kompressionnyj.html
компресійні шкарпетки від варикозу,232,3028334671,"Компресійні гольфи Zip Sox, шкарпетки від варикозу Бежеві",186.45,175.26,,0,Talira — сучасний онлайн-магазин. Відправка Новою Поштою по Україні.,302,True,https://prom.ua/ua/p3028334671-kompressionnye-golfy-zip.html
компресійні шкарпетки від варикозу,232,1544589547,"Лікувальні компресійні гольфи від варикозу Zip Sox, Лікувальні шкарпетки",433,169,5,1,🌟 𝐏𝐑𝐈𝐌𝐈𝐍𝐆 🌟 – Ексклюзивні товари преміум-якості від офіційного дистриб'ютора!,5305,True,https://prom.ua/ua/p1544589547-lechebnye-kompressionnye-golfy.html
компресійні шкарпетки від варикозу,232,2037956160,"Компресійні Шкарпетки Гольфи від Варикозу на Блискавці ToeLab M87 - Медичні Лікувальні Дихаючі Гетри Панчохи на Замочку, One size,",226.71,,5,1,Кона,1066,True,https://prom.ua/ua/p2037956160-kompressionnye-noski-golfy.html
компресійні шкарпетки від варикозу,232,3178828646,"Гольфи від варикозу компресійні, Компресійні шкарпетки для перельоту, Компресійні панчохи при набряках при вагітності, NLG",1396,698,,0,Nordika,39,True,https://prom.ua/ua/p3178828646-kompressionnye-noski-dlya.html
компресійні шкарпетки від варикозу,232,3178828737,"Компресійні гольфи на блискавці, Компресійні панчохи після операції варикозу, Компресійні панчохи великих розмірів, NLG",1396,698,,0,Nordika,39,True,https://prom.ua/ua/p3178828737-kompressionnye-chulki-bolshih.html
компресійні шкарпетки від варикозу,232,3162706995,"Компресійні гольфи шкарпетки від варикозу та набряків ніг Compression Socks Black, Розмір L\XL",200,149,,0,𝐄-𝐒𝐡𝐨𝐩𝐢𝐧𝐠,9086,True,https://prom.ua/ua/p3162706995-kompressionnye-golfy-noska.html
компресійні шкарпетки від варикозу,232,3162712088,"Компресійні гольфи шкарпетки від варикозу та набряків ніг Compression Socks Beige, Розмір XXL",200,149,,0,𝐄-𝐒𝐡𝐨𝐩𝐢𝐧𝐠,9086,True,https://prom.ua/ua/p3162712088-kompressionnye-golfy-noska.html
компресійні шкарпетки від варикозу,232,3014936625,"Гольфи компресійні Zip Sox від варикозу на блискавці, Гольфи від варикозу, панчохи компресійні L/XL",278,275,5,2,DIGITAL-STORE,1464,True,https://prom.ua/ua/p3014936625-golfy-kompressionnye-zip.html
компресійні шкарпетки від варикозу,232,3162715569,"Компресійні гольфи шкарпетки від варикозу та набряків ніг Compression Socks Black, Розмір XXL",200,149,,0,𝐄-𝐒𝐡𝐨𝐩𝐢𝐧𝐠,9086,True,https://prom.ua/ua/p3162715569-kompressionnye-golfy-noska.html
компресійні шкарпетки від варикозу,232,3119284031,"Гольфи компресійні Zip Sox від варикозу на блискавці, Гольфи від варикозу, панчохи компресійні розмір S/M",278,273,,0,DIGITAL-STORE,1464,True,https://prom.ua/ua/p3119284031-golfy-kompressionnye-zip.html
компресійні шкарпетки від варикозу,232,3009444814,"Гольфи компресійні Zip Sox від варикозу на блискавці, Гольфи від варикозу, панчохи компресійні L/XL",278,,,0,Мобільні Аксесуари та Електроніка,4303,True,https://prom.ua/ua/p3009444814-golfy-kompressionnye-zip.html
компресійні шкарпетки від варикозу,232,3179199353,"Компресійні шкарпетки від варикозу, Панчохи компресійні чоловічі, Гольфи при варикозі для жінок, OLU",1412,706,,0,Aluri,37,True,https://prom.ua/ua/p3179199353-golfy-pri-varikoze.html
компресійні шкарпетки від варикозу,232,3178828647,"Медичні панчохи від варикозу, Компресійні гольфи шкарпетки, Гольфи від варикозу на блискавці, Компресійні панчохи для літака, NLG",1396,698,,0,Nordika,39,True,https://prom.ua/ua/p3178828647-golfy-varikoza-molnii.html
компресійні шкарпетки від варикозу,232,3162683793,"Компресійні гольфи шкарпетки від варикозу та набряків ніг Compression Socks Black, Розмір S/M",200,149,,0,𝐄-𝐒𝐡𝐨𝐩𝐢𝐧𝐠,9086,True,https://prom.ua/ua/p3162683793-kompressionnye-golfy-noska.html
компресійні шкарпетки від варикозу,232,3178828738,"Профілактичні панчохи від варикозу, Компресійні панчохи для операції жіночі, Панчохи компресійні для літака, NLG",1396,698,,0,Nordika,39,True,https://prom.ua/ua/p3178828738-kompressionnye-chulki-dlya.html
компресійні шкарпетки від варикозу,232,3094814402,"Компресійні гольфи Zip Sox, шкарпетки від варикозу Бежеві",186,,,0,Крафтер Тех,245,True,https://prom.ua/ua/p3094814402-kompressionnye-golfy-zip.html
компресійні шкарпетки від варикозу,232,3178828741,"Панчохи компресійні чоловічі, Компресійні шкарпетки від варикозу, Гольфи при варикозі для жінок, NLG",1396,698,,0,Nordika,39,True,https://prom.ua/ua/p3178828741-chulki-kompressionnye-muzhskie.html
компресійні шкарпетки від варикозу,232,1921496851,Компресійні Шкарпетки ToeLab M109 від Варикозу 1пара - Спортивні Лікувальні Гетри для Бігу Панчохи Гольфи Бежеві (50230773),296.01,236.61,1,1,Кона,1066,True,https://prom.ua/ua/p1921496851-kompressionnye-noski-toelab.html
компресійні шкарпетки від варикозу,232,3179199348,"Панчохи компресійні при вагітності, Гольфи від варикозу вен на ногах, Противарикозні панчохи, OLU",1412,706,,0,Aluri,37,True,https://prom.ua/ua/p3179199348-protivovarikoznye-chulki-golfy.html
компресійні шкарпетки від варикозу,232,3162634641,"Компресійні гольфи шкарпетки від варикозу та набряків ніг Compression Socks Beige, Розмір S/M",200,149,,0,𝐄-𝐒𝐡𝐨𝐩𝐢𝐧𝐠,9086,True,https://prom.ua/ua/p3162634641-kompressionnye-golfy-noska.html
компресійні шкарпетки від варикозу,232,2139060558,"Компресійні гольфи від варикозу Zip Sox, облягаючі лікувальні панчохи, шкарпетки для фіксації щиколоток Зіп Сокс зі змійкою,,,",394.10,275.87,5,1,EliteShops,374,True,https://prom.ua/ua/p2139060558-kompressionnye-golfy-varikoza.html
компресійні шкарпетки від варикозу,232,2228466798,"Компресійні гольфи від варикозу Zip Sox, обтислі лікувальні панчохи, шкарпетки для фіксації щиколоток Зіп Сокс! Якісний",394.10,275.87,,0,Топ Шоп,689,True,https://prom.ua/ua/p2228466798-kompressionnye-golfy-varikoza.html
компресійні шкарпетки від варикозу,232,2128960023,"Компресійні гольфи від варикозу Zip Sox, облягаючі лікувальні панчохи, шкарпетки для фіксації щиколоток Зіп Сокс зі змійкою,!!!",394.10,275.87,,0,Fast Devilery,444,True,https://prom.ua/ua/p2128960023-kompressionnye-golfy-varikoza.html
компресійні шкарпетки від варикозу,232,3180055643,"Компресійні шкарпетки від варикозу, Панчохи компресійні чоловічі, Гольфи при варикозі для жінок, PRE",1436,718,,0,Kivo,39,True,https://prom.ua/ua/p3180055643-kompressionnye-noski-varikoza.html
компресійні шкарпетки від варикозу,232,2081052511,Компресійні гольфи Zip Sox (шкарпетки від варикозу зіп-сокс),177.50,,,0,Інтернет - Магазин SmilShop,1126,True,https://prom.ua/ua/p2081052511-kompressionnye-golfy-zip.html
компресійні шкарпетки від варикозу,232,1910822354,Компресійні Шкарпетки ToeLab M109CB від Варикозу 1пара - Спортивні Лікувальні Гетри для Бігу Панчохи Гольфи Чорні з Коричневим,204.93,197.01,5,1,Кона,1066,True,https://prom.ua/ua/p1910822354-kompressionnye-noski-toelab.html
компресійні шкарпетки від варикозу,232,3180055638,"Гольфи від варикозу вен на ногах, Противарикозні панчохи, Панчохи компресійні при вагітності, PRE",1436,718,,0,Kivo,39,True,https://prom.ua/ua/p3180055638-chulki-kompressionnye-pri.html
компресійні шкарпетки від варикозу,232,3181153015,"Панчохи компресійні при вагітності, Гольфи від варикозу вен на ногах, Противарикозні панчохи, NNH",1404,702,,0,UMIO,49,True,https://prom.ua/ua/p3181153015-golfy-varikoza-ven.html
компресійні шкарпетки від варикозу,232,3163407196,"Компресійні гольфи шкарпетки від варикозу та набряків ніг Compression Socks Beige, Розмір L\XL",200,149,,0,𝐢𝐒𝐡𝐨𝐩𝐩𝐢𝐧𝐠,2250,True,https://prom.ua/ua/p3163407196-kompressionnye-golfy-noska.html
компресійні шкарпетки від варикозу,232,1805512400,Колготи компресійні від варикозу з відкритим шкарпеткою Orthopoint ERSA-511-1 антиварикозні колготи Розмір XL,1413,,,0,Sova market,1574,True,https://prom.ua/ua/p1805512400-kolgoty-kompressionnye-varikoza.html
компресійні шкарпетки від варикозу,232,3163407197,"Компресійні гольфи шкарпетки від варикозу та набряків ніг Compression Socks Black, Розмір L\XL",200,149,,0,𝐢𝐒𝐡𝐨𝐩𝐩𝐢𝐧𝐠,2250,True,https://prom.ua/ua/p3163407197-kompressionnye-golfy-noska.html
компресійні шкарпетки від варикозу,232,3163407198,"Компресійні гольфи шкарпетки від варикозу та набряків ніг Compression Socks Beige, Розмір XXL",200,149,,0,𝐢𝐒𝐡𝐨𝐩𝐩𝐢𝐧𝐠,2250,True,https://prom.ua/ua/p3163407198-kompressionnye-golfy-noska.html
компресійні шкарпетки від варикозу,232,3194311893,LB Компресійні гольфи Zip Smart Option Sox бежеві шкарпетки від варикозу для профілактики здоров'я ніг SIM-4K9,308,255,,0,LOLASHOP,103,True,https://prom.ua/ua/p3194311893-kompressionnye-golfy-zip.html
компресійні шкарпетки від варикозу,232,3178828736,"Панчохи компресійні при вагітності, Гольфи від варикозу вен на ногах, Противарикозні панчохи, NLG",1396,698,,0,Nordika,39,True,https://prom.ua/ua/p3178828736-protivovarikoznye-chulki-golfy.html
компресійні шкарпетки від варикозу,232,3180055548,"Гольфи від варикозу на блискавці, Компресійні гольфи шкарпетки, Компресійні панчохи для літака, Медичні панчохи від варикозу, PRE",1436,718,,0,Kivo,39,True,https://prom.ua/ua/p3180055548-kompressionnye-golfy-noski.html
компресійні шкарпетки від варикозу,232,3146419361,Компресійні гольфи Zip Sox шкарпетки від варикозу для профілактики втоми ніг з масажним ефектом,391,195.50,,0,KOMORA,101,True,https://prom.ua/ua/p3146419361-kompressionnye-golfy-zip.html
компресійні шкарпетки від варикозу,232,3180055640,"Профілактичні панчохи від варикозу, Компресійні панчохи для операції жіночі, Панчохи компресійні для літака, PRE",1436,718,,0,Kivo,39,True,https://prom.ua/ua/p3180055640-chulki-kompressionnye-dlya.html
компресійні шкарпетки від варикозу,232,3181153020,"Панчохи компресійні чоловічі, Компресійні шкарпетки від варикозу, Гольфи при варикозі для жінок, NNH",1404,702,,0,UMIO,49,True,https://prom.ua/ua/p3181153020-golfy-pri-varikoze.html
компресійні шкарпетки від варикозу,232,3218985315,"Компресійні гольфи Zip Sox, шкарпетки від варикозу",395,,,0,TechGo,0,True,https://prom.ua/ua/p3218985315-kompresijni-golfi-zip.html
компресійні шкарпетки від варикозу,232,3219013231,"Компресійні гольфи Zip Sox, шкарпетки від варикозу Бежеві",395,,,0,TechGo,0,True,https://prom.ua/ua/p3219013231-kompresijni-golfi-zip.html
компресійні шкарпетки від варикозу,232,3163407199,"Компресійні гольфи шкарпетки від варикозу та набряків ніг Compression Socks Black, Розмір XXL",200,149,,0,𝐢𝐒𝐡𝐨𝐩𝐩𝐢𝐧𝐠,2250,True,https://prom.ua/ua/p3163407199-kompressionnye-golfy-noska.html
компресійні шкарпетки від варикозу,232,1761128853,Лікувальні компресійні гольфи від варикозу Zip Sox | Лікувальні шкарпетки L/XL,180,162,5,2,Mega-Tovarka📦💙💛,5801,True,https://prom.ua/ua/p1761128853-lechebnye-kompressionnye-golfy.html
компресійні шкарпетки від варикозу,232,2934089652,Компресійні гольфи Zip Sox шкарпетки від варикозу зміцнюють вени,252,200,,0,AmmuNation,976,True,https://prom.ua/ua/p2934089652-kompressionnye-golfy-zip.html
компресійні шкарпетки від варикозу,232,3094814401,"Компресійні гольфи Zip Sox, шкарпетки від варикозу",186,,,0,Крафтер Тех,245,True,https://prom.ua/ua/p3094814401-kompressionnye-golfy-zip.html
компресійні шкарпетки від варикозу,232,3161330880,"Компресійні гольфи Zip Sox, шкарпетки від варикозу з Фліски толстовки светри тактичні",169,,,0,⭐️(5.0) 7top - перевірені топові товари та обслуговування,322,True,https://prom.ua/ua/p3161330880-kompresijni-golfi-zip.html
компресійні шкарпетки від варикозу,232,3161336957,"Компресійні гольфи Zip Sox, шкарпетки від варикозу Бежеві з Фліски толстовки світери тактичні",169,,,0,⭐️(5.0) 7top - перевірені топові товари та обслуговування,322,True,https://prom.ua/ua/p3161336957-kompresijni-golfi-zip.html
компресійні шкарпетки від варикозу,232,3180055639,"Компресійні гольфи на блискавці, Компресійні панчохи великих розмірів, Компресійні панчохи після операції варикозу, PRE",1436,718,,0,Kivo,39,True,https://prom.ua/ua/p3180055639-kompressionnye-chulki-bolshih.html
компресійні шкарпетки від варикозу,232,2185070132,Лікувальні компресійні гольфи від варикозу на блискавці Zip Sox (Зип Сокс) | Лікувальні шкарпетки Бежеві,605,,,0,Подарунки  𝓈𝒹𝓊𝓈𝒽𝑜𝒾 для Вас!!!,926,True,https://prom.ua/ua/p2185070132-likuvalni-kompresijni-golfi.html
компресійні шкарпетки від варикозу,232,3179199259,"Компресійні шкарпетки для перельоту, Гольфи від варикозу компресійні, Компресійні панчохи при набряках при вагітності, OLU",1412,706,,0,Aluri,37,True,https://prom.ua/ua/p3179199259-golfy-varikoza-kompressionnye.html
компресійні шкарпетки від варикозу,232,2622353560,Компресійні шкарпетки Beister 20-30 мм рт. ст. для підтримки гомілки,450,,,0,Mix-Tonis,537,False,https://prom.ua/ua/p2622353560-kompressionnye-noski-beister.html
компресійні шкарпетки від варикозу,232,2827302276,"Компресійні гольфи Zip Sox, шкарпетки від варикозу",203.40,,,0,jekol.store,64,True,https://prom.ua/ua/p2827302276-kompressionnye-golfy-zip.html
компресійні шкарпетки від варикозу,232,3179199208,"Панчохи для варикозу, Шкарпетки для варикозу, Компресійні панчохи від варикозу, Компресійна панчоха чоловіча, OLU",1412,706,,0,Aluri,37,True,https://prom.ua/ua/p3179199208-kompressionnyj-chulok-muzhskoj.html
компресійні шкарпетки від варикозу,232,3179199260,"Гольфи від варикозу на блискавці, Компресійні гольфи шкарпетки, Компресійні панчохи для літака, Медичні панчохи від варикозу, OLU",1412,706,,0,Aluri,37,True,https://prom.ua/ua/p3179199260-golfy-varikoza-molnii.html
компресійні шкарпетки від варикозу,232,3107028920,"Компресійні гольфи Zip Sox, шкарпетки від варикозу, різні рівні компресії",249,,,0,SpaceX,43,True,https://prom.ua/ua/p3107028920-kompressionnye-golfy-zip.html
компресійні шкарпетки від варикозу,232,1465793302,"Гольфи проти варикозу Zip Sox, шкарпетки від варикозу зип-оксид, компресійні гольфи! бежеві",161,,,0,Илюшка,3239,True,https://prom.ua/ua/p1465793302-golfy-varikoza-zip.html
компресійні шкарпетки від варикозу,232,2911753442,MK Компресійні гольфи Zip Classic Line Sox шкарпетки від варикозу для покращення кровообігу та профіла PAP10\W,362,261,,0,VinKateShop,188,True,https://prom.ua/ua/p2911753442-kompressionnye-golfy-zip.html
компресійні шкарпетки від варикозу,232,3146991305,"Компресійні гольфи Zip Sox, шкарпетки від варикозу",155.25,,,0,Best Store,66,True,https://prom.ua/ua/p3146991305-kompressionnye-golfy-zip.html
компресійні шкарпетки від варикозу,232,2228438067,"Компресійні гольфи Zip Sox, шкарпетки від варикозу зип-оксид чорні! Якісний",401.70,281.19,,0,Топ Шоп,689,True,https://prom.ua/ua/p2228438067-kompressionnye-golfy-zip.html
пояс для схуднення,5959,2381706143,Пояс для схуднення неопреновий 30х110 см 4 мм SVN-0288,312,265.20,5,1,Sevn,609,True,https://prom.ua/ua/p2381706143-poyas-dlya-shudnennya.html
пояс для схуднення,5959,2381706144,Пояс для схуднення неопреновий 30х110 см 6 мм SVN-0289,488,,,0,Sevn,609,True,https://prom.ua/ua/p2381706144-poyas-dlya-shudnennya.html
пояс для схуднення,5959,3219639320,Пояс для схуднення PowerPlay 4301 (100*30 см) + карман для смартфона Чорний brooklyn,584,467,,0,Brooklyn,573,True,https://prom.ua/ua/p3219639320-poyas-dlya-shudnennya.html
пояс для схуднення,5959,2381706146,Пояс для схуднення неопреновий 25х100 см 6 мм SVN-0291,380,,,0,Sevn,609,True,https://prom.ua/ua/p2381706146-poyas-dlya-shudnennya.html
пояс для схуднення,5959,3219639318,Пояс для схуднення PowerPlay 4301 (100*30 см) Чорний brooklyn,514,411,,0,Brooklyn,573,True,https://prom.ua/ua/p3219639318-poyas-dlya-shudnennya.html
пояс для схуднення,5959,2381706148,Пояс для схуднення неопреновий 20х100 см 6 мм SVN-0293,319,,,0,Sevn,609,True,https://prom.ua/ua/p2381706148-poyas-dlya-shudnennya.html
пояс для схуднення,5959,2818091550,Спортивний пояс для схуднення Електричний міостимулятор для спалювання жиру Пояс для м'язів живота,510,408,,0,Domilio,332,True,https://prom.ua/ua/p2818091550-sportivnyj-poyas-dlya.html
пояс для схуднення,5959,3208170630,Пояс-сауна для схуднення Sauna Belt NE-MS-BT20 brooklyn,520,416,,0,Brooklyn,573,True,https://prom.ua/ua/p3208170630-poyas-sauna-dlya.html
пояс для схуднення,5959,1348828571,"Пояс для схуднення Tummy Tuck, що моделює стягування, Таммі Так",253,149,,0,⚡️ 𝐆𝐫𝐚𝐧𝐝𝐌𝐚𝐫𝐤𝐞𝐭 ⚡️ – Трендові товари за найнижчими цінами,6373,True,https://prom.ua/ua/p1348828571-modeliruyuschij-utyagivayuschij-poyas.html
пояс для схуднення,5959,2304068887,Масажний пояс для схуднення живота і преса міостимулятор EMS електростимулятор з підігрівом масажем талії корекція форми,949,379,4.6,9,💡 SVITAЄ - Перевірена техніка для дому та гаджети для догляду за собою,1934,True,https://prom.ua/ua/p2304068887-massazhnyj-poyas-dlya.html
пояс для схуднення,5959,1348827870,Пояс для схуднення Hot Shapers,319,118,,0,⚡️ 𝐆𝐫𝐚𝐧𝐝𝐌𝐚𝐫𝐤𝐞𝐭 ⚡️ – Трендові товари за найнижчими цінами,6373,True,https://prom.ua/ua/p1348827870-poyas-dlya-pohudeniya.html
пояс для схуднення,5959,1348828037,"Пояс для схуднення Hot Shapers Power Belt стягуючий, підтримуючий",311,177,,0,⚡️ 𝐆𝐫𝐚𝐧𝐝𝐌𝐚𝐫𝐤𝐞𝐭 ⚡️ – Трендові товари за найнижчими цінами,6373,True,https://prom.ua/ua/p1348828037-poyas-dlya-pohudeniya.html
пояс для схуднення,5959,1348829103,Пояс для схуднення Hot Shapers розмір S та інші S-XXXL,191,101,,0,⚡️ 𝐆𝐫𝐚𝐧𝐝𝐌𝐚𝐫𝐤𝐞𝐭 ⚡️ – Трендові товари за найнижчими цінами,6373,True,https://prom.ua/ua/p1348829103-poyas-dlya-pohudeniya.html
пояс для схуднення,5959,1348829104,Пояс для схуднення Hot Shapers розмір M та інші S-XXXL,206,103,,0,⚡️ 𝐆𝐫𝐚𝐧𝐝𝐌𝐚𝐫𝐤𝐞𝐭 ⚡️ – Трендові товари за найнижчими цінами,6373,True,https://prom.ua/ua/p1348829104-poyas-dlya-pohudeniya.html
пояс для схуднення,5959,1920270622,"Пояс для схуднення SNS неопреновий 110х30х0,4 см",299,,,0,sportatletika,1979,True,https://prom.ua/ua/p1920270622-poyas-dlya-pohudeniya.html
пояс для схуднення,5959,3129916422,"Супер Пояс для схуднення Sweat з ефектом сауни для схуднення живота та боків, один розмір",359,259,,0,Vytsiv shop🌋📦,2510,True,https://prom.ua/ua/p3129916422-super-poyas-dlya.html
пояс для схуднення,5959,2606206081,Електричний міостимулятор для спалювання жиру Тренажер для преса та живота електричний Пояс для схуднення EQ-66,745,596,5,1,TOPSHOP1000,299,True,https://prom.ua/ua/p2606206081-elektricheskij-miostimulyator-dlya.html
пояс для схуднення,5959,1806549272,Пояс для схуднення Ab Tronic X2 (Аб Тронік) Міостимулятор AB Tronic X2,535.50,,4,1,Турборакета,271,True,https://prom.ua/ua/p1806549272-poyas-dlya-shudnennya.html
пояс для схуднення,5959,1806549531,Пояс для схуднення Ab Tronic X2 (Аб Тронік) Міостимулятор AB Tronic X2,535.50,,,0,Турборакета,271,True,https://prom.ua/ua/p1806549531-poyas-dlya-shudnennya.html
пояс для схуднення,5959,1928082484,Пояс для схуднення SNS неопреновий 105х23х0.4 см,260,,,0,Record Sport,2288,True,https://prom.ua/ua/p1928082484-poyas-dlya-pohudeniya.html
пояс для схуднення,5959,3138811608,Пояс для схуднення SUNEX ширина 30см,669,499,,0,Інтернет-магазин Go Active - коли спорт стає стилем життя!,95,True,https://prom.ua/ua/p3138811608-poyas-dlya-shudnennya.html
пояс для схуднення,5959,3138811907,Пояс для схуднення SUNEX TINA GB-3051 ширина 25,559,419,,0,Інтернет-магазин Go Active - коли спорт стає стилем життя!,95,True,https://prom.ua/ua/p3138811907-poyas-dlya-shudnennya.html
пояс для схуднення,5959,3138812294,Пояс для схуднення SUNEX MONALISA ширина 20см GB-3050,479,359,,0,Інтернет-магазин Go Active - коли спорт стає стилем життя!,95,True,https://prom.ua/ua/p3138812294-poyas-dlya-shudnennya.html
пояс для схуднення,5959,1747395287,"Hot Shapers - Пояс для схуднення (Хот Шейперс) ""XXL""",199,,,0,Сто вітамінок,2521,True,https://prom.ua/ua/p1747395287-hot-shapers-poyas.html
пояс для схуднення,5959,817105762,"Неопреновий пояс для схуднення Vulkan Classic (Вулкан Класик), Синій, з доставкою по Україні",561.25,449,,0,💙💛 24/7 buy цілодобовий магазин з топовими товарами 👌% 🚚 ⤵,2608,True,https://prom.ua/ua/p817105762-neoprenovij-poyas-dlya.html
пояс для схуднення,5959,970098405,"Утягуючий пояс для схуднення з ефектом сауни, Пояс для корекції фігури Неопреновий SUNEX Синій (52)",658,493.50,5,1,UNICUMSHOP,2388,True,https://prom.ua/ua/p970098405-utyagivayuschij-poyas-dlya.html
пояс для схуднення,5959,970701710,"Пояс вулкан, Зігріваючий пояс для схуднення, Пояс неопреновий з ефектом сауни SUNEX Синій (52)",658,493.50,5,1,UNICUMSHOP,2388,True,https://prom.ua/ua/p970701710-poyas-vulkan-sogrevayuschij.html
пояс для схуднення,5959,2033011581,"Фітнес пояс для схуднення неопреновий, Жироспалюючий пояс для живота для схуднення 100 х 30 см Синій (52)",658,493.50,5,2,UNICUMSHOP,2388,True,https://prom.ua/ua/p2033011581-fitnes-poyas-dlya.html
пояс для схуднення,5959,2094650436,"Фітнес пояс для схуднення неопреновий, Жироспалюючий пояс для живота для схуднення SUNEX Синій (52)",658,493.50,5,3,UNICUMSHOP,2388,True,https://prom.ua/ua/p2094650436-fitnes-poyas-dlya.html
пояс для схуднення,5959,1389139349,Пояс для схуднення PowerPlay 4301 (100*30 см) + кишеня для смартфона Чорний,700,525,,0,Інтернет-магазин Allegoriya,15154,True,https://prom.ua/ua/p1389139349-poyas-dlya-shudnennya.html
пояс для схуднення,5959,2307934228,Пояс для схуднення сауна антицилюлітний для живота боків обруча тренувань Newt Sauna Belt NE-MS-BT20,207,175.95,4.3,3,Newt,851,True,https://prom.ua/ua/p2307934228-poyas-sauna-dlya.html
пояс для схуднення,5959,2698499299,"Супер Пояс для схуднення Sweat з ефектом сауни для схуднення живота та боків, один розмір",359,259,,0,Dollar Shop,1088,True,https://prom.ua/ua/p2698499299-super-poyas-dlya.html
пояс для схуднення,5959,2541985935,Пояс-сауна для схуднення неопреновий пояс з ефектом сауни Newt Sauna Belt довжина 100 см синій,229,,,0,Sportinvent - спортивний інтернет магазин,1998,True,https://prom.ua/ua/p2541985935-poyas-sauna-dlya.html
пояс для схуднення,5959,10326350,Пояс для схуднення неопреновий Weilong Classic (90*17 см) (аналог вулкан),160,,5,1,Интернет магазин Левиспорт,1489,True,https://prom.ua/ua/p10326350-poyas-dlya-pohudeniya.html
пояс для схуднення,5959,1466382736,Фітнес- пояс AOLIKES для схуднення та занять спортом L синій 01209,370,,,0,Accessory,912,False,https://prom.ua/ua/p1466382736-fitnes-poyas-aolikes.html
пояс для схуднення,5959,1466382738,Фітнес- пояс AOLIKES для схуднення та занять спортом L чорний 01207,370,,,0,Accessory,912,False,https://prom.ua/ua/p1466382738-fitnes-poyas-aolikes.html
пояс для схуднення,5959,1466390425,Фітнес- пояс СНАОВА для схуднення та занять спортом L чорний 01401,220,,,0,Accessory,912,True,https://prom.ua/ua/p1466390425-fitnes-poyas-snaova.html
пояс для схуднення,5959,1466390426,Фітнес- пояс СНАОВА для схуднення та занять спортом L синій 01402,280,,,0,Accessory,912,True,https://prom.ua/ua/p1466390426-fitnes-poyas-snaova.html
пояс для схуднення,5959,2818091550,Спортивний пояс для схуднення Електричний міостимулятор для спалювання жиру Пояс для м'язів живота,510,408,,0,Domilio,332,True,https://prom.ua/ua/p2818091550-sportivnyj-poyas-dlya.html
пояс для схуднення,5959,2998215454,Неопреновий пояс для схуднення MadMax MFA-277 Slimming Belt компресійний для живота та талії Black/rubine red M,1590,,,0,📌IdeaWebStor інтернет-магазин товарів для спорту,429,True,https://prom.ua/ua/p2998215454-neoprenovyj-poyas-dlya.html
пояс для схуднення,5959,1012841990,"Пояс для схуднення ""Вулкан""",1190,,,0,Протезно-ортопедичний центр,397,True,https://prom.ua/ua/p1012841990-poyas-dlya-shudnennya.html
пояс для схуднення,5959,1168469732,"Пояс для схуднення ""Вулкан"", M",1190,,,0,Протезно-ортопедичний центр,397,True,https://prom.ua/ua/p1168469732-poyas-dlya-shudnennya.html
пояс для схуднення,5959,1168469764,"Пояс для схуднення ""Вулкан"", L",1190,,,0,Протезно-ортопедичний центр,397,True,https://prom.ua/ua/p1168469764-poyas-dlya-shudnennya.html
пояс для схуднення,5959,1168469991,"Пояс для схуднення ""Вулкан"", XL",1190,,,0,Протезно-ортопедичний центр,397,True,https://prom.ua/ua/p1168469991-poyas-dlya-shudnennya.html
пояс для схуднення,5959,1168470024,"Пояс для схуднення ""Вулкан"", XXL",1190,,,0,Протезно-ортопедичний центр,397,True,https://prom.ua/ua/p1168470024-poyas-dlya-shudnennya.html
пояс для схуднення,5959,1671659333,Пояс для схуднення неопреновий,1004,,,0,AlexMed,1023,True,https://prom.ua/ua/p1671659333-poyas-dlya-shudnennya.html
пояс для схуднення,5959,3208170630,Пояс-сауна для схуднення Sauna Belt NE-MS-BT20 brooklyn,520,416,,0,Brooklyn,573,True,https://prom.ua/ua/p3208170630-poyas-sauna-dlya.html
пояс для схуднення,5959,3219639318,Пояс для схуднення PowerPlay 4301 (100*30 см) Чорний brooklyn,514,411,,0,Brooklyn,573,True,https://prom.ua/ua/p3219639318-poyas-dlya-shudnennya.html
пояс для схуднення,5959,3219639320,Пояс для схуднення PowerPlay 4301 (100*30 см) + карман для смартфона Чорний brooklyn,584,467,,0,Brooklyn,573,True,https://prom.ua/ua/p3219639320-poyas-dlya-shudnennya.html
пояс для схуднення,5959,1876135700,Пояс неопреновий для схуднення Toros-Group Тип 250 (жовтий) розмір 1 до 83 см,1440,1202,,0,100shop — Электроника и расходники / маникюр и салоны красоты!,1529,True,https://prom.ua/ua/p1876135700-poyas-neoprenovyj-dlya.html
пояс для схуднення,5959,1876135701,Пояс неопреновий для схуднення Toros-Group Тип 250 (жовтий) розмір 2 до 96 см,1440,1202,,0,100shop — Электроника и расходники / маникюр и салоны красоты!,1529,True,https://prom.ua/ua/p1876135701-poyas-neoprenovyj-dlya.html
пояс для схуднення,5959,1876135702,Пояс неопреновий для схуднення Toros-Group Тип 250 (жовтий) розмір 3 до 111 см,1440,1202,,0,100shop — Электроника и расходники / маникюр и салоны красоты!,1529,True,https://prom.ua/ua/p1876135702-poyas-neoprenovyj-dlya.html
пояс для схуднення,5959,1876135703,Пояс неопреновий для схуднення Toros-Group Тип 250 (жовтий) розмір 4 до 124 см,1440,1202,,0,100shop — Электроника и расходники / маникюр и салоны красоты!,1529,True,https://prom.ua/ua/p1876135703-poyas-neoprenovyj-dlya.html
пояс для схуднення,5959,1876135704,Пояс неопреновий для схуднення Toros-Group Тип 250 (жовтий) розмір 5 до 137 см,1440,1202,,0,100shop — Электроника и расходники / маникюр и салоны красоты!,1529,True,https://prom.ua/ua/p1876135704-poyas-neoprenovyj-dlya.html
пояс для схуднення,5959,3077238907,Пояс для схуднення сауна антицилюлітний для живота боків обруча тренувань Newt Sauna Belt NE-MS-BT24,259,220.15,,0,Newt,851,True,https://prom.ua/ua/p3077238907-poyas-dlya-pohudeniya.html
пояс для схуднення,5959,2736573839,"Пояс-корсет, 94×19см, A906-225 / Пояс-сауна для схуднення і спини / Пояс для тренувань і спалювання жиру",315,220.50,,0,BeSimple,12196,True,https://prom.ua/ua/p2736573839-poyas-korset-9419sm.html
пояс для схуднення,5959,2010327495,Пояс неопреновий для схуднення Торос Тип 250,1220,890.60,,0,NewMed - Інтернет-магазин медичних та ортопедичних товарів,1381,True,https://prom.ua/ua/p2010327495-poyas-neoprenovyj-dlya.html
пояс для схуднення,5959,2304068887,Масажний пояс для схуднення живота і преса міостимулятор EMS електростимулятор з підігрівом масажем талії корекція форми,949,379,4.6,9,💡 SVITAЄ - Перевірена техніка для дому та гаджети для догляду за собою,1934,True,https://prom.ua/ua/p2304068887-massazhnyj-poyas-dlya.html
зволожувач повітря,5577,1715253918,Зволожувач повітря/аромадифузор портативний з LED-підсвіткою 420 мл Mini Y AM-J2 білий (GS-72593),279,239,4.2,6,BoxShop,3347,True,https://prom.ua/ua/p1715253918-uvlazhnitel-vozduhaaromadiffuzor-portativnyj.html
зволожувач повітря,5577,1715253917,Зволожувач повітря/аромодифузор 2 л з подвійним розпилювачем/LED підсвіткою H2O LD03 білий (UV-72609),579,,4.8,55,BoxShop,3347,True,https://prom.ua/ua/p1715253917-uvlazhnitel-vozduhaaromadifuzor-dvojnym.html
зволожувач повітря,5577,2989024133,"Зволожувач повітря-нічник на 2 літри, Настільний зволожувач повітря білий, Ультразвуковий зволожувач три режими роботи",680,580,5,2,BuyZone,285,True,https://prom.ua/ua/p2989024133-uvlazhnitel-vozduha-nochnik.html
зволожувач повітря,5577,1724169802,Зволожувач повітря/аромодифузор портативний з LED-підсвіткою 250 мл Mini Barrel білий (GS-75393),229,179,4.5,4,BoxShop,3347,True,https://prom.ua/ua/p1724169802-uvlazhnitel-vozduhaaromadiffuzor-portativnyj.html
зволожувач повітря,5577,2580456493,Портативний зволожувач повітря 200мл,150,,5,2,MixShop,878,True,https://prom.ua/ua/p2580456493-portativnij-zvolozhuvach-povitrya.html
зволожувач повітря,5577,1279028799,Зволожувач повітря з підсвіткою зайчик Humidifier,401,311,,0,Лова-Лова,4448,True,https://prom.ua/ua/p1279028799-uvlazhnitel-vozduha-podsvetkoj.html
зволожувач повітря,5577,1425892629,Зволожувач повітря Ardesto USH-M-BTN-4L-W,849,,4.8,4,🛒 Економія ❤️,5168,True,https://prom.ua/ua/p1425892629-uvlazhnitel-vozduha-ardesto.html
зволожувач повітря,5577,3071883294,"Зволожувач повітря з функцією ароматизатора 2 літри Хоко white, Настільний зволожувач для дому з нічником, аромадифузор HHbQ",612,582,,0,TopShops - твій інтернет магазин,293,True,https://prom.ua/ua/p3071883294-uvlazhnitel-vozduha-funktsiej.html
зволожувач повітря,5577,1516867602,Зволожувач повітря Xiaomi Deerma Humidifier 5L (Touch) з UV Lamp Sterilization (DEM-F628S),1919,1599,5,12,WO_ua,3352,True,https://prom.ua/ua/p1516867602-uvlazhnitel-vozduha-xiaomi.html
зволожувач повітря,5577,2668220566,Зволожувач повітря кімнатний Xiaomi Sothing Geometry Humidifier (DSHJ-H-002) на USB портативний 2 режими роботи,515,465,,0,Buy1click,808,True,https://prom.ua/ua/p2668220566-uvlazhnitel-vozduha-komnatnyj.html
зволожувач повітря,5577,1348827419,"Зволожувач повітря Air Purifier LR053, арома лампа з LED підсвічуванням 7 кольорів, очищувач повітря",562,326,,0,⚡️ 𝐆𝐫𝐚𝐧𝐝𝐌𝐚𝐫𝐤𝐞𝐭 ⚡️ – Трендові товари за найнижчими цінами,6373,True,https://prom.ua/ua/p1348827419-uvlazhnitel-vozduha-air.html
зволожувач повітря,5577,2480711319,"Зволожувач повітря, нічник, аромодифузор, великий об'єм",650,560,5,3,HappyLife,583,True,https://prom.ua/ua/p2480711319-uvlazhnitel-vozduha-nochnik.html
зволожувач повітря,5577,2989024968,"Зволожувач повітря ультразвуковий, Ароматизатор-зволожувач із підсвіткою 2л, Іонізатор повітря",686,586,4.6,10,BuyZone,285,True,https://prom.ua/ua/p2989024968-uvlazhnitel-ultrazvukovoj-aromatizator.html
зволожувач повітря,5577,2108423496,Зволожувач повітря з ефектом полум'я аромадифузор з RGB підсвічуванням аромалампа від usb,450,350,4.2,20,UNIT STORE - інтернет-магазин для всієї родини,4674,True,https://prom.ua/ua/p2108423496-uvlazhnitel-vozduha-effektom.html
зволожувач повітря,5577,3165177706,"Камін зволожувач повітря з ефектом живого полум я, декоративне підсвічування, пульт",900,,,0,TECH & MORE,205,True,https://prom.ua/ua/p3165177706-kamin-uvlazhnitel-vozduha.html
зволожувач повітря,5577,3200260593,"Зволожувач повітря/міні аромадифузор з RGB-підсвіткою Y10 Вулкан купити за вигідною ціною, практичний вибір, Mobiluxe",700,315,,0,🇺🇦mobiluxe🇺🇦,1094,True,https://prom.ua/ua/p3200260593-uvlazhnitel-vozduha-mini.html
зволожувач повітря,5577,2887501294,"Зволожувач повітря Ruhhy 22739 3-в-1, іонізація, аромадифузор, 4 л",1777,1599.30,5,5,HotBuy Інтернет-магазин,679,True,https://prom.ua/ua/p2887501294-uvlazhnitel-vozduha-ruhhy.html
зволожувач повітря,5577,2989034818,"Нічник зволожувач повітря з резервуаром на 2л, Зволожувач повітря-нічник, Освіжувачі та зволожувачі повітря",698,598,,0,BuyZone,285,True,https://prom.ua/ua/p2989034818-nochnik-uvlazhnitel-vozduha.html
зволожувач повітря,5577,2446856749,Зволожувач повітря нічник Вулкан Volcano Humidifier AS,412,312,,0,Ameli-Shop,1964,True,https://prom.ua/ua/p2446856749-uvlazhnitel-dlya-vozduha.html
зволожувач повітря,5577,1879628551,Проекційний зволожувач повітря нічник-проектор зоряного неба детский увлажнитель воздуха,420,319.20,,0,PolonDom,3453,True,https://prom.ua/ua/p1879628551-proektsijnij-zvolozhuvach-povitrya.html
зволожувач повітря,5577,2844107277,Комплект зволожувача повітря LOSSO H-40 з електронним термогігрометром LOSSO TG-02 для контролю вологості,790,,5,1,Торгова компанія LOSSO,4076,True,https://prom.ua/ua/p2844107277-komplekt-uvlazhnitelya-vozduha.html
зволожувач повітря,5577,1348849684,"Зволожувач повітря Humidifier, Аромадифузор з підсвічуванням",473,246,,0,⚡️ 𝐆𝐫𝐚𝐧𝐝𝐌𝐚𝐫𝐤𝐞𝐭 ⚡️ – Трендові товари за найнижчими цінами,6373,True,https://prom.ua/ua/p1348849684-uvlazhnitel-vozduha-humidifier.html
зволожувач повітря,5577,3151156745,Зволожувач повітря Зволожувач повітря з підсвіткою і розпиленням Аромадиффузор зволожувач повітря Арома лампи,1999.50,999.75,,0,CoreTech,24,True,https://prom.ua/ua/p3151156745-uvlazhnitel-vozduha-uvlazhnitel.html
зволожувач повітря,5577,3210200752,Зволожувач повітря з підсвіткою для дому Портативний зволожувач повітря аромадифузор Потужний зволожувач-очисник,1500,750,,0,NaVixo,33,True,https://prom.ua/ua/p3210200752-uvlazhnitel-vozduha-podsvetkoj.html
зволожувач повітря,5577,2577285084,Зволожувач повітря 2700 мл Conopo Dehumidifier DH-CS12 з 2 коробками багаторазового осушувача до 20 м2,2487,,,0,Stock Hub,3902,False,https://prom.ua/ua/p2577285084-uvlazhnitel-vozduha-2700.html
зволожувач повітря,5577,3152271340,"Портативний зволожувач повітря L7 з акумулятором 1800 мА·год, 2 швидкості, великий резервуар для води, холодний туман",3500,1750,,0,AlloShop,68,True,https://prom.ua/ua/p3152271340-portativnyj-uvlazhnitel-vozduha.html
зволожувач повітря,5577,2091243984,"Зволожувач повітря астронавт та нічник 2 в 1, 220 мл",590,390,,0,KR.shop,672,True,https://prom.ua/ua/p2091243984-zvolozhuvach-povitrya-astronavt.html
зволожувач повітря,5577,3050416093,"Аромонник, Ультразвуковий зволожувач повітря, 3D з ефектом полум'я, 3в1 зі зволожувачем, нічник, камін із полум'ям",740,555,,0,Cathaus,57,True,https://prom.ua/ua/p3050416093-aromonochnik-ultrazvukovoj-uvlazhnitel.html
зволожувач повітря,5577,2288397391,Ультразвуковий зволожувач повітря Camry CR 7973b,2450,,,0,LEMON,734,True,https://prom.ua/ua/p2288397391-ultrazvukovij-zvolozhuvach-povitrya.html
зволожувач повітря,5577,2018551066,Зволожувач повітря на 1 літр із акумулятором Kinscoter KC-015(Y10) Рожевий,1320,865,,0,Rona Home,1172,True,https://prom.ua/ua/p2018551066-uvlazhnitel-vozduhana-litr.html
зволожувач повітря,5577,2899730098,"Зволожувач-очищувач повітря 2 в 1 Grunhelm GHF-460MP, ультразвуковий, з LED дисплеєм, HEPA-фільтром та автозупинкою",4147,2907,,0,⭐ ТЕХНОКРАЙ ⭐,2592,True,https://prom.ua/ua/p2899730098-uvlazhnitel-ochistitel-vozduha.html
зволожувач повітря,5577,3153091488,Зволожувач повітря ewaporacyjny PHILIPS HU2716/10 білий 2 л 200 мл/год,7225,,,0,Livico - інтернет магазин,29,True,https://prom.ua/ua/p3153091488-uvlazhnitel-vozduha-ewaporacyjny.html
зволожувач повітря,5577,3159371009,Зволожувач повітря нічник Aroma Diffuser UV-1 Настільна соляна лампа з функцією зволоження повітря brooklyn,438,350,,0,Brooklyn,573,True,https://prom.ua/ua/p3159371009-uvlazhnitel-vozduha-nochnik.html
зволожувач повітря,5577,3150706015,Зволожувач повітря WETAIR MH-204W,1099,999,,0,Rozetka,11375,False,https://prom.ua/ua/p3150706015-uvlazhnitel-vozduha-wetair.html
зволожувач повітря,5577,3152970800,Зволожувач повітря PHILIPS 5000 series HU5710/00,8699,6999,,0,Rozetka,11375,True,https://prom.ua/ua/p3152970800-uvlazhnitel-vozduha-philips.html
зволожувач повітря,5577,3152970833,Зволожувач повітря ARDESTO USH-H-26W,1099,999,,0,Rozetka,11375,True,https://prom.ua/ua/p3152970833-uvlazhnitel-vozduha-ardesto.html
зволожувач повітря,5577,3157645525,Зволожувач повітря ARDESTO USH-M-LCD-4L-W,1299,1249,,0,Rozetka,11375,True,https://prom.ua/ua/p3157645525-uvlazhnitel-vozduha-ardesto.html
зволожувач повітря,5577,3163615264,Зволожувач повітря Deerma 5L DEM-F628S,1599,,,0,Rozetka,11375,True,https://prom.ua/ua/p3163615264-uvlazhnitel-vozduha-deerma.html
зволожувач повітря,5577,1733975398,Зволожувач повітря Baseus slim waist White (DHMY-A02),839,,,0,M2BI Store - світ техніки та аксесуарів,7827,True,https://prom.ua/ua/p1733975398-uvlazhnitel-vozduha-usb.html
зволожувач повітря,5577,2437441470,Зволожувач Повітря XO HF12 Transparent+Wood Grain Model Colorful White,713,,,0,M2BI Store - світ техніки та аксесуарів,7827,True,https://prom.ua/ua/p2437441470-uvlazhnitel-vozduh-hf12.html
зволожувач повітря,5577,2955089077,Зволожувач повітря 3в1 аромадифузор ультразвуковий з імітацією полум'я,649,,,0,"Інтернет-магазин ""Sibelis_store""  /ФОП Продиус Володимир Васильович",869,True,https://prom.ua/ua/p2955089077-uvlazhnitel-vozduha-3v1.html
зволожувач повітря,5577,3019209241,Зволожувач повітря автомобільний Mijia Smart Car Humidifier - Alpha Color N614 CN BHR8192CN Китайська версія,1600,1500,,0,YavnyiMarket,60,True,https://prom.ua/ua/p3019209241-zvolozhuvach-povitrya-avtomobilnij.html
зволожувач повітря,5577,2470118479,Ультразвукаовий зволожувач повітря ECG AH M351,2515,,,0,"""Орбіта""",679,True,https://prom.ua/ua/p2470118479-ultrazvukovoj-uvlazhnitel-vozduha.html
зволожувач повітря,5577,2980067466,Настільний зволожувач повітря USB крихітний домашній невеликий дифузор туману зі світлодіодним нічником і фільтрувальним елементом,1000,750,,0,Gadget Land,273,True,https://prom.ua/ua/p2980067466-nastolnyj-uvlazhnitel-vozduha.html
зволожувач повітря,5577,2652672840,Зволожувач очищувач повітря Dyson Purifier Humidify+Cool PH2 De-NOx PH05,42990,,5,1,N-CLEAN.COM.UA Техніка та аксесуари для прибирання.,4320,True,https://prom.ua/ua/p2652672840-uvlazhnitel-ochistitel-vozduha.html
зволожувач повітря,5577,2894955129,Зволожувач повітря ROUNY (Xiaomi) MOS W3 (Ultrasonic Humidifier),1990,,,0,Kuramushka,467,True,https://prom.ua/ua/p2894955129-zvolozhuvach-povitrya-rouny.html
зволожувач повітря,5577,3159371005,Портативний зволожувач повітря Good Idea MA-84 з підсвічуванням від Usb 300 мл Ультразвуковий аромадифузор brooklyn,438,350,,0,Brooklyn,573,True,https://prom.ua/ua/p3159371005-portativnyj-uvlazhnitel-vozduha.html
зволожувач повітря,5577,3159371008,Зволожувач повітря з підсвічуванням та соляним камінням Ефект полум'я Aroma Diffuser FT-1933 brooklyn,438,350,,0,Brooklyn,573,True,https://prom.ua/ua/p3159371008-uvlazhnitel-vozduha-podsvetkoj.html
зволожувач повітря,5577,3159371010,Зволожувач повітря нічник Aroma Diffuser UV-1 Настільна соляна лампа з функцією зволоження повітря brooklyn,470,376,,0,Brooklyn,573,True,https://prom.ua/ua/p3159371010-uvlazhnitel-vozduha-nochnik.html
зволожувач повітря,5577,3159371012,Настільний ультразвуковий зволожувач повітря 350 мл з підсвіткою 133-Y18 Настільний аромадифузор brooklyn,605,484,,0,Brooklyn,573,True,https://prom.ua/ua/p3159371012-nastolnyj-ultrazvukovoj-uvlazhnitel.html
зволожувач повітря,5577,2181216368,Мембрана зволожувача повітря 16 мм Baseus Slim Waist Humidifier (PRC),289,,,0,Soho,13327,True,https://prom.ua/ua/p2181216368-membrana-zvolozhuvacha-povitrya.html
зволожувач повітря,5577,2091168161,"Зволожувач повітря гриб з ефектом дощу Rainforest, аромадіфузор з підсвічуванням Світле дерево",899,,,0,Asarin Company,1589,True,https://prom.ua/ua/p2091168161-uvlazhnitel-vozduha-grib.html
зволожувач повітря,5577,2555945408,Зволожувач повітря WETAIR MH-280,1359,,,0,"""Орбіта""",679,True,https://prom.ua/ua/p2555945408-uvlazhnitel-vozduha-wetair.html
зволожувач повітря,5577,2930890726,Зволожувач повітря WETAIR MH-204B,1001,,,0,"""Орбіта""",679,True,https://prom.ua/ua/p2930890726-uvlazhnitel-vozduha-wetair.html
зволожувач повітря,5577,3211544778,Ультразвукаовий зволожувач повітря ECG AH D501 T,4714,,,0,"""Орбіта""",679,True,https://prom.ua/ua/p3211544778-ultrazvukovoj-uvlazhnitel-vozduha.html
зволожувач повітря,5577,2760250680,Зволожувач повітря Beurer LA 30,2900,2813,,0,скидки на www.toptest-poloska.com.ua,2842,True,https://prom.ua/ua/p2760250680-uvlazhnitel-vozduha-beurer.html
зволожувач повітря,5577,2652123951,Зволожувач повітря XO XO-HF10 White,1499,1199,,0,Techno Plus,3740,True,https://prom.ua/ua/p2652123951-uvlazhnitel-vozduha-hf10.html
зволожувач повітря,5577,2652125140,Зволожувач повітря XO XO-HF08 Blue,699,399,,0,Techno Plus,3740,True,https://prom.ua/ua/p2652125140-uvlazhnitel-vozduha-hf08.html
очищувач повітря,5133,2772545683,"Очищувач повітря з іонізатором два режими роботи пластиковий 15,2х6,8х6,8 см чорний",1299,998,5,1,Teslyar | Тесляр | Все для дому | Подарунки | Гурт,1678,False,https://prom.ua/ua/p2772545683-ochistitel-vozduha-ionizatorom.html
очищувач повітря,5133,3112842945,"Зволожувач, охолоджувач та очищувач повітря Mesko MS 7918 3-в-1, резервуар 4 л, 80 Вт, 3 швидкості, повітроохолоджувач для дому та",1899,,,0,SkladShop,79,True,https://prom.ua/ua/p3112842945-uvlazhnitel-ohladitel-ochistitel.html
очищувач повітря,5133,3025206961,Очищувач повітря Xiaomi Smart Air Purifier 4 Pro (6934177743665),11688,10399,5,2,EU SHOPPING,2349,True,https://prom.ua/ua/p3025206961-ochistitel-vozduha-xiaomi.html
очищувач повітря,5133,2975861850,Очищувач повітря Xiaomi Smart Air Purifier 4 Compact (BHR5860EU),3899,,4.8,4,EU SHOPPING,2349,True,https://prom.ua/ua/p2975861850-ochistitel-vozduha-xiaomi.html
очищувач повітря,5133,2989024133,"Зволожувач повітря-нічник на 2 літри, Настільний зволожувач повітря білий, Ультразвуковий зволожувач три режими роботи",680,580,5,2,BuyZone,285,True,https://prom.ua/ua/p2989024133-uvlazhnitel-vozduha-nochnik.html
очищувач повітря,5133,2488902217,"Очищувач повітря AYAFATO ML-P002. Високоефективний очисник повітря, H13 Hepa, 3 швидкості, режим сну",1960,1764,,0,KOMOPA,1109,True,https://prom.ua/ua/p2488902217-ochistitel-vozduha-ayafato.html
очищувач повітря,5133,2431163852,"Комбінований очищувач повітря Doctor-101 Porto 4-в-1 із зволожувачем повітря, 4-ст. HEPA-фільтром, іонізатором та нічником",3389,2949,,0,Інтернет-магазин медтехніки та товарів для здоров'я ВаМторг,1239,True,https://prom.ua/ua/p2431163852-ochistitel-vozduha-doctor.html
очищувач повітря,5133,1311048199,Озонатор очищувач повітря портативний 220 В 20г/год іонізатор ATWFS,595,,5,9,"Магазин ""Freedelivery""",6619,True,https://prom.ua/ua/p1311048199-ozonator-ochistitel-vozduha.html
очищувач повітря,5133,2594931602,Портативний очищувач повітря з функцією ароматизації та іонізації повітря,989,791.20,5,2,MyTorg,10359,True,https://prom.ua/ua/p2594931602-portativnyj-vozduhoochistitel-funktsiej.html
очищувач повітря,5133,3119939241,Автомобільний очищувач повітря на сонячній батареї,684,533.52,,0,Big-Lavka,9956,True,https://prom.ua/ua/p3119939241-avtomobilnij-ochischuvach-povitrya.html
очищувач повітря,5133,3119941043,Автомобільний очищувач повітря А10 з іонізацією та RGB підсвічуванням,1130,881.40,,0,Big-Lavka,9956,True,https://prom.ua/ua/p3119941043-avtomobilnij-ochischuvach-povitrya.html
очищувач повітря,5133,2899730098,"Зволожувач-очищувач повітря 2 в 1 Grunhelm GHF-460MP, ультразвуковий, з LED дисплеєм, HEPA-фільтром та автозупинкою",4147,2907,,0,⭐ ТЕХНОКРАЙ ⭐,2592,True,https://prom.ua/ua/p2899730098-uvlazhnitel-ochistitel-vozduha.html
очищувач повітря,5133,2076276470,Очищувач Повітря Fresh Air 3.0 by Ecoquest,23125,,5,1,Актив Партнёр,643,True,https://prom.ua/ua/p2076276470-ochistitel-vozduha-fresh.html
очищувач повітря,5133,2994910998,Очищувач повітря Xiaomi Smart Air Purifier 4 (BHR5096GL),12192,10160,,0,Lawdim,221,True,https://prom.ua/ua/p2994910998-ochistitel-vozduha-xiaomi.html
очищувач повітря,5133,3173245403,Очищувач повітря Levoit Core 400S Smart White Wi-Fi 400 м³/h,15482,,,0,Kivaro - інтернет магазин,19,True,https://prom.ua/ua/p3173245403-ochischatel-vozduha-levoit.html
очищувач повітря,5133,2860111899,Медичний очищувач повітря IQAir Cleanroom 250 MG,98000,,,0,Techni,36,True,https://prom.ua/ua/p2860111899-meditsinskij-ochistitel-vozduha.html
очищувач повітря,5133,1942481115,Іонізатор Очищувач повітря Озонатор USB,1700,,4,1,ALTERNA,298,False,https://prom.ua/ua/p1942481115-ochistitel-vozduha-ionizator.html
очищувач повітря,5133,2872130120,Очищувач повітря LEVOIT Core 200S (DDT) (0425) УЦІНКА,3230,3068,,0,"Магазин ""ЕвроShop""",654,True,https://prom.ua/ua/p2872130120-ochistitel-vozduha-levoit.html
очищувач повітря,5133,2945882982,Очищувач повітря LEVOIT Smart Air Purifier LV-PUR131S- White + фільтр LV-PUR131 True HEPA,5700,5600,,0,MilitariPro,1170,True,https://prom.ua/ua/p2945882982-ochistitel-vozduha-levoit.html
очищувач повітря,5133,2502101243,"Очищувач повітря Medic Therapeutics HEPA H13, УФ-дезінфекція, антиалергенний, фільтрація 99.97%, 250 м²",4899,3699,,0,EzyBuy,286,False,https://prom.ua/ua/p2502101243-ochistitel-vozduha-medic.html
очищувач повітря,5133,2467523420,"Очищувач повітря DeeyA для алергіків, проти пилу, вентилятор 360°, HEPA-фільтр і UVB-очищувач.",2199,1979.10,,0,"Інтернет магазин ""Smart Shop""",165,True,https://prom.ua/ua/p2467523420-ochistitel-vozduha-deeya.html
очищувач повітря,5133,3156735843,MORENTO HY4866-WF очищувач повітря Smart Air Purifier,6100,4575,,0,EuroChoice,39,True,https://prom.ua/ua/p3156735843-morento-hy4866-ochistitel.html
очищувач повітря,5133,2795077475,"Розумний очищувач повітря для спальні, великої кімнати площею до 160м² очищувачі повітря для дому із зволожувачем",5999,,,0,Товари для дому,352,False,https://prom.ua/ua/p2795077475-umnye-ochistiteli-vozduha.html
очищувач повітря,5133,2487378823,Озоновий очищувач для стерилізації повітря,550,500.50,,0,KaShop,43,True,https://prom.ua/ua/p2487378823-ochistitel-vozduha-ozonovyj.html
очищувач повітря,5133,3042201056,Очищувач повітря VEVOR з 3-ступеневою штабелюваною негативною повітряною машиною 550 CFM 524096,31780,,,0,uashop.net.ua,418,True,https://prom.ua/ua/p3042201056-ochistitel-vozduha-vevor.html
очищувач повітря,5133,3119937844,Портативний очищувач повітря з функцією ароматизації та іонізації повітря,989,771.42,,0,Big-Lavka,9956,True,https://prom.ua/ua/p3119937844-portativnij-ochischuvach-povitrya.html
очищувач повітря,5133,2796634164,"Настільний зволожувач повітря Rainbow Water Drop 350 мл. з пультом, від USB",625,500,,0,Інтернет-магазин Fantasticshop,3477,True,https://prom.ua/ua/p2796634164-nastolnyj-uvlazhnitel-vozduha.html
очищувач повітря,5133,2974840764,ІВ Міні-очисник повітря Dayear Ultra Line з іонізацією для дому та офісу електричний очищувач повітря ЕMN_PS,897,,,0,Click,178,True,https://prom.ua/ua/p2974840764-mini-ochistitel-vozduha.html
очищувач повітря,5133,3030580571,"Очищувач повітря Bosch Air 4000 до 62.5 м², HEPA фільтр 99%, CADR 300 м³/год, тихий режим, авто сенсор",8300,,,0,Amazon box,80,False,https://prom.ua/ua/p3030580571-ochistitel-vozduha-bosch.html
очищувач повітря,5133,3215617318,Очищувач повітря Dhyala KJ01 Новий HEPA 450 м³ год сенсорне керування зволоження тихий режим до 22 дБ 70 Вт гарантія 3 міс,6000,5100,,0,Dobruy Nout,12,False,https://prom.ua/ua/p3215617318-ochistitel-vozduha-dhyala.html
очищувач повітря,5133,3149805062,Очищувач повітря PHILIPS PureProtect Серія 3200 AC3220/10,16999,14499,,0,Rozetka,11375,True,https://prom.ua/ua/p3149805062-ochistitel-vozduha-philips.html
очищувач повітря,5133,3149805210,Очищувач повітря RZTK Smart Air Purifier,4999,3699,,0,Rozetka,11375,True,https://prom.ua/ua/p3149805210-ochistitel-vozduha-rztk.html
очищувач повітря,5133,3149808474,Очищувач повітря RZTK Air Purifier Compact White,3999,2399,,0,Rozetka,11375,True,https://prom.ua/ua/p3149808474-ochistitel-vozduha-rztk.html
очищувач повітря,5133,3175372223,Очищувач повітря PHILIPS AC0650/10,6499,4599,,0,Rozetka,11375,True,https://prom.ua/ua/p3175372223-ochistitel-vozduha-philips.html
очищувач повітря,5133,3181746595,Очищувач повітря Rowenta Pure Air Mini PU1521F0,3299,2699,5,1,Rozetka,11375,True,https://prom.ua/ua/p3181746595-ochistitel-vozduha-rowenta.html
очищувач повітря,5133,2679948008,Очищувач повітря Dyson Purifier Cool Formaldehyde TP09 White Gold (369876-01),27409,,,0,Techno Plus,3740,True,https://prom.ua/ua/p2679948008-ochistitel-vozduha-dyson.html
очищувач повітря,5133,2815934095,Очищувач повітря з функцією зволоження Hyundai HAJIN300KR,13399,,,0,Гіпермаркет Безпеки Bezpeka-SHOP,987,True,https://prom.ua/ua/p2815934095-ochistitel-vozduha-funktsiej.html
очищувач повітря,5133,2614233077,Очищувач повітря AIRTOK,3970,2977.50,,0,Electroboom,3332,True,https://prom.ua/ua/p2614233077-ochischuvach-povitrya-airtok.html
очищувач повітря,5133,3087160486,Очищувач повітря MiJia Smart Air Purifier 6 (BHR08MZEU) [168411],20499,9699,,0,«Touch» - інтернет-магазин електроніки та гаджетів,15627,False,https://prom.ua/ua/p3087160486-ochistitel-vozduha-mijia.html
очищувач повітря,5133,3059005462,Очищувач повітря Xiaomi Smart Air Purifier Elite,19999,,,0,Кібернетики,1952,True,https://prom.ua/ua/p3059005462-vozduhoochistitel-xiaomi-smart.html
очищувач повітря,5133,2004023904,Очищувач повітря Whirlpool AP330W,11088,,,0,ARSI,345,True,https://prom.ua/ua/p2004023904-ochistitel-vozduha-whirlpool.html
очищувач повітря,5133,2004023929,Очищувач повітря Boneco P400,23213,,,0,ARSI,345,True,https://prom.ua/ua/p2004023929-ochistitel-vozduha-boneco.html
очищувач повітря,5133,2004024032,Очищувач повітря Samsung AX60R5080WD,31786,,,0,ARSI,345,True,https://prom.ua/ua/p2004024032-ochistitel-vozduha-samsung.html
очищувач повітря,5133,2004024227,Очищувач повітря IDEAL AP 25,14677,,,0,ARSI,345,True,https://prom.ua/ua/p2004024227-ochistitel-vozduha-ideal.html
очищувач повітря,5133,2004024351,Очищувач повітря Webber AP9650,15715,,,0,ARSI,345,True,https://prom.ua/ua/p2004024351-ochistitel-vozduha-webber.html
очищувач повітря,5133,3001877887,"Розумний очищувач повітря з WiFi, додатком та голосовим керуванням Alexa/Google - потік повітря 360°, фільтр HEPA H13 (99,97%), ні",3100,2899,,0,Україна Турист,558,True,https://prom.ua/ua/p3001877887-rozumnij-ochischuvach-povitrya.html
очищувач повітря,5133,2783925243,Очищувач повітря Philips PureProtect Water 3400 (AC3421/13),18899,17909,,0,Techno Plus,3740,True,https://prom.ua/ua/p2783925243-ochistitel-vozduha-philips.html
очищувач повітря,5133,2967462017,Очищувач повітря Sharp UA-KIN52E-W White,31999,29169,,0,Techno Plus,3740,True,https://prom.ua/ua/p2967462017-ochistitel-vozduha-sharp.html
очищувач повітря,5133,2652672840,Зволожувач очищувач повітря Dyson Purifier Humidify+Cool PH2 De-NOx PH05,42990,,5,1,N-CLEAN.COM.UA Техніка та аксесуари для прибирання.,4320,True,https://prom.ua/ua/p2652672840-uvlazhnitel-ochistitel-vozduha.html
очищувач повітря,5133,3052113134,Очищувач повітря 3-в-1 OLSONA Omphal зі зволожувачем повітря та УФ-лампою,6489,5289,,0,Інтернет-магазин медтехніки та товарів для здоров'я ВаМторг,1239,True,https://prom.ua/ua/p3052113134-vozduhoochistitel-olsona-omphal.html
очищувач повітря,5133,2082639627,Очищувач повітря Xiaomi Smart Air Purifier 4 Pro (BHR5056EU),16847,14039,,0,За UA,2915,True,https://prom.ua/ua/p2082639627-ochistitel-vozduha-xiaomi.html
очищувач повітря,5133,2363930839,Очищувач повітря Xiaomi Smart Air Purifier Elite (BHR6359EU),26942,22451,,0,За UA,2915,True,https://prom.ua/ua/p2363930839-ochistitel-vozduha-xiaomi.html
очищувач повітря,5133,2183156411,Очищувач повітря Xiaomi Smart Air Purifier 4 Compact (BHR5860EU),4991,4159,5,3,За UA,2915,True,https://prom.ua/ua/p2183156411-ochistitel-vozduha-xiaomi.html
очищувач повітря,5133,3057868814,Очищувач повітря XIAOMI Air 2 KQJHQ02ZM (AP5070DBEU),10809,,,0,Soho,13327,True,https://prom.ua/ua/p3057868814-ochistitel-vozduha-xiaomi.html
очищувач повітря,5133,2781817599,Міні очищувач повітря TRILINK O3 800 mAh портативний для холодильника автомобіля взуттєвої шафи білий,1095,,,0,Spot,1796,False,https://prom.ua/ua/p2781817599-mini-ochistitel-vozduha.html
очищувач повітря,5133,2874223624,"Очищувач повітря Bosch Air 6000i з керуванням з застосунку - до 125 м², 600 м³/год",31499,25829.18,,0,iHelper.vn,574,False,https://prom.ua/ua/p2874223624-ochischuvach-povitrya-bosch.html
очищувач повітря,5133,2918642819,"Очищувач повітря Aircillin AP070A з HEPA H13, тихий, для дому",2099,,,0,iHelper.vn,574,False,https://prom.ua/ua/p2918642819-ochischuvach-povitrya-aircillin.html
очищувач повітря,5133,3039971203,Очищувач повітря PHILIPS AC3737/10,26699,23999,,0,ТЕХНОТОП,184,True,https://prom.ua/ua/p3039971203-ochischuvach-povitrya-philips.html
дозатор для мила сенсорний,3220,2135667969,"Автоматичний дозатор для мила, сенсорний диспенсер для рідкого мила",947,,,0,OnlyON,4035,True,https://prom.ua/ua/p2135667969-avtomaticheskij-beskontaktnyj-dispenser.html
дозатор для мила сенсорний,3220,2516860238,Автоматичний дозатор для мила із сенсорним датчиком на 380 мл,799,,,0,Магазин Лофт,1368,True,https://prom.ua/ua/p2516860238-avtomaticheskij-dozator-dlya.html
дозатор для мила сенсорний,3220,2816805294,Автоматичний безконтактний дозатор для мила із сенсорною технологією,1000,379,,0,КУМ,355,True,https://prom.ua/ua/p2816805294-avtomaticheskij-beskontaktnyj-dozator.html
дозатор для мила сенсорний,3220,2969310028,Автоматичний дозатор для мила з сенсорним датчиком. Сенсорний дозатор для рідкого мила. Дозатор рідкого мила 399 мл,1180,590,,0,Maximum Shopping,478,True,https://prom.ua/ua/p2969310028-avtomaticheskij-dozator-dlya.html
дозатор для мила сенсорний,3220,2467583816,Автоматичний дозатор для мила з сенсорним датчиком P-11. Сенсорний дозатор для рідкого мила. Дозатор рідкого мила 380 мл дозатор,1198,599,5,12,Maximum Shopping,478,True,https://prom.ua/ua/p2467583816-avtomaticheskij-dozator-dlya.html
дозатор для мила сенсорний,3220,2688724888,Дозатор для рідкого мила сенсорний Автоматичний диспенсер для мильної піни 250 мл Foaming Hand Wash,525,375,,0,AlphaZONE - Інтернет гіпермаркет,2909,True,https://prom.ua/ua/p2688724888-dozator-dlya-zhidkogo.html
дозатор для мила сенсорний,3220,1900115599,"Сенсорна мильниця Soap Magic дозатор для мила, Сенсорний дозатор для рідкого мила, Диспенсер Дозатор",547,290,,0,⭐️ 𝐌𝐄𝐆𝐀𝐑𝐎𝐙𝐏𝐑𝐎𝐃𝐀𝐙𝐇 ⭐️ –  Найновіші товари за найдоступнішими цінами,1988,True,https://prom.ua/ua/p1900115599-sensornaya-mylnitsa-soap.html
дозатор для мила сенсорний,3220,1566505439,"Сенсорна мильниця Soap Magic дозатор для мила, Сенсорний дозатор для рідкого мила, Диспенсер Дозатор",545,289,,0,🔥 𝐁𝐎𝐍𝐔𝐒-𝐌𝐀𝐑𝐊𝐄𝐓 🔥 – Трендові товари по найкращім цінам,17159,True,https://prom.ua/ua/p1566505439-sensornaya-mylnitsa-soap.html
дозатор для мила сенсорний,3220,1786140062,Дозатор для рідкого мила сенсорний Автоматичний диспенсер для мильної піни 250 мл Foaming Soap,430,325,,0,AlphaZONE - Інтернет гіпермаркет,2909,True,https://prom.ua/ua/p1786140062-dozator-dlya-zhidkogo.html
дозатор для мила сенсорний,3220,3225022620,"Дозатор для рідкого мила автоматичний, сенсорний, настінний, 420 мл, білий",700,560,,0,Дом тренд,548,True,https://prom.ua/ua/p3225022620-dozator-dlya-zhidkogo.html
дозатор для мила сенсорний,3220,1680113768,Сенсорний диспенсер для мила Zhiya Soap Dispenser MYX-W1 Black,1750,1099,5,1,ФОП Глушков Андрій Володимирович,119,True,https://prom.ua/ua/p1680113768-sensornyj-dispenser-dlya.html
дозатор для мила сенсорний,3220,1680122091,Сенсорний диспенсер для мила Zhiya Soap Dispenser MYX-W1 White,1750,1099,,0,ФОП Глушков Андрій Володимирович,119,True,https://prom.ua/ua/p1680122091-sensornyj-dispenser-dlya.html
дозатор для мила сенсорний,3220,2615078826,Дозатор для рідкого мила пінний сенсорний диспенсер WOXIJIA X5 автоматичний безконтактний настінний акумуляторний з екраном,2199,1699,5,5,ЕКСТРІМ-МАРКЕТ,1287,True,https://prom.ua/ua/p2615078826-dozator-dlya-zhidkogo.html
дозатор для мила сенсорний,3220,2980533988,Дозатор сенсорний автоматичний для рідкого мила пінний настінний безконтактний диспенсер для антисептика гелю миючого засобу,850,599,5,1,Greenberg Store,1246,True,https://prom.ua/ua/p2980533988-dozator-sensornyj-avtomatichnyj.html
дозатор для мила сенсорний,3220,2614341095,"Автоматичний диспенсер мила,дозатор мила сенсорний",545,,5,6,KlymkoF,918,True,https://prom.ua/ua/p2614341095-avtomaticheskij-dispenser-myladozator.html
дозатор для мила сенсорний,3220,2570315812,"Сенсорний дозатор рідкого мила, безконтактний, міні-версія з USB зарядкою для ванної та кухні",999,799,,0,Гаджетерія,219,True,https://prom.ua/ua/p2570315812-sensornyj-dozator-zhidkogo.html
дозатор для мила сенсорний,3220,1786140061,Дозатор для рідкого мила сенсорний безконтактний Автоматичний електричний мильний диспенсер Magic Soap,530,320,1,1,AlphaZONE - Інтернет гіпермаркет,2909,True,https://prom.ua/ua/p1786140061-dozator-dlya-zhidkogo.html
дозатор для мила сенсорний,3220,3213475235,Автоматичний дозатор для мила сенсорний настінний для ванної та кухні економічний і гігієнічний FLAME,1185,790,,0,Flame,11,True,https://prom.ua/ua/p3213475235-avtomaticheskij-dozator-dlya.html
дозатор для мила сенсорний,3220,2328572487,MG Диспенсер мила-піни автоматичний сенсорний 500 мл Rixo Lungo BPSA014W робота від 4 батарейок,2000,,,0,MEGA-Online,418,True,https://prom.ua/ua/p2328572487-dispenser-myla-peny.html
дозатор для мила сенсорний,3220,2988213795,Сенсорний дозатор для рідкого мила автоматичний безконтактний диспенсер піни настільний та настінний з USB зарядкою Білий,1098,549,5,4,FamilySpace,341,True,https://prom.ua/ua/p2988213795-sensornyj-dozator-dlya.html
дозатор для мила сенсорний,3220,3074144563,Дозатор для рідкого мила PowerPlant Сенсорний Білий (PP30024W) (a787738),1899,1608,,0,MAMS,6957,True,https://prom.ua/ua/p3074144563-dozator-dlya-zhidkogo.html
дозатор для мила сенсорний,3220,3074144564,Дозатор для рідкого мила PowerPlant Сенсорний Чорний (PP30024B) (l787739),1899,1608,,0,MAMS,6957,True,https://prom.ua/ua/p3074144564-dozator-dlya-zhidkogo.html
дозатор для мила сенсорний,3220,3074144565,Дозатор для рідкого мила PowerPlant Сенсорний Сріблястий (PP30018B) (j787740),1799,1526,,0,MAMS,6957,True,https://prom.ua/ua/p3074144565-dozator-dlya-zhidkogo.html
дозатор для мила сенсорний,3220,3090427014,Дозатор для мила та миючого засобу автоматичний сенсорний Gel/Foam Machine X132 настінний безконтактний подвійний для гелю і піни,3499,2899,,0,ЕКСТРІМ-МАРКЕТ,1287,True,https://prom.ua/ua/p3090427014-dozator-dlya-myla.html
дозатор для мила сенсорний,3220,1497604680,Дозатор для рідкого мила сенсорний ECG BD 351 Foam,1358,1154,,0,Інтернет-магазин Імперія-TV,1955,True,https://prom.ua/ua/p1497604680-dozator-dlya-zhidkogo.html
дозатор для мила сенсорний,3220,2055868833,Дозатор для рідкого мила сенсорний Neor SD-10D,2995,,,0,Інтернет-магазин Імперія-TV,1955,True,https://prom.ua/ua/p2055868833-dozator-dlya-zhidkogo.html
дозатор для мила сенсорний,3220,2056294534,Дозатор для рідкого мила сенсорний Neor SD-10,5249,,,0,Інтернет-магазин Імперія-TV,1955,True,https://prom.ua/ua/p2056294534-dozator-dlya-zhidkogo.html
дозатор для мила сенсорний,3220,2056311671,Дозатор для рідкого мила сенсорний Neor SD-10Т,3199,,,0,Інтернет-магазин Імперія-TV,1955,True,https://prom.ua/ua/p2056311671-dozator-dlya-zhidkogo.html
дозатор для мила сенсорний,3220,1250775778,Дозатор для рідкого мила сенсорний Автоматичний диспенсер для мильної піни 250 мл Foaming Hand Wash,475,375,,0,Prime Choice - Кращий вибір,6502,True,https://prom.ua/ua/p1250775778-dozator-dlya-zhidkogo.html
дозатор для мила сенсорний,3220,2491208648,"Дозатор-диспенсер для антисептика, мила,сенсорний, що миється Easy Home, Germany",1515,1495,,0,plenka market,116,True,https://prom.ua/ua/p2491208648-dozator-dispenser-dlya.html
дозатор для мила сенсорний,3220,2374664022,"Уцінка Автоматичний сенсорний дозатор для рідкого мила Colcolo No Contact Gel, безконтактний диспенсер, IPX7, 4×AAA",699,489.30,,0,МегаБайт,2847,False,https://prom.ua/ua/p2374664022-utsenka-avtomaticheskij-sensornyj.html
дозатор для мила сенсорний,3220,2814497018,Сенсорний дозатор для рідкого мила з акумулятором,411,,5,21,GreatMix,5003,True,https://prom.ua/ua/p2814497018-sensornyj-dozator-dlya.html
дозатор для мила сенсорний,3220,2899042374,"Автоматичний диспенсер для рідкого мила 350мл, від USB, Білий / Сенсорний дозатор для мила / Безконтактний диспенсер",636.01,445.21,,0,Крамниця,2198,True,https://prom.ua/ua/p2899042374-avtomaticheskij-dispenser-dlya.html
дозатор для мила сенсорний,3220,3165440586,Дозатор рідкого мила Soap Dispense сенсорний 380 мл Білий / Автоматичний дозатор рідкого мила,799,559,,0,В Dорогу,836,True,https://prom.ua/ua/p3165440586-dozator-zhidkogo-myla.html
дозатор для мила сенсорний,3220,3140938191,Безконтактний дозатор для рідкого мила USB 380 мл | Сенсорний диспенсер із піноутворенням для кухні та ванної,460,,3,2,Miracle shop,3107,False,https://prom.ua/ua/p3140938191-beskontaktnyj-dozator-dlya.html
дозатор для мила сенсорний,3220,1250792358,Дозатор для рідкого мила сенсорний Автоматичний диспенсер для мильної піни 250 мл Foaming Hand Wash,525,375,,0,UNIT STORE - інтернет-магазин для всієї родини,4674,True,https://prom.ua/ua/p1250792358-dozator-dlya-zhidkogo.html
дозатор для мила сенсорний,3220,2896007496,"Сенсорний настінний дозатор для мила NaiZhiya Soap MYX-W2 Black (чорний) з LED-годинником, безконтактний автоматичний диспенсер",2496,1755,5,1,K-Shop,33,True,https://prom.ua/ua/p2896007496-sensornyj-nastennyj-dozator.html
дозатор для мила сенсорний,3220,2766413750,Сенсорний Дозатор для рідкого мила чорний Livarno,500,,,0,roman sambirskuy,184,True,https://prom.ua/ua/p2766413750-sensornij-dozator-dlya.html
дозатор для мила сенсорний,3220,3191948418,Диспенсер для рідкого мила антисептика пінний сенсорний безконтактний автоматичний дозатор у ванну кімнату на кухню,600,,,0,"Техномікс - інтернет - магазин якісної техніки, електроніки та інших товарів для дому та роботи",4435,True,https://prom.ua/ua/p3191948418-dispenser-dlya-zhidkogo.html
дозатор для мила сенсорний,3220,2798468359,"Автоматичний дозатор рідкого мила для ванної кімнати, кухні, безконтактний дозатор мила 380 мл, перезаряджається через USB.",800,,,0,Magazon,219,True,https://prom.ua/ua/p2798468359-avtomaticheskij-dozator-zhidkogo.html
дозатор для мила сенсорний,3220,3169946810,Дозатор для рідкого мила/гелю/антисептика сенсорний із нержавіючої сталі 250 мл у комплекті батарейки,650,,,0,K Box,47,True,https://prom.ua/ua/p3169946810-dozator-dlya-zhidkogo.html
дозатор для мила сенсорний,3220,3163833272,Автоматичний безконтактний дозатор для рідкого мила з сенсором та USB-заряджанням P11 Black,910,700,,0,"Оптово-роздрібний інтернет-магазин ""NicePrice""",12684,True,https://prom.ua/ua/p3163833272-avtomaticheskij-beskontaktnyj-dozator.html
дозатор для мила сенсорний,3220,1811334623,Дозатор для рідкого мила сенсорний Сенсорний дозатор для мила Приладдя у ванну дозатор для мила,391,,,0,Для кожного дому,826,True,https://prom.ua/ua/p1811334623-dozator-dlya-zhidkogo.html
дозатор для мила сенсорний,3220,3170263482,Акумуляторний сенсорний дозатор для рідкого мила Youpin Xiaowei X5s 280 мл White,1300,,,0,K Box,47,False,https://prom.ua/ua/p3170263482-akkumulyatornyj-sensornyj-dozator.html
дозатор для мила сенсорний,3220,3180044432,Дозатор для мила JENPECH автоматичний сенсорний Champagne,775,,,0,Амазон Гоу,7,True,https://prom.ua/ua/p3180044432-dozator-dlya-mila.html
дозатор для мила сенсорний,3220,2347038065,"Сенсорна мильниця Soap Magic дозатор для мила, Сенсорний дозатор для рідкого мила, Диспенсер Дозатор, гарний вибір",601,390.65,,0,Время покупки,819,True,https://prom.ua/ua/p2347038065-sensornaya-mylnitsa-soap.html
дозатор для мила сенсорний,3220,31883106,Безконтактний сенсорний дозатор для мила,995,597,,0,Інтернет магазин Supersantehnika.com.ua,2065,True,https://prom.ua/ua/p31883106-beskontaktnyj-sensornyj-dozator.html
дозатор для мила сенсорний,3220,3000110633,Сенсорний дозатор для рідкого мила з акумулятором,411,,5,5,TAMA,1152,True,https://prom.ua/ua/p3000110633-sensornyj-dozator-dlya.html
дозатор для мила сенсорний,3220,2010948578,Сенсорний дозатор для мила Magic Soap 300 мл iC227,267,,,0,iziClick,15922,True,https://prom.ua/ua/p2010948578-sensornyj-dozator-dlya.html
дозатор для мила сенсорний,3220,3185289279,"Сенсорний дозатор 1308A-X для рідкого мила та гелю настінний, B25467A42",6790,,,0,Aistra,229,True,https://prom.ua/ua/p3185289279-beskontaktnyj-dispenser-dlya.html
дозатор для мила сенсорний,3220,1221980436,Автоматичний дозатор для мила 250 мл . Сенсорний диспансер для рідкого мила,318.50,,,0,"Інтернет магазин ""Потрібні покупки""",9953,True,https://prom.ua/ua/p1221980436-avtomaticheskij-dozator-dlya.html
дозатор для мила сенсорний,3220,2010948797,Сенсорний автоматичний дозатор для мила Soapper Auto Foaming Hand Wash iC227,241,,,0,iziClick,15922,True,https://prom.ua/ua/p2010948797-sensornyj-avtomaticheskij-dozator.html
дозатор для мила сенсорний,3220,2152427451,Сенсорний Диспенсер (Дозатор) Для Рідкого Мила Panmeda HSD-201740,2025,1924,,0,"Магазин ""ЕвроShop""",654,True,https://prom.ua/ua/p2152427451-sensornyj-dispenser-dozator.html
дозатор для мила сенсорний,3220,2786672797,"Дозатор (диспенсер) сенсорний для рідкого мила 1,2L No Brand D8100M (228110M)",2950,,,0,Jally-Shop,585,True,https://prom.ua/ua/p2786672797-dozator-dispenser-sensornyj.html
дозатор для мила сенсорний,3220,2423772293,"Сенсорний дозатор для мила AK1 500мл, білий (05903)",1907,,,0,"""Планета Дом""",1406,True,https://prom.ua/ua/p2423772293-sensornyj-dozator-dlya.html
дозатор для мила сенсорний,3220,2819826014,Сенсорний диспенсер настінний дозатор для мила з дзеркалом Zhiya MYX-W2 LED Pink D9-2025,1800,1299,,0,❤️ Твій Маркет,1388,True,https://prom.ua/ua/p2819826014-sensornyj-dispenser-nastennyj.html
дозатор для мила сенсорний,3220,2010944320,Сенсорний дозатор для рідкого мила auto foaming hand wash iC227,216,,,0,iziClick,15922,True,https://prom.ua/ua/p2010944320-sensornyj-dozator-dlya.html
дозатор для мила сенсорний,3220,2827026172,"Автоматичний диспенсер рідкого мила, що спінюється 480мл, від батарейок / Сенсорний дозатор для мила",307.40,215.18,,0,Teno,2401,True,https://prom.ua/ua/p2827026172-avtomaticheskij-dispenser-vspenivayuschegosya.html
органайзер для холодильника,2867,1558681098,"Контейнер органайзер для холодильника, знімний, з регулюванням",93,79.05,5,1,Будиночок Зима Літо,2990,True,https://prom.ua/ua/p1558681098-kontejner-organajzer-dlya.html
органайзер для холодильника,2867,1812276763,"Підвісний органайзер для холодильника з лотком на 12 яєць 28×18 см висувна полиця-скринька, пластик, білий",150,,,0,CraftHouse - товари для всієї родини,3487,True,https://prom.ua/ua/p1812276763-podvesnoj-organajzer-dlya.html
органайзер для холодильника,2867,2479518760,"Лоток на 30 яєць у холодильник, Органайзер на 3 яруси для яєць знижка",534,267,5,1,BigSmile.UA,2333,True,https://prom.ua/ua/p2479518760-lotok-yaits-holodilnik.html
органайзер для холодильника,2867,2095893097,Органайзер для холодильника складаний пластиковий для продуктів Bask 50860 (1 шт.),223,,,0,WPLTRADE.COM.UA,269,True,https://prom.ua/ua/p2095893097-organajzer-dlya-holodilnika.html
органайзер для холодильника,2867,2906398981,Органайзер для холодильника 13.5x30x17 cм (BA-685),48,,,0,POSUD_VDOMA,4605,True,https://prom.ua/ua/p2906398981-organajzer-dlya-holodilnika.html
органайзер для холодильника,2867,1794701667,Підвісний органайзер для холодильника Refrigerator Storage Box Контейнер,115,56,5,1,Kalyna-shop,4629,True,https://prom.ua/ua/p1794701667-podvesnoj-organajzer-dlya.html
органайзер для холодильника,2867,1619679778,Пластиковий лоток-органайзер в холодильник для овочів та фруктів 2л,162,96,,0,Посуд-PS — Horeca Посуд Подарунки,7225,True,https://prom.ua/ua/p1619679778-plastikovyj-lotok-organajzer.html
органайзер для холодильника,2867,2090263655,"Контейнер для зберігання яєць, органайзер для яєць у холодильник, лоток для яєць 30 штук",309,,5,12,ВсеСам,11408,True,https://prom.ua/ua/p2090263655-kontejner-dlya-hraneniya.html
органайзер для холодильника,2867,1537598077,"Органайзер для холодильника Irak Plastik ТУРЦІЯ, 13,5x30x17cм, BA-685",81,56.70,5,1,"👍 Iнтернет-магазин ""DOMIA"" 🎁 🧺 🏡",1119,True,https://prom.ua/ua/p1537598077-organajzer-dlya-holodilnika.html
органайзер для холодильника,2867,2866727008,Органайзер для холодильника Violet House 0848 Mix,85,,,0,АРС - Будівельний інтернет-гіпермаркет,10971,True,https://prom.ua/ua/p2866727008-organajzer-dlya-holodilnika.html
органайзер для холодильника,2867,1821299534,Пластиковий лоток-органайзер в холодильник для овочів та фруктів 2л Харків,160,94,3,1,Посуд-PS — Horeca Посуд Подарунки,7225,True,https://prom.ua/ua/p1821299534-plastikovyj-lotok-organajzer.html
органайзер для холодильника,2867,2379263486,Органайзер для холодильника Midi з ручкою,150,,,0,Romanoff-trade,226,True,https://prom.ua/ua/p2379263486-organajzer-dlya-holodilnika.html
органайзер для холодильника,2867,2620313367,Органайзер для холодильника Diwoker,940,705,,0,Electroboom,3332,False,https://prom.ua/ua/p2620313367-organajzer-dlya-holodilnika.html
органайзер для холодильника,2867,2736815483,"Підвісний металевий кошик-органайзер для зберігання речей 37×26×11 см, білий",349,249,,0,SweetHome,2510,False,https://prom.ua/ua/p2736815483-podvesnaya-metallicheskaya-korzina.html
органайзер для холодильника,2867,2460909266,Органайзер для холодильника Emhouse Tidy L (VC-701),51,,,0,Віста - мережа будівельно-господарчих маркетів,14758,True,https://prom.ua/ua/p2460909266-organajzer-dlya-holodilnika.html
органайзер для холодильника,2867,3114179946,"07402 Органайзер для холодильника 30х12,8х14см",72,,,0,ERIX.COM.UA,1087,True,https://prom.ua/ua/p3114179946-07402-organajzer-dlya.html
органайзер для холодильника,2867,2094206057,"Органайзер для холодильника для пляшок прозорий пластик 20,4x11,3x10,501 см 50819",161,,,0,WPLTRADE.COM.UA,269,True,https://prom.ua/ua/p2094206057-organajzer-dlya-holodilnika.html
органайзер для холодильника,2867,2053048550,Органайзер для холодильника на 1 відділення низький бірюзовий,48,,,0,LifeWater,507,True,https://prom.ua/ua/p2053048550-organajzer-dlya-holodilnika.html
органайзер для холодильника,2867,2186396014,Органайзер для холодильника Violet House 0848 WHITE,106,,,0,SVANS,1763,True,https://prom.ua/ua/p2186396014-organajzer-dlya-holodilnika.html
органайзер для холодильника,2867,3200359142,"Органайзер для яєць у холодильник на 16 шт двоярусний прозорий лоток 32,5×12×8,5 см",179,,,0,"ОЛІМП — велотовари, запчастини Xiaomi та мототовари, спортивне харчування",707,False,https://prom.ua/ua/p3200359142-organajzer-dlya-yaits.html
органайзер для холодильника,2867,3185049824,Органайзер для холодильника Storage Rack Підвісний розсувний контейнер,145.20,,,0,Интернет магазин Prestige Life,669,True,https://prom.ua/ua/p3185049824-organajzer-dlya-holodilnika.html
органайзер для холодильника,2867,1537621308,"Органайзер для холодильника Irak Plastik ТУРЦІЯ, 17x26x13cм, BA-695",112,78.40,,0,"👍 Iнтернет-магазин ""DOMIA"" 🎁 🧺 🏡",1119,True,https://prom.ua/ua/p1537621308-organajzer-dlya-holodilnika.html
органайзер для холодильника,2867,2784839949,Органайзер для холодильника Drawer Storage Box TY-9087/TY-9088 Двошаровий складаний кухонний органайзер для зберігання овочів,1527,,,0,Stock Hub,3902,False,https://prom.ua/ua/p2784839949-organajzer-dlya-holodilnika.html
органайзер для холодильника,2867,2021828776,Органайзер для зберігання продуктів у холодильнику широкий білий 200 х 300 х 141 мм,63,,5,1,AbabilA,765,True,https://prom.ua/ua/p2021828776-organajzer-dlya-hraneniya.html
органайзер для холодильника,2867,2813968730,"Органайзер для холодильника 1,6 л 32,5×10×7 см прозорий BARONESS BRNS.10562",213,147,5,1,"«Посуд-Да» — Посуд, Подарунки, Товари для дому",3458,True,https://prom.ua/ua/p2813968730-organajzer-dlya-holodilnika.html
органайзер для холодильника,2867,2009727766,Пластиковий органайзер із кришкою для холодильника 07412 Dunya,234,168,,0,"«Посуд-Да» — Посуд, Подарунки, Товари для дому",3458,True,https://prom.ua/ua/p2009727766-plastikovyj-organajzer-kryshkoj.html
органайзер для холодильника,2867,2522106778,Органайзер для холодильника ERNESTO® 5 л,300,,,0,All in one (Все в одному),97,True,https://prom.ua/ua/p2522106778-organajzer-dlya-holodilnika.html
органайзер для холодильника,2867,2693953499,Контейнер для зберігання яєць на 3 яруси / Органайзер для яєць у холодильник / Підставка для яєць,192.86,135,,0,Експрес-шоп,5504,True,https://prom.ua/ua/p2693953499-kontejner-dlya-hraneniya.html
органайзер для холодильника,2867,2965934994,"Круглий обертовий органайзер для холодильника, низький - 24",451.47,,,0,Інтернет магазин - Маркет,4624,False,https://prom.ua/ua/p2965934994-kruglyj-vraschayuschijsya-organajzer.html
органайзер для холодильника,2867,2206141126,Набір органайзерів для холодильника SCHWARZGLUT (набір з 6 предметів),2500,,,0,La_Box_Shop,853,True,https://prom.ua/ua/p2206141126-nabor-organajzerov-dlya.html
органайзер для холодильника,2867,2796173455,Органайзер для холодильника Epzia двошаровий складний прозорий контейнер для зберігання овочів та продуктів 1 шт,1526,,,0,OnWay,779,False,https://prom.ua/ua/p2796173455-organajzer-dlya-holodilnika.html
органайзер для холодильника,2867,2827034489,Організатор для яєць триярусний / Органайзер для яєць в холодильник / Підставка для яєць,178.57,125,,0,Teno,2401,True,https://prom.ua/ua/p2827034489-organajzer-dlya-yaits.html
органайзер для холодильника,2867,3019293984,Лоток для зберігання яєць пластиковий на 20 шт із кришкою синій Xplast (TNX-К049),255.73,102.29,,0,SL Top Sales,872,True,https://prom.ua/ua/p3019293984-lotok-dlya-hraneniya.html
органайзер для холодильника,2867,1837601834,Універсальний органайзер для холодильника 37*10*10 см прозорий Emhouse EP-610,310,264,,0,Інтернет-магазин TopPosud,2068,True,https://prom.ua/ua/p1837601834-universalnyj-organajzer-dlya.html
органайзер для холодильника,2867,3192097346,Обертовий органайзер для холодильника/кухні Silvercrest,355,337.25,,0,ViXi,56,False,https://prom.ua/ua/p3192097346-vraschayuschijsya-organajzer-dlya.html
органайзер для холодильника,2867,2769963815,"Органайзер для холодильника 25,5×28×13 см Violet House",156,90,,0,"«Посуд-Да» — Посуд, Подарунки, Товари для дому",3458,True,https://prom.ua/ua/p2769963815-organajzer-dlya-holodilnika.html
органайзер для холодильника,2867,2769435184,Органайзер для холодильника Akay AK 808,145,,,0,АРС - Будівельний інтернет-гіпермаркет,10971,True,https://prom.ua/ua/p2769435184-organajzer-dlya-holodilnika.html
органайзер для холодильника,2867,1652171398,"Підвісний органайзер для холодильника, зелений 3916623",149,,,0,Shock.org.ua,8978,True,https://prom.ua/ua/p1652171398-podvesnoj-organajzer-dlya.html
органайзер для холодильника,2867,2581486873,Контейнер пластиковий для зберігання зелені та трав у холодильнику харчовий органайзер для овочів кухонний в холодильник Білий,151.25,121,4.2,9,Head of Trends,2231,True,https://prom.ua/ua/p2581486873-kontejner-dlya-hraneniya.html
органайзер для холодильника,2867,1608354472,"Пластиковий вузький лоток-органайзер для овочів та фруктів у холодильник, Туреччина 07402 Dunya",162,96,,0,Посуд-PS — Horeca Посуд Подарунки,7225,True,https://prom.ua/ua/p1608354472-plastikovyj-uzkij-lotok.html
органайзер для холодильника,2867,2906399018,Органайзер для холодильника Emhouse модульний (EP-646),114,,,0,POSUD_VDOMA,4605,True,https://prom.ua/ua/p2906399018-organajzer-dlya-holodilnika.html
органайзер для холодильника,2867,2870135848,Органайзер для яєць двоярусний/підставка для яєць/ Органайзер для яєць у холодильник,298.57,209,,0,Trendly⭐⭐⭐⭐⭐,2668,True,https://prom.ua/ua/p2870135848-organajzer-dlya-yaits.html
органайзер для холодильника,2867,3011181953,Органайзер в холодильник для напоїв,200,,,0,Twenty One,140,True,https://prom.ua/ua/p3011181953-organajzer-holodilnik-dlya.html
органайзер для холодильника,2867,2920729439,Органайзер для холодильника Violet House 0848 White,85,,,0,АРС - Будівельний інтернет-гіпермаркет,10971,True,https://prom.ua/ua/p2920729439-organajzer-dlya-holodilnika.html
органайзер для холодильника,2867,2847136656,"Комплект контейнерів-органайзерів для пакетів у холодильник, 10 штук (25,5x19,5x5,8 см) Easy Store / Органайзер у холодильник",164.48,115.14,,0,Teno,2401,True,https://prom.ua/ua/p2847136656-komplekt-kontejnerov-organajzerov.html
органайзер для холодильника,2867,2853578190,Полиця органайзер для холодильника з харчового пластику Storage Rack універсальна компактна з вентиляцією,182,,,0,Drmob,741,True,https://prom.ua/ua/p2853578190-polka-organajzer-dlya.html
органайзер для холодильника,2867,3086047794,Органайзер-розділювач для холодильника-1 шт,40,,,0,SvetoSMarketUA,161,True,https://prom.ua/ua/p3086047794-organajzer-razdelitel-dlya.html
органайзер для холодильника,2867,1780910030,"Контейнер Органайзер для холодильника 26х29х8,5 см Ящик Кошик для зберігання овочів і фруктів",145,104.40,,0,Інтернет-магазин Megusta,5918,True,https://prom.ua/ua/p1780910030-kontejner-organajzer-dlya.html
органайзер для холодильника,2867,2948948139,"Органайзер для пакетов в холодильник 10 шт (25,5x19,5x5,8 см) Easy store organizer / Органайзер в холодильник",178.57,125,,0,Marcat ⭐⭐⭐⭐⭐,4842,True,https://prom.ua/ua/p2948948139-organajzer-dlya-paketov.html
органайзер для холодильника,2867,1762658680,Органайзер-полиця для холодильника блакитна 15.5*15*6.5см Stenson N01249 208673,85,,,0,ebrand,6165,True,https://prom.ua/ua/p1762658680-organajzer-polka-dlya.html
органайзер для холодильника,2867,3109049098,"Органайзер Rotho з кришкою для холодильника CAUMA 2,15 л",333,,,0,Інтернет-магазин House-Soft,1111,True,https://prom.ua/ua/p3109049098-organajzer-rotho-kryshkoj.html
органайзер для холодильника,2867,3211285944,"Органайзер для холодильника «Clario» прозорий з висувною шухлядою 2 розміри 35x12,5x13,5 см",300,,,0,WANMAG,89,True,https://prom.ua/ua/p3211285944-organajzer-dlya-holodilnika.html
органайзер для холодильника,2867,2822269287,"Органайзер для пакетів у холодильник 10 шт (25,5x19,5x5,8 см) Easy store organizer, Білий / Органайзер у холодильник",164.48,115.14,,0,OnlineMarket,34582,True,https://prom.ua/ua/p2822269287-organajzer-dlya-paketov.html
органайзер для холодильника,2867,2483630860,Органайзер для холодильника IDEA HOME 1588-IH-прозорий (31х16х9 см),161,,,0,"Інтернет-магазин ""E-posud""",2396,True,https://prom.ua/ua/p2483630860-organajzer-dlya-holodilnika.html
органайзер для холодильника,2867,2943708817,"Полиця-органайзер для холодильника, пральної машинки",799,,,0,"Інтернет-магазин ""Океан Меблів""",751,True,https://prom.ua/ua/p2943708817-polka-organajzer-dlya.html
органайзер для холодильника,2867,2278116183,Органайзер пластиковий для холодильника 35*14.3*9 см Akay Plastik AK 808,350,249,,0,Інтернет-магазин TopPosud,2068,True,https://prom.ua/ua/p2278116183-organajzer-plastikovyj-dlya.html
органайзер для холодильника,2867,2146455292,Органайзер для холодильника та гардероба Nandy Home 3 л,180,,,0,Romanoff-trade,226,True,https://prom.ua/ua/p2146455292-organajzer-dlya-holodilnika.html
органайзер для холодильника,2867,2146472479,Органайзер для холодильника та гардероба Nandy Home 5 л,240,,,0,Romanoff-trade,226,True,https://prom.ua/ua/p2146472479-organajzer-dlya-holodilnika.html
вакуумні пакети для одягу,3941,2458979032,"Багаторазові вакуумні пакети для одягу (50x60 см), Вакумні пакети для речей 1 шт ARTK",138,69,4.9,15,Artik-Shop,575,True,https://prom.ua/ua/p2458979032-mnogorazovye-vakuumnye-pakety.html
вакуумні пакети для одягу,3941,2458974188,"Багаторазові вакуумні пакети для одягу (60x80 см), Вакумні пакети для речей 1 шт ARTK",150,75,4.7,11,Artik-Shop,575,True,https://prom.ua/ua/p2458974188-mnogorazovye-vakuumnye-pakety.html
вакуумні пакети для одягу,3941,1717366575,"Вакуумні пакети для одягу та зберігання речей The Chestnut, 10 шт, 60×80 і 70×100 см, багаторазові з клапаном для пилососа",669,,5,1,The Chestnut,172,True,https://prom.ua/ua/p1717366575-vakuumnye-pakety-dlya.html
вакуумні пакети для одягу,3941,2469494762,"Вакуумні пакети для одягу 70*100 см для зберігання речей, багаторазовий із клапаном для пилососа 1 шт. ARTK",158,79,4.9,55,Artik-Shop,575,True,https://prom.ua/ua/p2469494762-vakuumnye-pakety-dlya.html
вакуумні пакети для одягу,3941,257947486,Багаторазові вакуумні пакети для одягу 80x110 см вакуумні пакети для речей 1 шт,154,130.90,5,1,"""ПакетПак"" - упаковка, яка працює на ваш бренд!",2293,True,https://prom.ua/ua/p257947486-mnogorazovye-vakuumnye-pakety.html
вакуумні пакети для одягу,3941,2590048469,"Вакуумні пакети для одягу речей багажу, з зіп-замком ""Vacuum Bag"" мішки вакуумні для зберігання з насосом прозорі, 6 шт",420,,5,5,Sova market,1574,True,https://prom.ua/ua/p2590048469-vakuumnye-pakety-dlya.html
вакуумні пакети для одягу,3941,3050292574,Вакуумні пакети для одягу та речей 10 шт 60х80 см,490,,4.4,14,V_Market,221,True,https://prom.ua/ua/p3050292574-vakuumnye-pakety-dlya.html
вакуумні пакети для одягу,3941,1609094791,Набір вакуумних пакетів для зберігання речей 10 шт. з насосом (5893),799,649,5,7,Friendlys Shop,1075,True,https://prom.ua/ua/p1609094791-nabor-vakuumnyh-paketov.html
вакуумні пакети для одягу,3941,1715121340,Вакуумні пакети для одягу з ручною помпою The Chestnut 8 штук,633,,5,1,The Chestnut,172,True,https://prom.ua/ua/p1715121340-vakuumnye-pakety-shtuk.html
вакуумні пакети для одягу,3941,3129677826,Вакуумні пакети для одягу та речей (Набір 12 шт),1400,840,,0,ECTOPLAST,40,True,https://prom.ua/ua/p3129677826-vakuumnye-pakety-dlya.html
вакуумні пакети для одягу,3941,2994141661,Багаторазові вакуумні пакети для одягу та речей (50x60 см) Вакумні пакети для речей 1 шт SPECTR,138,69,5,3,Sunrise-Shop,41,True,https://prom.ua/ua/p2994141661-mnogorazovye-vakuumnye-pakety.html
вакуумні пакети для одягу,3941,3101186888,Вакуумний насос для вакуумних пакетів (вакууматор для одягу) електричний акумуляторний Type-C Білий,570,470,,0,Lovable,878,True,https://prom.ua/ua/p3101186888-vakuumnyj-nasos-dlya.html
вакуумні пакети для одягу,3941,3050292573,Вакуумні пакети для зберігання одягу речей 10 шт,447,,5,5,V_Market,221,True,https://prom.ua/ua/p3050292573-vakuumnye-pakety-dlya.html
вакуумні пакети для одягу,3941,2665324719,"Вакуумні пакети для одягу 80*110 см для зберігання речей, багаторазовий із клапаном для пилососа 1 шт. A&S",198,99,4.4,20,ART-Shop,683,True,https://prom.ua/ua/p2665324719-vakuumnye-pakety-dlya.html
вакуумні пакети для одягу,3941,2621840531,Вакуумні пакети для одягу та речей 10шт багаторазові герметичні мішки для зберігання пакування одягу прозорі вакуумні зіп пакети,1000,789,5,16,Grand Shopping Інтернет-магазин,163,True,https://prom.ua/ua/p2621840531-vakuumnye-pakety-dlya.html
вакуумні пакети для одягу,3941,1972340678,Вакуумні Пакети для Одягу 60х80 см - Комплект з 5 пакетів - Пакети для Зберігання Одягу ТМ ComShop,665,465,5,1,ComShop.in.UA - Магазин ТМ ComShop,726,True,https://prom.ua/ua/p1972340678-vakuumnye-pakety-dlya.html
вакуумні пакети для одягу,3941,2469492648,"Вакуумні пакети для одягу 50 *60 см для зберігання речей, багаторазовий із клапаном для пилососа 1 шт. ARTK",138,69,4.9,16,Artik-Shop,575,True,https://prom.ua/ua/p2469492648-vakuumnye-pakety-dlya.html
вакуумні пакети для одягу,3941,3197393257,Набір вакуумних пакетів 9 шт для одягу. Мішки для речей. Вакуумні пакети.,898,449,5,4,cutout.store,372,True,https://prom.ua/ua/p3197393257-nabor-vakuumnyh-paketov.html
вакуумні пакети для одягу,3941,3139287114,"Набір вакуумних пакетів для одягу з насосом 5шт,Вакуумні пакети для одягу / Вакуумні мішки для речей",269,,5,29,Miracle shop,3107,True,https://prom.ua/ua/p3139287114-nabor-vakuumnyh-paketov.html
вакуумні пакети для одягу,3941,3132128957,Електричний насос для вакуумних пакетів для одягу та речей 55Вт,400,380,4.2,6,ECTOPLAST,40,True,https://prom.ua/ua/p3132128957-elektricheskij-nasos-dlya.html
вакуумні пакети для одягу,3941,2816603237,Багаторазові вакуумні пакети для одягу та речей (50x60 см) 5 шт Вакумні пакети для речей 5 шт SPECTR,690,345,5,4,ART-Shop,683,True,https://prom.ua/ua/p2816603237-mnogorazovye-vakuumnye-pakety.html
вакуумні пакети для одягу,3941,2458984590,"Вакумні пакети для речей, Багаторазові вакуумні пакети для одягу (70x100 см) 1 шт ARTK",158,79,5,14,Artik-Shop,575,True,https://prom.ua/ua/p2458984590-vakumnye-pakety-dlya.html
вакуумні пакети для одягу,3941,3036080330,Вакуумний пакет для зберігання речей / Компресійний пакет для одягу та ковдр 40*60*32,207,106,,0,Shopka.com.ua,6523,True,https://prom.ua/ua/p3036080330-vakuumnyj-paket-dlya.html
вакуумні пакети для одягу,3941,2406909868,Вакуумні пакети для одягу 40*60 см набір з 5 шт,200,,4.9,20,Vakuum bags,258,True,https://prom.ua/ua/p2406909868-vakuumni-paketi-dlya.html
вакуумні пакети для одягу,3941,2590856230,"Вакуумні пакети для одягу речей багажу багаторазові набір Vacuum Storage, мішки вакуумні прозорі для зберігання, комплект 8 шт",590,,4.9,19,Пташка,479,True,https://prom.ua/ua/p2590856230-vakuumnye-pakety-dlya.html
вакуумні пакети для одягу,3941,3167792103,"5 Вакуумних пакетів для одягу (50х70 2шт, 60х80 2шт, 80х100 1шт) з помпою / Набір вакуумних пакетів для одягу / Вакуумні мішки",555.71,389,,0,Trendly⭐⭐⭐⭐⭐,2668,True,https://prom.ua/ua/p3167792103-vakuumnyh-paketov-dlya.html
вакуумні пакети для одягу,3941,2590856215,"Вакуумні пакети багаторазові Vacuum Storage набір для одягу речей багажу, мішки вакуумні прозорі для зберігання, комплект 5 шт",320,,5,7,Пташка,479,True,https://prom.ua/ua/p2590856215-vakuumnye-pakety-mnogorazovye.html
вакуумні пакети для одягу,3941,2590856219,"Вакуумні пакети багаторазові Vacuum Storage з насосом набір для одягу речей багажу,мішки вакуумні прозорі для зберігання,6 шт",420,,4.7,9,Пташка,479,True,https://prom.ua/ua/p2590856219-vakuumnye-pakety-mnogorazovye.html
вакуумні пакети для одягу,3941,3161260348,Електричний насос для вакуумних пакетів для одягу та речей 35Вт,400,296,,0,ECTOPLAST,40,True,https://prom.ua/ua/p3161260348-elektricheskij-nasos-dlya.html
вакуумні пакети для одягу,3941,1339058525,Вакуумні Пакети для Одягу 40х60 см - Комплект з 5 пакетів - Пакети для Зберігання Одягу ТМ ComShop,560,398,,0,ComShop.TOP - Магазин Корисних Товарів,1690,True,https://prom.ua/ua/p1339058525-vakuumnye-pakety-dlya.html
вакуумні пакети для одягу,3941,3218468940,Вакуумний пакет для одягу 50*70см R37423-70 (144шт),46.40,,,0,Gurt Market,408,True,https://prom.ua/ua/p3218468940-vakuumnyj-paket-dlya.html
вакуумні пакети для одягу,3941,3124785463,Вакуумні пакети для одягу та речей (Набір 6 шт),700,469,5,3,ECTOPLAST,40,True,https://prom.ua/ua/p3124785463-vakuumnye-pakety-dlya.html
вакуумні пакети для одягу,3941,2665279630,"Вакумні пакети для речей, Багаторазові вакуумні пакети для одягу (80x110 см) 1 шт ARTK",198,99,4.8,4,Artik-Shop,575,True,https://prom.ua/ua/p2665279630-vakumnye-pakety-dlya.html
вакуумні пакети для одягу,3941,2772550755,Вакуумний пакет для одягу та речей зберігання 70х110 см Лучшая цена,85,60,,0,Tobe,25894,True,https://prom.ua/ua/p2772550755-vakuumnyj-paket-dlya.html
вакуумні пакети для одягу,3941,2816603238,Багаторазові вакуумні пакети для одягу та речей (50x60 см) 10 шт Вакумні пакети для речей 10 шт SPECTR,1380,690,5,2,ART-Shop,683,True,https://prom.ua/ua/p2816603238-mnogorazovye-vakuumnye-pakety.html
вакуумні пакети для одягу,3941,562763466,"Вакуумний пакет для речей, одягу 80х120",99,,5,2,Інтернет-магазин «Gadgetarium»,4190,True,https://prom.ua/ua/p562763466-vakuumnyj-paket-dlya.html
вакуумні пакети для одягу,3941,1972340654,Вакуумні Пакети для Одягу - Комплект з 6 пакетів - Пакети для Зберігання Одягу ТМ ComShop,693,501,5,4,ComShop.in.UA - Магазин ТМ ComShop,726,True,https://prom.ua/ua/p1972340654-vakuumnye-pakety-dlya.html
вакуумні пакети для одягу,3941,2431305965,Вакуумні пакети для одягу з насосом KITUA 9 предметів (9 YB),684,410.40,4.2,5,Інтернет магазин NORIM,10182,True,https://prom.ua/ua/p2431305965-vakuumnye-pakety-dlya.html
вакуумні пакети для одягу,3941,2591556849,"Вакуумні пакети набір мішків для зберігання речей одягу та багажу багаторазові прозорі, 5 шт VacuumPacks_4",490,,,0,"Інтернет Магазин ""Tano""",1263,True,https://prom.ua/ua/p2591556849-vakuumnye-pakety-nabor.html
вакуумні пакети для одягу,3941,2793116410,Вакуумні пакети для одягу та речей 6шт багаторазові герметичні мішки для зберігання пакування одягу прозорі вакуумні зіп пакети на,750,557,5,6,Grand Shopping Інтернет-магазин,163,True,https://prom.ua/ua/p2793116410-vakuumnye-pakety-dlya.html
вакуумні пакети для одягу,3941,2406941116,Вакуумні пакети для одягу 40*60 см набір з 10 шт,360,,4.8,22,Vakuum bags,258,True,https://prom.ua/ua/p2406941116-vakuumni-paketi-dlya.html
вакуумні пакети для одягу,3941,3131426365,"Органайзер для зберігання одягу 5 вакуумних пакетів із насосом | Компресійні пакети для шафи, валізи та переїзду",450,261,4.6,5,MegaShop,3810,True,https://prom.ua/ua/p3131426365-organajzer-dlya-hraneniya.html
вакуумні пакети для одягу,3941,3147895090,"Зручне зберігання одягу 10шт (70x100см), Пакувальні пакети для одягу з вакуумним клапаном, Вакуумні пакети для одягу, RYH",2044,1022,,0,Igrushka Shop,1539,True,https://prom.ua/ua/p3147895090-vakuumnye-pakety-dlya.html
вакуумні пакети для одягу,3941,2895894121,Набір вакуумних пакетів для одягу 11 шт. із ручним насосом | Економія до 80% місця,500,,,0,Інтернет - Магазин SmilShop,1126,True,https://prom.ua/ua/p2895894121-nabor-vakuumnyh-paketov.html
вакуумні пакети для одягу,3941,851219728,Вакуумний пакет мішок для зберігання одягу речей 70х100см,70,,,0,KRONS інтернет-магазин,9000,True,https://prom.ua/ua/p851219728-vakuumnyj-paket-meshok.html
вакуумні пакети для одягу,3941,2241561167,Набір багаторазових вакуумних пакетів для зберігання верхнього одягу та речей і зимових комплектів пакетів 10 шт.,989,689,4.8,5,MilitariPro,1170,True,https://prom.ua/ua/p2241561167-nabor-mnogorazovye-vakuumnye.html
вакуумні пакети для одягу,3941,2139233131,Вакуумні пакети 70x100 см прозорі для верхнього одягу та перевезення речей Vacuum Bag кульки для ковдри,80,68,5,1,Goodcase,4510,True,https://prom.ua/ua/p2139233131-vakuumnye-pakety-70x100sm.html
вакуумні пакети для одягу,3941,3148900752,Вакуумні пакети для одягу 60×80 см 6 шт | Пакети для зберігання речей | Економія місця до 75%,380,,,0,"Інтернет магазин ""Твори диво""",638,True,https://prom.ua/ua/p3148900752-vakuumni-paketi-dlya.html
вакуумні пакети для одягу,3941,3037089145,Вакуумний пакет для одягу 40*50 см / Компресійний пакет для пакування валізи ручний,177,,,0,Shopka.com.ua,6523,False,https://prom.ua/ua/p3037089145-vakuumnyj-paket-dlya.html
вакуумні пакети для одягу,3941,3146401439,Вакуумний пакет для одягу 70×100 см R26097/ZKD-70100 для зберігання одягу та білизни,83,78.85,,0,Sosiska,1303,True,https://prom.ua/ua/p3146401439-vakuumnyj-paket-dlya.html
вакуумні пакети для одягу,3941,1323140337,"Вакуумні пакети для одягу в комплекті з насосом (20 шт./уп.) 40*60 і 60*80 см, мішки для зберігання одягу",1498.75,1199,,0,💙💛Гарантія хороших покупок 🎁🚚 ⤵,844,True,https://prom.ua/ua/p1323140337-vakuumnye-pakety-dlya.html
вакуумні пакети для одягу,3941,3146400063,Ароматизований вакуумний пакет для зберігання одягу Stenson 50×60 см R26095,57,54.15,,0,Sosiska,1303,True,https://prom.ua/ua/p3146400063-aromatizirovannyj-vakuumnyj-paket.html
вакуумні пакети для одягу,3941,2977545152,"Вакуумні пакети з насосом, вакуумне пакування для одягу, вакуумні мішки для зберігання Hechpro (1190)",920,699.20,,0,UNICUMSHOP,2388,True,https://prom.ua/ua/p2977545152-vakuumnye-pakety-nasosom.html
вакуумні пакети для одягу,3941,2912065705,"Вакуумні пакети для одягу багажу з ручним насосом, мішки вакуумні для зберігання прозорі, набір 8шт",1035.38,792.38,,0,AIW,7686,True,https://prom.ua/ua/p2912065705-vakuumnye-pakety-dlya.html
вакуумні пакети для одягу,3941,1323142459,"Вакуумні пакети для одягу в комплекті з насосом (20 шт./уп.) 40*60 і 60*80 см, мішки для зберігання одягу",1498.75,1199,5,1,💙💛Інтернет-магазин NaVubir - navubir.com.ua 🎁% 🚚 ⤵,1171,True,https://prom.ua/ua/p1323142459-vakuumnye-pakety-dlya.html
вакуумні пакети для одягу,3941,2816603234,Вакуумні пакети для зберігання одягу 70х100 см 10 шт Пакети для одягу 10 шт SPECTR,1580,790,5,3,ART-Shop,683,True,https://prom.ua/ua/p2816603234-vakuumnye-pakety-dlya.html
вакуумні пакети для одягу,3941,3160772392,"1 шт. Вакуумний пакет для одягу 50х60 см, Прозорий/Вакуумний мішок для зберігання одягу/Вакуумний пакет для зберігання одягу",169,69,,0,Nebomarket,413,True,https://prom.ua/ua/p3160772392-1sht-vakuumnyj-paket.html
вакуумні пакети для одягу,3941,2590856218,"Вакуумні пакети багаторазові Vacuum Storage набір для одягу речей багажу, мішки вакуумні прозорі для зберігання, комплект 5 шт",360,,5,1,Пташка,479,True,https://prom.ua/ua/p2590856218-vakuumnye-pakety-mnogorazovye.html
щітка для видалення шерсті тварин,5066,2638031989,"Щітка для видалення шерсті тварин з поверхонь 45х18 см Сіра (WOOLBRUSH-01), Сірий",445,315,5,13,Єврозона,382,True,https://prom.ua/ua/p2638031989-schetka-dlya-udaleniya.html
щітка для видалення шерсті тварин,5066,1500725063,"Двостороння щітка-бритва для видалення шерсті тварин, ворсу, волосся, катішок з килимів, меблів",69,,4.8,6,PETTI,788,True,https://prom.ua/ua/p1500725063-dvustoronyaya-schetka-britva.html
щітка для видалення шерсті тварин,5066,3072155867,Рукавичка-щітка для вичісування шерсті домашніх тварин синя,89,,5,1,NAMTREBA,6,True,https://prom.ua/ua/p3072155867-rukavichka-schetka-dlya.html
щітка для видалення шерсті тварин,5066,3047842733,Рукавичка для прибирання та вичісування від шерсті електростатична + щітка чесалка пуходер для собак та котів комплект 2в1,395,250,4.6,8,Freebe.shop,685,True,https://prom.ua/ua/p3047842733-schetka-perchatka-rukavichka.html
щітка для видалення шерсті тварин,5066,3121876175,"Рукавичка для видалення шерсті тварин, багаторазова щітка-рукавиця для котів і собак TH-24",143,110,,0,"Оптово-роздрібний інтернет-магазин ""NicePrice""",12684,True,https://prom.ua/ua/p3121876175-perchatka-dlya-udaleniya.html
щітка для видалення шерсті тварин,5066,2478465391,"Щітка-скребок для видалення ворсу, шерсті тварин із килимів, меблів Ручна двостороння щітка 11,5 см ARTK",250,125,5,1,Artik-Shop,575,True,https://prom.ua/ua/p2478465391-schetka-skrebok-dlya.html
щітка для видалення шерсті тварин,5066,2999236840,Щітка скребок для видалення шерсті тварин (10х9см) / Ручна бритва для чищення килимів,92.93,65.05,5,2,Be Store,880,True,https://prom.ua/ua/p2999236840-schetka-skrebok-dlya.html
щітка для видалення шерсті тварин,5066,2176957945,"Щетка-скребок для удаления ворса, шерсти животных с ковров, мебели Ручная двухсторонняя щетка от колтунов A&S.",250,125,4.5,6,ART-Shop,683,True,https://prom.ua/ua/p2176957945-schetka-skrebok-dlya.html
щітка для видалення шерсті тварин,5066,2458107257,Щітка для видалення шерсті Bodasan щітка для чищення килимів від шерсті тварин (Z006),159,,4.7,26,4-sport.com.ua,2649,True,https://prom.ua/ua/p2458107257-schetka-dlya-udaleniya.html
щітка для видалення шерсті тварин,5066,2939084527,Рукавичка щітка електростатична для видалення шерсті 22х17 см (2911),353,229.45,,0,VigO shop,1567,True,https://prom.ua/ua/p2939084527-perchatka-schetka-elektrostaticheskaya.html
щітка для видалення шерсті тварин,5066,3136276168,Рукавичка розміром 24×16 см для вичісування шерсті тварин Щітка-рукавичка для котів і собак Чесалка для домашніх тварин,176,88,5,1,Stitch,39,True,https://prom.ua/ua/p3136276168-perchatka-24h16-dlya.html
щітка для видалення шерсті тварин,5066,1939539859,Щітка для видалення шерсті домашніх тварин Fur wizard Лучшая цена,187,65,5,2,Tobe,25894,True,https://prom.ua/ua/p1939539859-schetka-dlya-udaleniya.html
щітка для видалення шерсті тварин,5066,2169361442,"Щітка для видалення шерсті тварин, волосся, ворсу з килимів, меблів та катишків на одязі (синя)",149,99.83,4.5,4,"""homeli"" - Інтернет-магазин",838,True,https://prom.ua/ua/p2169361442-schetka-dlya-udaleniya.html
щітка для видалення шерсті тварин,5066,2936468941,Щітка рукавичка для вичісування шерсті тварин у котів та собак гребінець,163,,,0,7m Store,227,True,https://prom.ua/ua/p2936468941-schetka-perchatka-dlya.html
щітка для видалення шерсті тварин,5066,2132506655,"Щітка-скребок для видалення шерсті тварин, волосся, ворсу, кошлатання з килимів, одягу, меблів та інших поверхонь",130,,4.7,7,SweetHome,2510,True,https://prom.ua/ua/p2132506655-schyotka-skrebok-dlya.html
щітка для видалення шерсті тварин,5066,1728867611,"Гребінець для видалення підпушка у собак та котів, щітка для догляду за твариною",216,108,5,8,EcoBadStock,6773,True,https://prom.ua/ua/p1728867611-rascheska-dlya-udaleniya.html
щітка для видалення шерсті тварин,5066,2400613263,"Щітка, сребок універсальна для видалення шерсті та ворсу тварин, коричнева",150,,,0,CarLuxe,1821,True,https://prom.ua/ua/p2400613263-schetka-srebok-universalnaya.html
щітка для видалення шерсті тварин,5066,2171069464,"Щітка, скребок двохсторонній для видалення шерсті тварин, волосся, ворсу з килимів, меблів, катишків на одязі",130,109,4.3,6,TechCrew,2339,True,https://prom.ua/ua/p2171069464-schetka-skrebok-dvuhstoronnij.html
щітка для видалення шерсті тварин,5066,1994066426,Щітка для видалення шерсті тварин Reusable Pet Fur Remover With Self-Cleaning Base. Від шерсті собак і кішок.,351.90,278,,0,Chip_House_Germany,280,False,https://prom.ua/ua/p1994066426-schetka-dlya-udaleniya.html
щітка для видалення шерсті тварин,5066,2441431615,Електрична щітка для видалення шерсті тварин Fur Daddy Sonic (сіра з фіолетовим),540,486,,0,FlashShop,1320,True,https://prom.ua/ua/p2441431615-elektricheskaya-schetka-dlya.html
щітка для видалення шерсті тварин,5066,2770004821,Щітка для вичісування шерсті. Чесалка для тварин. Гребінець для собак і кішок EL0227,180,,,0,ELEXION,12233,True,https://prom.ua/ua/p2770004821-schetka-dlya-vychesyvaniya.html
щітка для видалення шерсті тварин,5066,3055513719,"Щетка-скребок для удаления ворса, шерсти животных с ковров, мебели Ручная двухсторонняя щетка от колтунов I&S.",250,125,,0,Megapolis Shop,478,True,https://prom.ua/ua/p3055513719-schetka-skrebok-dlya.html
щітка для видалення шерсті тварин,5066,2530355360,"Електрична щітка ролик, Fur Daddy для видалення шерсті тварин, для одягу, килимів",420,315,,0,Domovyonok,809,True,https://prom.ua/ua/p2530355360-elektricheskaya-schetka-rolik.html
щітка для видалення шерсті тварин,5066,2897835182,Щітка-рукавиця для вичісування шерсті котів та собак (True Touch),50,,2,1,Jeirox,5335,True,https://prom.ua/ua/p2897835182-schetka-rukavitsa-dlya.html
щітка для видалення шерсті тварин,5066,2911957412,"Щітка для видалення котишок та вовни тварин з тканин, килимів",194,97,5,1,TimaShop,103,True,https://prom.ua/ua/p2911957412-schetka-dlya-udaleniya.html
щітка для видалення шерсті тварин,5066,1693894788,"Щітка для догляду за шерстю тварин Petsy самоочисна, Ручна щітка з кнопкою для вичісування шерсті",539,221,,0,💫 𝐎𝐍𝐋𝐈𝐍𝐄 𝐌𝐀𝐑𝐊𝐄𝐓 💫 – Актуальні товари за найвигіднішими цінами!,6973,True,https://prom.ua/ua/p1693894788-schetka-dlya-uhoda.html
щітка для видалення шерсті тварин,5066,2016657019,Щітка для видалення шерсті домашніх тварин Fur wizard SV227,65,,5,4,SevenHome,22811,True,https://prom.ua/ua/p2016657019-schetka-dlya-udaleniya.html
щітка для видалення шерсті тварин,5066,3195897921,"Щітка для видалення шерсті тварин 4 в 1, чищення меблів, килимів, одягу та вікон з довгою ручкою 45 см KT9004201",523,323,,0,Фараон,311,True,https://prom.ua/ua/p3195897921-schetka-dlya-udaleniya.html
щітка для видалення шерсті тварин,5066,3195897922,"Щітка для видалення шерсті тварин 4 в 1, чищення меблів, килимів, одягу та вікон з довгою ручкою 59 см KT9004202",573,373,,0,Фараон,311,True,https://prom.ua/ua/p3195897922-schetka-dlya-udaleniya.html
щітка для видалення шерсті тварин,4482,2470772568,"Щітка-скребок для видалення ворсу, шерсті тварин із килимів, меблів Ручна двостороння щітка 11,5 см A&S",250,125,,0,ART-Shop,683,True,https://prom.ua/ua/p2470772568-schetka-skrebok-dlya.html
щітка для видалення шерсті тварин,4482,3012949684,Щітка для видалення шерсті тварин Щітка для очищення одягу від шерсті Щітка для збирання шерсті кішок Ролик для видалення шерсті I,598,299,5,4,Spectr-Shop,271,True,https://prom.ua/ua/p3012949684-schetka-dlya-udaleniya.html
щітка для видалення шерсті тварин,4482,2400613263,"Щітка, сребок універсальна для видалення шерсті та ворсу тварин, коричнева",150,,,0,CarLuxe,1821,True,https://prom.ua/ua/p2400613263-schetka-srebok-universalnaya.html
щітка для видалення шерсті тварин,4482,3050857370,Щітка для видалення шерсті тварин Щітка для меблів від шерсті Багаторазова щітка для збирання шерсті з одягу I&S,350,175,,0,Artik-Shop,575,True,https://prom.ua/ua/p3050857370-schetka-dlya-udaleniya.html
щітка для видалення шерсті тварин,4482,1728867611,"Гребінець для видалення підпушка у собак та котів, щітка для догляду за твариною",216,108,5,8,EcoBadStock,6773,True,https://prom.ua/ua/p1728867611-rascheska-dlya-udaleniya.html
щітка для видалення шерсті тварин,4482,2388017253,"Електрична щітка для видалення шерсті тварин на меблів, одязі Fur Daddy Sonic GS227",316,,3,1,GloboSelect,7170,True,https://prom.ua/ua/p2388017253-elektricheskaya-schetka-dlya.html
щітка для видалення шерсті тварин,4482,3220797963,Щітка для видалення шерсті домашніх тварин багаторазова з контейнером для збору зручна ефективна для прибирання 30х10 см,480,240,,0,Igrushka Shop,1539,True,https://prom.ua/ua/p3220797963-schetka-dlya-udaleniya.html
щітка для видалення шерсті тварин,4482,1986136996,Щітка для видалення шерсті домашніх тварин. Гребінець для шерсті,222,159.84,,0,Lux UA,371,True,https://prom.ua/ua/p1986136996-schetka-dlya-udaleniya.html
щітка для видалення шерсті тварин,4482,1704002276,Універсальна щітка для видалення шерсті тварин зелена (OK0032_2),194,174,,0,"Інтернет-магазин ""Толаніс"" - ТОПові товари",4424,True,https://prom.ua/ua/p1704002276-universalnaya-schetka-dlya.html
щітка для видалення шерсті тварин,4482,2041506101,Щітка для видалення шерсті домашніх тварин Fur wizard SN27,66,,5,1,Sense,27459,True,https://prom.ua/ua/p2041506101-schetka-dlya-udaleniya.html
щітка для видалення шерсті тварин,4482,2829375288,Щітка-скребок для видалення ковтунців прибирання шерсті тварин Очисник тканини від ковтунців Бритва для одягу ZRT^,294,147,,0,🔱 «Dream Place» Компетентність! Якість товару! Швидка відправка! ✅,180,True,https://prom.ua/ua/p2829375288-schetka-skrebok-dlya.html
щітка для видалення шерсті тварин,4482,2950099168,Перчатка-щітка для видалення шерсті тварин і чистки мебелі (Pet Hair Removal Glove),100,,,0,MyStockHouse,298,True,https://prom.ua/ua/p2950099168-perchatka-schetka-dlya.html
щітка для видалення шерсті тварин,4482,2934565293,"Щітка-скребок для видалення шерсті тварин з меблів та салону авто, набір 3 шт",335,311.55,5,1,Твій Помічник,235,True,https://prom.ua/ua/p2934565293-schetka-skrebok-dlya.html
щітка для видалення шерсті тварин,4482,2387859143,"Електрична щітка для видалення шерсті тварин на меблів, одязі Fur Daddy Sonic SN27",237,,,0,Sense,27459,True,https://prom.ua/ua/p2387859143-elektricheskaya-schetka-dlya.html
щітка для видалення шерсті тварин,4482,1994998417,Щітка для видалення шерсті домашніх тварин Fur wizard GS227,96,,,0,GloboSelect,7170,True,https://prom.ua/ua/p1994998417-schetka-dlya-udaleniya.html
щітка для видалення шерсті тварин,4482,1926314841,Щітка для видалення шерсті домашніх тварин Fur wizard Топ продаж,95,,5,1,Kozak Hookah - Магазин техніки та аксесуарів,12795,True,https://prom.ua/ua/p1926314841-schetka-dlya-udaleniya.html
щітка для видалення шерсті тварин,4482,2686527575,Щітка для чищення дивана від шерсті. Щітка для меблів від шерсті. Щітка для видалення шерсті тварин.,275,,,0,TrendBox,192,True,https://prom.ua/ua/p2686527575-schetka-dlya-chistki.html
щітка для видалення шерсті тварин,4482,3212358418,"Щітка для видалення шерсті домашніх тварин Pet Hair Remover AND XL-1315, багаторазовий валик для чищення одягу",252,121,,0,🔥 𝐁𝐎𝐍𝐔𝐒-𝐌𝐀𝐑𝐊𝐄𝐓 🔥 – Трендові товари по найкращім цінам,17159,True,https://prom.ua/ua/p3212358418-schetka-dlya-udaleniya.html
щітка для видалення шерсті тварин,4482,2043078014,"Ручна щітка для видалення шерсті тварин, волосся, ворсу з килимів, меблів, у машині 11*15 см",158,,,0,4G LTE,500,False,https://prom.ua/ua/p2043078014-ruchnaya-schetka-dlya.html
щітка для видалення шерсті тварин,4482,3186686245,"Щітка-ролик для видалення шерсті тварин з одягу, меблів та килимів, багаторазовий очищувач від шерсті",260,195,,0,Myrkota Shop,581,True,https://prom.ua/ua/p3186686245-schetka-rolik-dlya.html
щітка для видалення шерсті тварин,4482,2890129819,"Скребок щітка для видалення шерсті тварин Pet Hair Removal Brush, червона",350,,,0,CarLuxe,1821,True,https://prom.ua/ua/p2890129819-skrebok-schetka-dlya.html
щітка для видалення шерсті тварин,4482,2936468941,Щітка рукавичка для вичісування шерсті тварин у котів та собак гребінець,163,,,0,7m Store,227,True,https://prom.ua/ua/p2936468941-schetka-perchatka-dlya.html
щітка для видалення шерсті тварин,4482,3187732576,"Щітка для видалення шерсті домашніх тварин Fur Daddy Sonic, електричний ролик для чищення меблів",560.46,420.34,,0,Buketov,29,True,https://prom.ua/ua/p3187732576-schitka-dlya-vidalennya.html
щітка для видалення шерсті тварин,4482,2862159550,Металева щітка-скребок для видалення шерсті тварин і ковтунців,129,99,,0,Traffic Store,5090,True,https://prom.ua/ua/p2862159550-metallicheskaya-schetka-skrebok.html
щітка для видалення шерсті тварин,4482,3181596684,"Щітка-скребок для видалення шерсті хатніх тварин, волосся й ковтунців Hair Scraper EL0227",75,,,0,ELEXION,12233,True,https://prom.ua/ua/p3181596684-schetka-skrebok-dlya.html
щітка для видалення шерсті тварин,4482,3105989465,Універсальна щітка для видалення шерсті домашніх тварин EL-318/4745 для меблів та одягу,381,354.33,,0,Sosiska,1303,True,https://prom.ua/ua/p3105989465-universalnaya-schetka-dlya.html
щітка для видалення шерсті тварин,4482,2400638785,"Щітка, скребок універсальна для видалення шерсті та ворсу тварин, червона",170,,,0,CarLuxe,1821,True,https://prom.ua/ua/p2400638785-schetka-skrebok-universalnaya.html
щітка для видалення шерсті тварин,4482,3213549789,Електрична щітка для видалення шерсті тварин портативна для меблів та одягу 17x18 см. BROWN,807,538,,0,Kiwi,6,True,https://prom.ua/ua/p3213549789-elektricheskaya-schetka-dlya.html
щітка для видалення шерсті тварин,4482,2125493413,"Парова масажна щітка 3в1 для хатніх тварин, PET SPRAY MASSAGE BRUSH. Для дбайливого видалення підшерстя.",171.06,79.99,5,19,IM Aquariumshop,7255,True,https://prom.ua/ua/p2125493413-parovaya-massazhnaya-schetka.html
когтеріз для собак,226,2846012573,Світлодіодний когтеріз для собак і котів з контейнером та підсвіткою для кігтів,400,,5,1,HackPricesUA,34,True,https://prom.ua/ua/p2846012573-svetodiodnyj-kogterez-dlya.html
когтеріз для собак,226,2917806378,Ножиці для стрижки кігтів домашніх тварин із зручними ручками,269,169,,0,THE BEST MOOD,362,True,https://prom.ua/ua/p2917806378-nozhnitsy-dlya-strizhki.html
когтеріз для собак,226,2762236763,"Кігтерізка для собак PetnessGo, професійні ножиці з підсвічуванням",327.06,278,,0,Pet Stuff,1566,True,https://prom.ua/ua/p2762236763-kogterezka-dlya-sobak.html
когтеріз для собак,226,3168584896,Електричний когтеріз для собак і котів Машинка для стрижки та підрізання кігтів тварин безшумна догляд за тваринами,650,552.50,,0,"Бери,не пожалієш)",17,True,https://prom.ua/ua/p3168584896-elektricheskaya-kogterezka-dlya.html
когтеріз для собак,226,2318059851,Когтеріз Nobleza Ножиці для кігтів собак та кішок 8 см,73,,,0,Asorti&Market Товари для дома-родини,537,True,https://prom.ua/ua/p2318059851-kogterez-nobleza-nozhnitsy.html
когтеріз для собак,226,2903769469,Когтеріз-кусачки для собак та котів з пилкою 13 см Чорно-червоний,219,179,,0,Baskit.market,923,True,https://prom.ua/ua/p2903769469-kogterez-kusachki-dlya.html
когтеріз для собак,226,3158786351,Когтеріз для собак і котів великі кусачки для стрижки кігтів,759,358,,0,Kontora Systems,82,True,https://prom.ua/ua/p3158786351-kogterez-dlya-sobak.html
когтеріз для собак,226,1008542742,"Когтеріз, 12,5 см, Тріксі",410,,,0,ВаськінДім інтернет- зоомагазин,1294,True,https://prom.ua/ua/p1008542742-kogteriz-125-triksi.html
когтеріз для собак,226,2798492602,Когтеріз для котів і собак з пилочкою,105,,,0,Elakstron,829,True,https://prom.ua/ua/p2798492602-kogterez-dlya-koshek.html
когтеріз для собак,226,1344821749,Когтеріз для Собак Bronzedog кутове лезо з нержавіючої сталі малий 13 х 4 см,269,,,0,Bronze,1160,True,https://prom.ua/ua/p1344821749-kogteriz-dlya-sobak.html
когтеріз для собак,226,960899045,"Когтеріз CaniAMici гільйотина для собак,розмір: 9 * 14см, Croci",380,,,0,ВаськінДім інтернет- зоомагазин,1294,True,https://prom.ua/ua/p960899045-kogteriz-caniamici-giljotina.html
когтеріз для собак,226,1363964236,"Кігтеріз- ножиці для маленьких собак, кішок, дрібних тварин і птахів, Trixie",215,,,0,ВаськінДім інтернет- зоомагазин,1294,True,https://prom.ua/ua/p1363964236-kogteriz-nozhitsi-dlya.html
когтеріз для собак,226,2021037407,Когтеріз для великих собак Artero Nature Collection P250,1180,983,,0,Зоомагазин Zoo-expert. Швидка відправка.,3010,True,https://prom.ua/ua/p2021037407-kogterez-dlya-bolshih.html
когтеріз для собак,226,3218058593,"Світлодіодний когтеріз для собак iToleeve з підсвіткою (для кращої видимості кігтя та кровоносної посудини), надточними лезами",600,,,0,"Техномікс - інтернет - магазин якісної техніки, електроніки та інших товарів для дому та роботи",4435,False,https://prom.ua/ua/p3218058593-svetodiodnyj-kogterez-dlya.html
когтеріз для собак,226,2770236191,"Когтеріз кусачки для котів і собак 14см з фіксатором та пилочкою, зручні ручки, нержавіюча сталь",115,,,0,EliteWay,1099,True,https://prom.ua/ua/p2770236191-kogterez-kusachki-dlya.html
когтеріз для собак,226,2960552455,"Ножиці для котів, собак гризунів білі",70,63,,0,Усе до хати,36,True,https://prom.ua/ua/p2960552455-nozhnitsy-dlya-kotovsobak.html
когтеріз для собак,226,2960553530,"Кігтерізиі для котів, собак гризунів рожеві",70,63,,0,Усе до хати,36,True,https://prom.ua/ua/p2960553530-kogterezy-dlya-kotovsobak.html
когтеріз для собак,226,1617319165,"1030260 Когтеріз гільйотина для собак і котів Karlie-Flamingo Nail Clipper Guillotine Luxe, 14,5 см",308,,,0,Zooland.od.ua,1270,True,https://prom.ua/ua/p1617319165-1030260-kogterez-gilotina.html
когтеріз для собак,226,3036239001,Ножиці для котів Точилка з регульованим отвором для стрижки кігтів,450,299,5,3,Cat Dreams,250,True,https://prom.ua/ua/p3036239001-nozhnitsy-dlya-koshek.html
когтеріз для собак,226,3202499083,"Когтеріз для мал.собак,York(ножиці) , 9,5 cм (12шт.уп.)",111.12,,,0,ПухКредо,3,True,https://prom.ua/ua/p3202499083-kogteriz-dlya-malsobakyorknozhitsi.html
когтеріз для собак,226,3202499084,"Когтеріз для мал.собак,York(ножиці) , 8.5*8.5 cм (12шт.уп.)",99.66,,,0,ПухКредо,3,True,https://prom.ua/ua/p3202499084-kogteriz-dlya-malsobakyorknozhitsi.html
когтеріз для собак,226,2770276037,"Когтеріз кусачки для котів і собак 14см з фіксатором та пилочкою, зручні ручки, нержавіюча сталь",98,,,0,"Market ""TOSHA""",1152,True,https://prom.ua/ua/p2770276037-kogterez-kusachki-dlya.html
когтеріз для собак,226,2796746647,"Когтеріз кусачки для котів і собак 14см з фіксатором та пилочкою, зручні ручки, нержавіюча сталь",150,,,0,FLORIA,397,True,https://prom.ua/ua/p2796746647-kogterez-kusachki-dlya.html
когтеріз для собак,226,3158785863,Великі кусачки для кігтів собак і котів когтеріз з нержавіючої сталі,659,319,,0,CooperStore,446,True,https://prom.ua/ua/p3158785863-bolshie-kusachki-dlya.html
когтеріз для собак,226,2911510247,"Когтеріз для мал.собак,York(ножиці) , 9,5 cм",110,,,0,Доставка зоотоварів по Україні Zoo365. Ветаптека.,2383,True,https://prom.ua/ua/p2911510247-kogterez-dlya-rissobakyorknozhnitsy.html
когтеріз для собак,226,2911510248,Когтеріз для малих собак TETRAPET York,99,,,0,Доставка зоотоварів по Україні Zoo365. Ветаптека.,2383,True,https://prom.ua/ua/p2911510248-kogterez-dlya-malenkih.html
когтеріз для собак,226,1594285065,"Croci Когтеріз для кішок і собак 4,3 * 14 см",499,,,0,Інтернет магазин зоотоварів Зооекспрес,577,True,https://prom.ua/ua/p1594285065-croci-kogterez-dlya.html
когтеріз для собак,226,1600676898,"Когтеріз-кусачки для котів і собак, з фіксатором + пилочка, 16.5 см",115,105,,0,DoubleShop,4863,True,https://prom.ua/ua/p1600676898-kogterez-kusachki-dlya.html
когтеріз для собак,226,922477405,Ferplast GRO 5987 Когтеріз для собак,360,324,,0,ZveroMarket,2718,True,https://prom.ua/ua/p922477405-ferplast-gro-5987.html
когтеріз для собак,226,2687026127,Надійний стальний кліпер для нігтів тварин,299,199,,0,THE BEST MOOD,362,True,https://prom.ua/ua/p2687026127-nadezhnyj-stalnyj-kliper.html
когтеріз для собак,226,2565699091,"Когтеріз з пилочкою для собак, котів 14х6 см",145,115,,0,"Інтернет-магазин одягу для собак ""Dog-Star""",438,True,https://prom.ua/ua/p2565699091-kogterez-pilochkoj-dlya.html
когтеріз для собак,226,2770235212,"Безпечний когтеріз-кусачки 14 см для котів і собак, з пилочкою та фіксатором, виготовлений з нержавіючої сталі",121,,,0,EliteWay,1099,True,https://prom.ua/ua/p2770235212-kogterez-kusachki-dlya.html
когтеріз для собак,226,1237806332,Когтеріз кусачки для котів та собак дрібних порід із пилкою для безпечного обрізання кігтів домашніх тварин,105,95,,0,DoubleShop,4863,True,https://prom.ua/ua/p1237806332-kogterez-kusachki-dlya.html
когтеріз для собак,226,2770273998,"Безпечний когтеріз-кусачки 14 см для котів і собак, з пилочкою та фіксатором, виготовлений з нержавіючої сталі",105,,,0,"Market ""TOSHA""",1152,True,https://prom.ua/ua/p2770273998-kogterez-kusachki-dlya.html
когтеріз для собак,226,2793550988,Когтеріз для собак і котів з LED підсвіткою професійний тример для кігтів,550,440,5,1,DVA  Shop,45,False,https://prom.ua/ua/p2793550988-kogterez-dlya-sobak.html
когтеріз для собак,226,1402734324,Кусачки-когтеріз для тварин з обмежувачем. Кліпери. Ножиці для кігтів,130,,,0,Гаджет Дніпро,1206,True,https://prom.ua/ua/p1402734324-kusachki-kogterez-dlya.html
когтеріз для собак,226,3185334015,Професійний електричний кігтеріз гріндер Casfuy 6 швидкостей безшумний акумуляторний для собак,3250,,,0,MegaShop,165,False,https://prom.ua/ua/p3185334015-professionalnyj-elektricheskij-kogterez.html
когтеріз для собак,226,2333313115,Набір для стриження кігтів когтеріз і пилочка для кішок і собак,120,116.40,,0,Турист,201,True,https://prom.ua/ua/p2333313115-nabor-dlya-strizhki.html
когтеріз для собак,226,2365572085,М-Петс (M-Pets) Nail Clipper L Когтеріз для собак,357.65,,,0,𝗬𝗘𝗦-𝗭𝗢𝗢.𝗖𝗢𝗠.𝗨𝗔 - ⭐огромный ассортимент зоотоваров по низким ценам⭐,1062,True,https://prom.ua/ua/p2365572085-pets-pets-nail.html
когтеріз для собак,226,2960739408,Кусачки для кігтів собак і котів з LED підсвіткою та контейнером для кігтів,649,584.10,,0,iHelper.vn,574,False,https://prom.ua/ua/p2960739408-kusachki-dlya-kigtiv.html
когтеріз для собак,226,3126465383,"Набір для догляду за кігтями домашніх тварин 3 в 1 когтеріз, металева пилка та гребінець для собак, котів, цуценят і кошенят",380,323,,0,kayashi.prom.ua,192,True,https://prom.ua/ua/p3126465383-nabor-dlya-uhoda.html
когтеріз для собак,226,1941929559,"Trixie TX-2423 Когтеріз-гільйотина Trixie для собак, кішок і маленьких тварин 14 см",303,,,0,Limpopo - limpopo.prom.ua,1657,True,https://prom.ua/ua/p1941929559-trixie-2423-kogterez.html
когтеріз для собак,226,3166576361,"Ножиці когтеріз для собак і кішок Хвостик 15,9 см нержавіючі гострі леза для домашнього грумінгу від вростання кігтів",175,,,0,ZooVetServis,2231,True,https://prom.ua/ua/p3166576361-nozhnitsy-kogterez-dlya.html
когтеріз для собак,226,3170544789,Великі кусачки для кігтів собак і котів міцний когтеріз,672,322,,0,LunaShop,178,True,https://prom.ua/ua/p3170544789-bolshie-kusachki-dlya.html
когтеріз для собак,226,1941929527,Trixie TX-2368 когтеріз з обмежувачем для собак середніх і великих порід 16 см,406,,5,1,Limpopo - limpopo.prom.ua,1657,True,https://prom.ua/ua/p1941929527-trixie-2368-kogterez.html
когтеріз для собак,226,1759681090,Когтеріз поперечний для кішок і собак Dog Salon для догляду за кігтями,218.75,175,5,2,Lucky Dog,1826,True,https://prom.ua/ua/p1759681090-kogterez-poperechnyj-dlya.html
когтеріз для собак,226,1759682954,Когтеріз-сікатор для кішок і собак Dog Salon для догляду за кігтями,202.50,162,3,1,Lucky Dog,1826,True,https://prom.ua/ua/p1759682954-kogterez-sekator-dlya.html
когтеріз для собак,226,2185667491,CattyMan BS Claw Scissors Кеттімен когтеріз ножиці із загнутими лезами для котів і міні собак (84922),321,282.48,,0,Petprice - інтернет-магазин зоотоварів,6943,True,https://prom.ua/ua/p2185667491-cattyman-claw-scissors.html
когтеріз для собак,226,3041689323,Професійна акумуляторна машинка-тример-Гріндер/когтеріз/3 в 1 для стриження собак і котів VGR V-219/кераміка/3 Вт/,1199,,,0,Valindom,396,True,https://prom.ua/ua/p3041689323-professionalnaya-akkumulyatornaya-mashinka.html
когтеріз для собак,226,2693940130,Когтеріз кусачки ножиці для котів і собак,115,103.50,,0,ERWIN,217,True,https://prom.ua/ua/p2693940130-kogterez-kusachki-nozhnitsy.html
когтеріз для собак,226,2089148616,Ножиці кігтеріз для собак і кішок,182.50,146,,0,Lucky Dog,1826,True,https://prom.ua/ua/p2089148616-nozhnitsy-kogterez-dlya.html
когтеріз для собак,226,3143982852,Когтеріз-ножиці з LED підсвічуванням та блокуванням для котів і собак (1 шт.),299,,,0,https://odezhda-vsem.com.ua/ua/,2662,False,https://prom.ua/ua/p3143982852-kogterez-nozhnitsy-led.html
когтеріз для собак,226,3170819679,Машинка для підстригання кігтів Casfuy Professional Pet Nail Grinder N10 Професійний електричний гриндер,907,,,0,Stock Hub,3902,False,https://prom.ua/ua/p3170819679-mashinka-dlya-podstriganiya.html
когтеріз для собак,226,3185334013,Акумуляторний тихий гріндер для кігтів собак і котів Casfuy 6 швидкостей з 2 LED підсвіткою синій,3500,,,0,MegaShop,165,False,https://prom.ua/ua/p3185334013-akkumulyatornyj-tihij-grinder.html
когтеріз для собак,226,2861628667,Компактні ножиці для обрізання кігтів - кігтерез для кішок і невеликих собак,89,59,,0,ГЕОМЕТРІК,3621,True,https://prom.ua/ua/p2861628667-kompaktnye-nozhnitsy-dlya.html
когтеріз для собак,226,3199086927,"AnimAll Groom Когтеріз з LED підсвіткою та контейнером для збору кігтів, білий",423,,,0,Зоокуточок,14,True,https://prom.ua/ua/p3199086927-animall-groom-kogteriz.html
когтеріз для собак,226,2149129886,Кігтеріз Coupe-Griffes з LED підсвічуванням,121,,,0,Wish,745,True,https://prom.ua/ua/p2149129886-kogterez-coupe-griffes.html
когтеріз для собак,226,2252100835,Кігтеріз Love Story Pince Coupe Griffes з обмежувачем,82,,,0,Wish,745,True,https://prom.ua/ua/p2252100835-kogterez-love-story.html
поїлка для котів фонтан,1813,2606838783,"Автоматична фонтанчик-поїлка для котів і собак PatPet WF01 (Black) автопоїлка з фільтрацією води, безшумна",1160,890,5,13,MegaTopStore,236,True,https://prom.ua/ua/p2606838783-avtomaticheskaya-fontanchik-poilka.html
поїлка для котів фонтан,1813,3117787081,"Фонтан-поїлка для котів та собак 1,5 л із фільтром та тихим насосом рожевий",530,492.90,,0,Myrkota Shop,581,True,https://prom.ua/ua/p3117787081-fontan-poilka-dlya.html
поїлка для котів фонтан,1813,1573312593,"Поїлка для тварин Pet water fountain, Автоматична поїлка - фонтанчик для домашніх тварин",507,279,4.8,24,💫 𝐎𝐍𝐋𝐈𝐍𝐄 𝐌𝐀𝐑𝐊𝐄𝐓 💫 – Актуальні товари за найвигіднішими цінами!,6973,True,https://prom.ua/ua/p1573312593-poilka-dlya-zhivotnyh.html
поїлка для котів фонтан,1813,2023454697,"Комплект Фільтрів для фонтану для котів, Фільтр для напувалки кота 4 шт, Фільтр для фонтану для котів",382.35,325,5,2,❤️UASALE❤️,4192,False,https://prom.ua/ua/p2023454697-filtry-dlya-fontana.html
поїлка для котів фонтан,1813,2128321906,"Поїлка - фонтан для котів і собак NPET WF190 2л з акумулятором, датчиком руху, нержавіюча сталь, прозорий (1043)",2509,1892,5,21,Tovus - маркет,982,True,https://prom.ua/ua/p2128321906-poilka-fontan-dlya.html
поїлка для котів фонтан,1813,3164034745,"Автоматична поїлка-фонтан для котів і собак 2,2 л, USB, з нержавіючої сталі",1385,1098,5,1,Beautiful Shop,927,True,https://prom.ua/ua/p3164034745-avtomaticheskaya-poilka-fontan.html
поїлка для котів фонтан,1813,2023443788,"Комплект Фільтрів для фонтану для кішок, Фільтр для напулювання кота 2 шт, Фільтр для фонтану для кішок",132.22,119,,0,❤️UASALE❤️,4192,True,https://prom.ua/ua/p2023443788-komplekt-filtrov-dlya.html
поїлка для котів фонтан,1813,3218900922,"Уцінка! Бездротовий фонтан-поїлка FEELNEEDY для котів 4 л, акумулятор 4000 мАг, датчик руху, 3 режими",1499,1274.15,,0,МегаБайт,2847,False,https://prom.ua/ua/p3218900922-utsenka-besprovodnoj-fontan.html
поїлка для котів фонтан,1813,3088082676,Автоматична поїлка 2.5 л поїлка фонтан для кота та собаки поїлка з фільтром води для хатніх тварин напувалка для кішок тиха,698,349,5,4,Australis,175,True,https://prom.ua/ua/p3088082676-avtomaticheskaya-poilka-25l.html
поїлка для котів фонтан,1813,2355760920,"Автоматичний фонтан-поїлка для котів,1.5 л, USB",360,,5,3,Richpet,429,True,https://prom.ua/ua/p2355760920-avtomaticheskij-fontan-poilka.html
поїлка для котів фонтан,1813,3144433869,"Керамічна поїлка-фонтан для котів і собак Jzla Pro 2,3 л з датчиком руху і акумулятором (Білий)",3045,2514,,0,Tovus - маркет,982,True,https://prom.ua/ua/p3144433869-keramicheskaya-poilka-fontan.html
поїлка для котів фонтан,1813,3144433868,"Керамічна поїлка-фонтан для котів і собак Jzla Pro 2,3 л з датчиком руху і акумулятором (Чорний)",3124,2398,,0,Tovus - маркет,982,True,https://prom.ua/ua/p3144433868-keramicheskaya-poilka-fontan.html
поїлка для котів фонтан,1813,2096216095,"Автоматичний фонтан для котів і собак в стилі равлика USB 4,5 л. 152 унції LY-470, Поїлка для тварин",635,273,5,2,🔷 𝐋𝐔𝐂𝐊𝐒𝐓𝐎𝐑𝐄 🔷 – Абсолютно всі товари за неперевершеними цінами!,6258,True,https://prom.ua/ua/p2096216095-avtomaticheskij-fontan-dlya.html
поїлка для котів фонтан,1813,3102000600,Занурювальний насос для фонтана-поїлки для котів та собак (USB),279,256.68,5,2,DOBRA-KHATA,14,True,https://prom.ua/ua/p3102000600-pogruzhayuschij-nasos-dlya.html
поїлка для котів фонтан,1813,1694667957,"Фільтр для фонтану для кішок, Фільтри для фонтану напувалки, для поїлки кота 12,5 см",75.56,68,5,1,❤️UASALE❤️,4192,True,https://prom.ua/ua/p1694667957-filtr-dlya-fontana.html
поїлка для котів фонтан,1813,2652037929,Автоматична поїлка-фонтан для котів і собак із датчиком руху питний смарт-фонтан для тварин із нержавіючої сталі,1590,1280,5,3,MOLLAONLINE,1654,True,https://prom.ua/ua/p2652037929-avtomaticheskaya-poilka-fontan.html
поїлка для котів фонтан,1813,2968088229,"Змінні фільтри для фонтану Petwant з нержавіючої сталі, фільтри до поїлки для кота та собаки",349,,5,1,Smarture,47,True,https://prom.ua/ua/p2968088229-smennye-filtry-dlya.html
поїлка для котів фонтан,1813,3098857975,Автоматична поїлка фонтан для котів і собак 3 л USB з фільтром та циркуляцією води,1060,530,5,2,Lazi,23,True,https://prom.ua/ua/p3098857975-avtomaticheskaya-poilka-fontan.html
поїлка для котів фонтан,1813,3157719580,"Бездротова поїлка-фонтан для котів GOOIFUN W3 2,6 л з датчиком руху, чорна",1950,,,0,MaryM,16,True,https://prom.ua/ua/p3157719580-besprovodnaya-poilka-fontan.html
поїлка для котів фонтан,1813,2607524038,Поїлка-фонтан для котів і собак NPET N280 зі сталі і скла (Прозорий),2709,2238,4.8,4,Tovus - маркет,982,True,https://prom.ua/ua/p2607524038-poilka-fontan-dlya.html
поїлка для котів фонтан,1813,2858552467,"Автоматична поїлка-фонтан Petwant PW-0113 2 л для котів і собак тиха, з фільтром, 2 режими, чорна",1199,,5,2,Smarture,47,True,https://prom.ua/ua/p2858552467-avtomaticheskaya-poilka-fontan.html
поїлка для котів фонтан,1813,2900640932,"Розумна автоматична поїлка фонтан для домашніх котів і собак 2 л з акумулятором, датчиком руху, фільтром для очищення води",2090,1889,5,3,Kapi інтернет-магазин,411,True,https://prom.ua/ua/p2900640932-umnaya-avtomaticheskaya-poilka.html
поїлка для котів фонтан,1813,2615463178,Поїльник фонтан для тварин Автоматична поїлка для котів для собак Pet Water FOUNTAIN,860,430,5,1,StoreBroad-range,391,True,https://prom.ua/ua/p2615463178-poilka-fontan-dlya.html
поїлка для котів фонтан,1813,1972994912,Поїлка - фонтан для котів і собак NPET WF210 1.5 л нержавіюча сталь і підсвітка (00996),1420,1371,5,12,Tovus - маркет,982,True,https://prom.ua/ua/p1972994912-poilka-fontan-dlya.html
поїлка для котів фонтан,1813,1840084492,Фонтан напувалка з п'ятьма змінними фільтрами Pet Water FOUNTAIN для собак та котів автоматична,725,550,4.5,4,AlphaZONE - Інтернет гіпермаркет,2909,True,https://prom.ua/ua/p1840084492-fontan-poilka-pyatyu.html
поїлка для котів фонтан,1813,2632957433,Розумна поїлка-фонтан NPET WF230 V2 3 л для котів і собак з краном датчиком руху на акумуляторі бездротова нержавіюча сталь,2999,2100,5,3,MOLLAONLINE,1654,True,https://prom.ua/ua/p2632957433-umnaya-poilka-fontan.html
поїлка для котів фонтан,1813,3173988618,Прозора автоматична напувалка-фонтан для котів та собак з багатоступеневою фільтрацією,600,540,,0,7kmTop,342,True,https://prom.ua/ua/p3173988618-prozrachnaya-avtomaticheskaya-poilka.html
поїлка для котів фонтан,1813,2899202058,Автоматична поїлка-фонтан для котів і собак 3 л з фільтром чорна,535.79,487,,0,Watafa.com.ua,696,True,https://prom.ua/ua/p2899202058-avtomaticheskaya-poilka-fontan.html
поїлка для котів фонтан,1813,2666309351,"Поїлка-фонтан для котів і собак Hipidog, тихий автоматичний фонтанчик для кота і собак з фільтром, Прозорий",659,,,0,Smarture,47,True,https://prom.ua/ua/p2666309351-poilka-fontan-dlya.html
поїлка для котів фонтан,1813,3036298760,"Б/В Автоматична поїлка-фонтан для котів і собак 2 л, USB, з фільтром та LED-індикацією, питний фонтан",500,420,,0,NovaTech,99,False,https://prom.ua/ua/p3036298760-avtomaticheskaya-poilka-fontan.html
поїлка для котів фонтан,1813,3166443930,"Котячий питний фонтан, Електро поїлка для собак, Поїлка для кішок, Поїлка для котів фонтан, OKD",970,,,0,Talira — сучасний онлайн-магазин. Відправка Новою Поштою по Україні.,302,True,https://prom.ua/ua/p3166443930-elektro-poilka-dlya.html
поїлка для котів фонтан,1813,2095778904,Автоматична поїлка фонтан для котів і собак USB 4.5 л LY-470,694,,5,1,miropt.com.ua інтернет магазин. Доставка по Україні 1-2 дні,1785,True,https://prom.ua/ua/p2095778904-avtomaticheskaya-poilka-fontan.html
поїлка для котів фонтан,1813,2355742678,"Автоматичний фонтан - поїлка для котів 1,5 л, USB",360,,5,1,Richpet,429,True,https://prom.ua/ua/p2355742678-avtomaticheskij-fontan-poilka.html
поїлка для котів фонтан,1813,2892442929,"Насос-фонтан для поїлки USB 5V AYSON AYS-213D для тварин водяна помпа для котів і собак, із захистом та LED індикацією",315,283.50,5,8,Мегабайт ✅,6522,True,https://prom.ua/ua/p2892442929-nasos-fontan-dlya.html
поїлка для котів фонтан,1813,2689859536,"Поїлка для собак і котів фонтан, автоматичні поїлки для тварин з USB живленням Pet Water FOUNTAIN",887,443.50,,0,uashopingua,207,True,https://prom.ua/ua/p2689859536-poilka-dlya-sobak.html
поїлка для котів фонтан,1813,1822318129,"Фонтан для кота Petory 2,2 л з фільтром, Чорний",1126.67,845,5,6,Pet Stuff,1566,True,https://prom.ua/ua/p1822318129-fontanchik-dlya-kota.html
поїлка для котів фонтан,1813,3180080042,"Поїлка фонтан для котів, Фонтан поїлка для тварин, PRE",2072,1036,,0,Kivo,39,True,https://prom.ua/ua/p3180080042-poilka-fontan-dlya.html
поїлка для котів фонтан,1813,3206166433,"Автоматичний фонтан-поїлка для собак і котів FEELNEEDY FN-W18, 5000 мА·год",2000,,,0,Товари Світу,47,False,https://prom.ua/ua/p3206166433-avtomatichnij-fontan-poyilka.html
поїлка для котів фонтан,1813,2876903344,"Поїлка-фонтан для котів автоматична, керамічна, синя",720,,5,1,ARIVA,286,True,https://prom.ua/ua/p2876903344-poilka-fontan-dlya.html
поїлка для котів фонтан,1813,3099893271,Автоматичний фонтан-поїлка my Cat для котів та собак 1.2 л,1200,,,0,Lakora,626,True,https://prom.ua/ua/p3099893271-avtomaticheskij-fontan-poilka.html
поїлка для котів фонтан,1813,2703665468,Питний фонтан поїлка для котів і собак 1.5 л,675,,,0,SPACE MALL,1243,False,https://prom.ua/ua/p2703665468-pitevoj-fontan-poilka.html
поїлка для котів фонтан,1813,2235975046,"Автоматичний фонтан для котів і собак 4,5 л, поїлка для котів, фонтан для кота",1535,767.50,,0,Lemu,1396,True,https://prom.ua/ua/p2235975046-avtomaticheskij-fontan-dlya.html
поїлка для котів фонтан,1813,2866324238,"Автоматична напувалка-фонтан для котів і собак 1.5 л, питний фонтан для домашніх тварин, живлення від USB",675,540,,0,TechMarket,531,True,https://prom.ua/ua/p2866324238-avtomaticheskaya-poilka-fontan.html
поїлка для котів фонтан,1813,2933495410,"Поїлка для котів і собак ERAMONG 2.8 л бездротовий автоматичний фонтан з фільтром, тиха робота",1799,1389,5,1,Kontora Systems,82,True,https://prom.ua/ua/p2933495410-poilka-dlya-koshek.html
поїлка для котів фонтан,1813,3180081205,"Автоматична поїлка для котів, Фонтан питний для кішок, Автоматичний фонтан-поїлка для собак, PRE",2152,1076,,0,Kivo,39,True,https://prom.ua/ua/p3180081205-avtomaticheskaya-poilka-dlya.html
поїлка для котів фонтан,1813,3162880110,"Поїлка-фонтан автоматична, Поїлка фонтанчик для кота, Автопоїлка фонтан, Поїлка фонтанчик для кішок, PSL",1992,996,,0,shoesseller,23,True,https://prom.ua/ua/p3162880110-poilka-fontanchik-dlya.html
поїлка для котів фонтан,1813,3205141115,"Автоматична поїлка-фонтан для котів та собак на 2 л з акумулятором та датчиком руху, бездротовий питний фонтанчик (Прозорий)",950,,,0,Amazonix,51,False,https://prom.ua/ua/p3205141115-avtomaticheskaya-poilka-fontan.html
поїлка для котів фонтан,1813,3180080027,"Поїлка для тварин фонтан котів, Портативна поїлка для собак, Авто поїлка для домашніх тварин, Розумна поїлка для собак, PRE",2072,1036,,0,Kivo,39,True,https://prom.ua/ua/p3180080027-poilka-dlya-zhivotnyh.html
поїлка для котів фонтан,1813,1456288345,"Фонтан для кота NPET WF050 1,5 л з фільтром, Прозорий",1149.41,977,,0,Pet Stuff,1566,True,https://prom.ua/ua/p1456288345-fontanchik-dlya-kota.html
поїлка для котів фонтан,1813,3180080000,"Поїлка для собак з фільтром води, Поїлка для кота фонтан, Поїлка для котів фонтанчик, Автоматичні поїлки для тварин, PRE",2072,1036,,0,Kivo,39,True,https://prom.ua/ua/p3180080000-poilka-dlya-sobak.html
поїлка для котів фонтан,1813,3146713945,"Поїлка для кішок і собак, Фонтанчик для води для кота, Електрична поїлка для кота, Фонтан поїлка, MTS",1816,908,,0,"Інтернет Магазин ""StepShop""",429,True,https://prom.ua/ua/p3146713945-elektricheskaya-poilka-dlya.html
поїлка для котів фонтан,1813,3191519605,"Поїлка PETKIT Eversweet Max, бездротовий фонтан для котів і собак, 3 л, сенсорна подача води, фільтр з активованим вугіллям.",9368.80,6692,,0,"360Маркет 💎 — усе, що потрібно під рукою ✅",169,True,https://prom.ua/ua/p3191519605-poyilka-petkit-eversweet.html
поїлка для котів фонтан,1813,2609301921,Поїлка Фонтан з датчиком руху Yoshida для домашніх улюбленців з фільтром Прозорий (М4160310),1280,921,,0,"интернет-магазин ""PRINTWOOD""",764,True,https://prom.ua/ua/p2609301921-poilka-fontan-datchikom.html
поїлка для котів фонтан,1813,3174897189,"Поїльник для великих собак, Фонтан поїлка для тварин котів і собак, Поїлка для дрібних тварин, KOL",1832,916,,0,ProRechi,27,True,https://prom.ua/ua/p3174897189-poilnik-dlya-bolshih.html
поїлка для котів фонтан,1813,2964804339,"Автоматична поїлка-фонтанчик для кота від USB, 2,2л, з фільтром, Зелений / Поїлка для кота / Питний фонтан для котів",584.29,409,5,1,HomeMix,2432,True,https://prom.ua/ua/p2964804339-avtomaticheskaya-poilka-fontanchik.html
поїлка для котів фонтан,1813,2760382959,"Миска + автоматична поїлка для собак і котів 350 мл з фонтаном та дозатором води, металева миска 500 мл",420,399,,0,GROKMR,133,True,https://prom.ua/ua/p2760382959-miska-avtomaticheskaya-poilka.html
поїлка для котів фонтан,1813,3143068244,Питний фонтан NPET з фільтром для котів і собак автоматична поїлка домашнім тваринам,1598,799,,0,SaleMarket,437,True,https://prom.ua/ua/p3143068244-pitevoj-fontan-npet.html
поїлка для котів фонтан,1813,3216390494,Фільтр для фонтана-поїлки для собак NPET 1.5 л Поїлка для котів 1.5 л Поїлка для дрібних собак Автопоїлка,1958,979,,0,TREE-Drop,36,True,https://prom.ua/ua/p3216390494-filtr-dlya-fontana.html
автоматична годівниця для котів,2876,2392440711,Автоматична годівниця для котів та собак PF01W з Wi-Fi електронна розумна автогодівниця,2990,2390,5,3,MegaTopStore,236,True,https://prom.ua/ua/p2392440711-avtomaticheskaya-kormushka-dlya.html
автоматична годівниця для котів,2876,3041932344,"Автоматична годівниця для котів та собак PF03W з Wi-Fi, від USB чи батарейок, віддалений доступ, електронна розумна автогодівниця",3190,2190,,0,MegaTopStore,236,True,https://prom.ua/ua/p3041932344-avtomaticheskaya-kormushka-dlya.html
автоматична годівниця для котів,2876,1732674486,Автоматична годівниця для котів та собак з таймером та дозатором Petory F01 - електронна розумна автогодівниця,2690,1990,4.9,20,"Інтернет-магазин ""PrimeZone""",1512,True,https://prom.ua/ua/p1732674486-avtomaticheskaya-kormushka-dlya.html
автоматична годівниця для котів,2876,2972538770,Автоматична годівниця для котів і собак Amazon Basics з таймером на 6 порцій електронна миска для корму чорна,2875,2500,,0,Амазончик,591,False,https://prom.ua/ua/p2972538770-avtomaticheskaya-kormushka-dlya.html
автоматична годівниця для котів,2876,2795763411,"Набір автоматичної годівниці та поїлки для котів і собак (бежевий, без батарейок, великий об єм)",999,478,,0,LunaShop,178,False,https://prom.ua/ua/p2795763411-nabor-avtomaticheskoj-kormushki.html
автоматична годівниця для котів,2876,2979338476,Автоматична годівниця для котів та собак WiFi 3 л з керуванням через додаток з таймером дозатором корму,3150,2195,,0,Smartum,41,True,https://prom.ua/ua/p2979338476-avtomaticheskaya-kormushka-dlya.html
автоматична годівниця для котів,2876,3111076871,Миска 2в1 для котів і собак автоматична годівниця поїлка для сухого корму та води автогодівниця з резервуаром,799,449,5,8,"""Мені це потрібно""",87,True,https://prom.ua/ua/p3111076871-miska-2v1-dlya.html
автоматична годівниця для котів,2876,3063354033,Автоматична Wi-Fi годівниця для котів і собак 2L | Розумний дозатор корму з таймером та керуванням зі смартфона (US,2888,1788,5,1,Techis,519,True,https://prom.ua/ua/p3063354033-avtomaticheskaya-kormushka-dlya.html
автоматична годівниця для котів,2876,2794983068,"Автоматична годівниця для котів та собак (чорна) 2L Таймер, дві режими живлення (USB/батарейки), дозатор сухого корму з пам яттю",1999,1449,,0,FindStore,156,True,https://prom.ua/ua/p2794983068-avtomaticheskaya-kormushka-dlya.html
автоматична годівниця для котів,2876,2666309299,"Автоматична годівниця для котів і собак з камерою 5л PetLife, розумна автогодівниця на дві миски",5799,,,0,Smarture,47,True,https://prom.ua/ua/p2666309299-avtomaticheskaya-kormushka-dlya.html
автоматична годівниця для котів,2876,3069274120,Розумна автогодівниця для котів і собак з таймером Автоматична годівниця дозатор для корму одинарна,520,400,,0,UNIT STORE - інтернет-магазин для всієї родини,4674,True,https://prom.ua/ua/p3069274120-umnaya-avtokormushka-dlya.html
автоматична годівниця для котів,2876,3104972447,Автоматична годівниця та поїлка ГРИБ 400/700мл для котів і собак 2 в 1,580,388.60,,0,NiceSee,192,True,https://prom.ua/ua/p3104972447-avtomaticheskaya-kormushka-poilka.html
автоматична годівниця для котів,2876,2132247889,Автоматична годівниця для котів і собак,1947,,,0,FesShop,2574,True,https://prom.ua/ua/p2132247889-avtomaticheskaya-kormushka-dlya.html
автоматична годівниця для котів,2876,3162806715,Подвійна автоматична годівниця для котів Aonboy wifi. AMAZON. Англія.,5999,,,0,Сонечко,174,True,https://prom.ua/ua/p3162806715-podvijna-avtomatichna-godivnitsya.html
автоматична годівниця для котів,2876,3188297546,Автоматична годівниця кормушка для котів собак домашніх тварин,550,400,,0,TRADE MARKET,11,True,https://prom.ua/ua/p3188297546-avtomaticheskaya-kormushka-kormushka.html
автоматична годівниця для котів,2876,2944053999,Автоматична годівниця та поїлка для кішок сіра,349,,4.6,9,Luchezarniy,221,True,https://prom.ua/ua/p2944053999-avtomaticheskaya-kormushka-poilka.html
автоматична годівниця для котів,2876,2773561902,"Розумна автоматична годівниця IMIPAW для котів і собак з Wi-Fi та HD-камерою,3 л",3859,2720,5,8,TimShop,478,True,https://prom.ua/ua/p2773561902-umnaya-avtomaticheskaya-kormushka.html
автоматична годівниця для котів,2876,2956368017,Розумна автоматична годівниця для котів і собак з Wi-Fi 2L | Дистанційний дозатор сухого корму Tuya Smart APP з таймером (USB 5V),3000,1799,,0,LunaShop,178,True,https://prom.ua/ua/p2956368017-umnaya-avtomaticheskaya-kormushka.html
автоматична годівниця для котів,2876,2871102218,Розумна автоматична годівниця для котів і собак з Wi-Fi 2L | Дистанційний дозатор сухого корму Tuya Smart APP з таймером (USB 5V),3000,1779,5,3,FindStore,156,True,https://prom.ua/ua/p2871102218-umnaya-avtomaticheskaya-kormushka.html
автоматична годівниця для котів,2876,3203746740,"Автоматична годівниця для котів і собак з контейнером для вологого та сухого корму, пластик, AND 1-52 GS227",1158,556,,0,💫 𝐎𝐍𝐋𝐈𝐍𝐄 𝐌𝐀𝐑𝐊𝐄𝐓 💫 – Актуальні товари за найвигіднішими цінами!,6973,True,https://prom.ua/ua/p3203746740-avtomaticheskaya-kormushka-dlya.html
автоматична годівниця для котів,2876,3205127135,"Автоматична годівниця для котів | Годівниця з таймером, підходить для сухого та вологого корму, два окремих відсіки",400,,,0,"Техномікс - інтернет - магазин якісної техніки, електроніки та інших товарів для дому та роботи",4435,False,https://prom.ua/ua/p3205127135-avtomaticheskaya-kormushka-dlya.html
автоматична годівниця для котів,2876,2915942828,"Автоматична годівниця для котів BEMOONY 3L з голосовим записом 10s, 1 6 прийомів їжі",1999,1799.10,,0,DuoPrime,135,False,https://prom.ua/ua/p2915942828-avtomaticheskaya-kormushka-dlya.html
автоматична годівниця для котів,2876,3156735961,"Автоматична годівниця для котів PUPPY KITTY, 3 л, час роботи від батареї 180 днів",2200,1760,,0,EuroChoice,39,False,https://prom.ua/ua/p3156735961-avtomaticheskaya-kormushka-dlya.html
автоматична годівниця для котів,2876,3191395124,Автоматична годівниця для котів і собак PUPPY KITTY з Wi-Fi та керуванням зі смартфона,1999,,,0,ГадЖетHUB,695,False,https://prom.ua/ua/p3191395124-avtomaticheskaya-kormushka-dlya.html
автоматична годівниця для котів,2876,3213514323,"Автоматична годівниця для котів Petlibro Air PLAF008 2 л (Таймер, 6 прийомів їжі, Подвійне живлення)",2300,,,0,ГадЖетHUB,695,False,https://prom.ua/ua/p3213514323-avtomaticheskaya-kormushka-dlya.html
автоматична годівниця для котів,2876,3154224803,Автоматична годівниця для собак та котів,1999,,,0,Teslashop,17,False,https://prom.ua/ua/p3154224803-avtomaticheskaya-kormushka-dlya.html
автоматична годівниця для котів,2876,2796912158,Автоматична годівниця для котів і маленьких собак Rojeco,1880,,,0,Jolly Dog - аксесуари для тварин,59,True,https://prom.ua/ua/p2796912158-avtomaticheskaya-kormushka-dlya.html
автоматична годівниця для котів,2876,2871099113,Автоматична Wi-Fi годівниця для котів і собак 2L | Розумний дозатор корму з таймером та керуванням зі смартфона (US,2888,1788,,0,CooperStore,446,True,https://prom.ua/ua/p2871099113-avtomaticheskaya-kormushka-dlya.html
автоматична годівниця для котів,2876,2680695189,"Розумна автоматична годівниця IMIPAW для котів і собак з Wi-Fi та HD-камерою, 4 л",3859,2659,5,4,TimShop,478,True,https://prom.ua/ua/p2680695189-umnaya-avtomaticheskaya-kormushka.html
автоматична годівниця для котів,3242,2700238517,Автоматична годівниця та поїлка 2-в-1 для котів і собак | 500 г / 300 мл,699,,5,2,GAFT KRAFT -  творческий та побутовий магазин,508,False,https://prom.ua/ua/p2700238517-avtomaticheskaya-kormushka-poilka.html
автоматична годівниця для котів,3242,2972538770,Автоматична годівниця для котів і собак Amazon Basics з таймером на 6 порцій електронна миска для корму чорна,2875,2500,,0,Амазончик,591,False,https://prom.ua/ua/p2972538770-avtomaticheskaya-kormushka-dlya.html
автоматична годівниця для котів,3242,2795763278,"Автоматична годівниця для котів і собак 2 л (чорна, таймер, USB/батарейки, дозатор із пам яттю)",1900,1449,5,1,Techis,519,True,https://prom.ua/ua/p2795763278-avtomaticheskaya-kormushka-dlya.html
автоматична годівниця для котів,3242,2919402278,"Автоматична годівниця/дозатор для домашніх тварин Balimo 3 літри, для собак і котів, працює від межежі та батарейок, чорна",2999,,,0,"""STfE"": краса, комфорт і задоволення!",1166,False,https://prom.ua/ua/p2919402278-avtomaticheskaya-kormushkadozator-dlya.html
автоматична годівниця для котів,3242,2931529812,Автоматична годівниця та поїлка 400/700мл для котів і собак 2 в 1 сіра,700,469,5,5,NiceSee,192,True,https://prom.ua/ua/p2931529812-avtomaticheskaya-kormushka-poilka.html
автоматична годівниця для котів,3242,2681274751,"Автоматична Wi-Fi годівниця для котів і собак SmartFeed 4L, біла",3500,3150,,0,Myrkota Shop,581,True,https://prom.ua/ua/p2681274751-avtomaticheskaya-kormushka-dlya.html
автоматична годівниця для котів,3242,3075337987,Автоматична годівниця для сухого та вологого корму Розумна автогодівниця для котів та собак з датчиком руху,700,560,,0,"Техномікс - інтернет - магазин якісної техніки, електроніки та інших товарів для дому та роботи",4435,False,https://prom.ua/ua/p3075337987-avtomaticheskaya-kormushka-dlya.html
автоматична годівниця для котів,3242,2979338476,Автоматична годівниця для котів та собак WiFi 3 л з керуванням через додаток з таймером дозатором корму,3150,2195,,0,Smartum,41,True,https://prom.ua/ua/p2979338476-avtomaticheskaya-kormushka-dlya.html
автоматична годівниця для котів,3242,2536266322,"Автоматична годівниця для котів Papifeed 7 л Wi-Fi та відеокамера, з двома мисками, білий",4088.23,3475,5,1,Pet Stuff,1566,True,https://prom.ua/ua/p2536266322-avtomaticheskaya-kormushka-dlya.html
автоматична годівниця для котів,3242,3089678806,"Автоматична годівниця-поїлка для котів і собак від мережі 2в1, LY-429, Зелений / Годівниця та поїлка для тварин",492.86,345,,0,EasyBuy,787,True,https://prom.ua/ua/p3089678806-avtomaticheskaya-kormushka-poilka.html
автоматична годівниця для котів,3242,2246232086,Автоматична годівниця автоматическая кормушка для собак та котів 4Л з wi-fi,2300,,,0,Лапка в лапку | Зоомагазин | Зоотовари,77,True,https://prom.ua/ua/p2246232086-avtomatichna-godivnitsya-avtomaticheskaya.html
автоматична годівниця для котів,3242,3205127135,"Автоматична годівниця для котів | Годівниця з таймером, підходить для сухого та вологого корму, два окремих відсіки",400,,,0,"Техномікс - інтернет - магазин якісної техніки, електроніки та інших товарів для дому та роботи",4435,False,https://prom.ua/ua/p3205127135-avtomaticheskaya-kormushka-dlya.html
автоматична годівниця для котів,3242,2438338447,"Автоматична годівниця-поїлка для котів і собак від мережі 2в1, LY-429, Зелений / Годівниця та поїлка для тварин",492.86,345,,0,Експрес-шоп,5504,True,https://prom.ua/ua/p2438338447-avtomaticheskaya-kormushka-poilka.html
автоматична годівниця для котів,3242,2795763260,"Автоматична годівниця та поїлка для котів без батарейок (великий об єм, легкий догляд, сіра)",999,494,,0,Techis,519,True,https://prom.ua/ua/p2795763260-avtomaticheskaya-kormushka-poilka.html
автоматична годівниця для котів,3242,3037214326,Диспенсер для корму / Автоматична годівниця для котів та маленьких собак,525,,,0,3DLimited,73,True,https://prom.ua/ua/p3037214326-dispenser-dlya-korma.html
автоматична годівниця для котів,3242,3169571467,"Автоматична годівниця Purlov (Польща), Миска для кота автоматична, Годівниця автоматична для котів, FHF",3860,1930,,0,MultiHub,188,True,https://prom.ua/ua/p3169571467-miska-dlya-kota.html
автоматична годівниця для котів,3242,3091498872,Розумна герметична годівниця для котів та собак SureFeed Sealed Pet Bowl (Model SPB) з датчиком руху та автоматичною кришкою,4084,,,0,foto4.com.ua,92,False,https://prom.ua/ua/p3091498872-umnaya-germetichnaya-kormushka.html
автоматична годівниця для котів,3242,2830223128,"Автоматична годівниця для котів і собак (з таймером), розумний дозатор герметичний для сухого/вологого корму код 739154",1134.84,567.42,,0,Shop-Hub,421,True,https://prom.ua/ua/p2830223128-avtomaticheskaya-kormushka-dlya.html
автоматична годівниця для котів,3242,3089674787,"Автоматична годівниця для котів та собак, комплект 2 шт по 600 мл, MA-6, Біла / Годівниця для тварин",784.29,549,,0,EasyBuy,787,True,https://prom.ua/ua/p3089674787-avtomaticheskaya-kormushka-dlya.html
автоматична годівниця для котів,3242,2136580343,"Автоматична годівниця для котів та собак, таймер, 12 порцій PetSafe Healthy Pet (PFD19_15521)",10496,,,0,PetSenat,161,True,https://prom.ua/ua/p2136580343-avtomaticheskaya-kormushka-dlya.html
автоматична годівниця для котів,3242,2934789481,Кормушка поилка автоматическая для собак и для котов 4133932 dobra sprava,311,233,,0,Добра Справа,366,True,https://prom.ua/ua/p2934789481-kormushka-poilka-avtomaticheskaya.html
автоматична годівниця для котів,3242,2934789482,Кормушка поилка автоматическая для собак и для котов 4133932 dobra sprava,361,271,,0,Добра Справа,366,True,https://prom.ua/ua/p2934789482-kormushka-poilka-avtomaticheskaya.html
автоматична годівниця для котів,3242,2934789483,Кормушка поилка автоматическая для собак и для котов 4133932 dobra sprava,361,271,,0,Добра Справа,366,True,https://prom.ua/ua/p2934789483-kormushka-poilka-avtomaticheskaya.html
автоматична годівниця для котів,3242,2934789484,Кормушка поилка автоматическая для собак и для котов 4133932 dobra sprava,247,185,,0,Добра Справа,366,True,https://prom.ua/ua/p2934789484-kormushka-poilka-avtomaticheskaya.html
автоматична годівниця для котів,3242,2934793666,Кормушка поилка автоматическая для собак и для котов 4133932 dobra sprava,247,185,,0,Добра Справа,366,True,https://prom.ua/ua/p2934793666-kormushka-poilka-avtomaticheskaya.html
автоматична годівниця для котів,3242,2794983048,"Автоматична годівниця та поїлка для котів і собак (2 шт) 3.79 л, з фільтром",1699,1189,5,1,FindStore,156,True,https://prom.ua/ua/p2794983048-avtomaticheskaya-kormushka-poilka.html
автоматична годівниця для котів,3242,2644029560,Розумна автоматична годівниця для кота та собаки з таймером 99 годин UKC 4113 диспенсер для сухого та вологого корму 700 мл,685,595,,0,"Інтернет-магазин  ""Mak7""",3430,True,https://prom.ua/ua/p2644029560-umnaya-avtomaticheskaya-kormushka.html
автоматична годівниця для котів,3242,2818159354,"Автоматична Годівниця для кішок/собак ""Dry and Wet Grain"" з таймером (Pet Feeder AND1494) LF227",248,,,0,LiviFine,3593,True,https://prom.ua/ua/p2818159354-avtomaticheskaya-kormushka-dlya.html
автоматична годівниця для котів,3242,2352027671,"Автоматична годівниця поїлка для котів, 1.5л Moderna Tasty Large Indy&Louis",539,,,0,PetSenat,161,True,https://prom.ua/ua/p2352027671-avtomaticheskaya-kormushka-poilka.html
нічник з датчиком руху,2450,3176987546,"Світлодіодний нічник з датчиком руху Luxel NL-03C, акумуляторний, з регулюванням яскравості",400,340,5,2,skovoroda.com.ua – все для кухні та дому,6729,True,https://prom.ua/ua/p3176987546-svetodiodnyj-nochnik-datchikom.html
нічник з датчиком руху,2450,3188195091,LED нічник з датчиком руху акумуляторний бездротовий світильник з USB зарядкою та магнітним кріпленням для шафи,379,226,,0,LIME,366,True,https://prom.ua/ua/p3188195091-led-nochnik-datchikom.html
нічник з датчиком руху,2450,2869930325,"Коридорний LED нічник з датчиком руху (набір 3 шт) | Автоматичне світло вночі | Для коридору, шафи, туалету | Без проводів, USB",450,405,5,2,3dbort,841,False,https://prom.ua/ua/p2869930325-koridornyj-led-nochnik.html
нічник з датчиком руху,2450,2502786282,Світильник з датчиком руху LED USB 3 шт бездротовий нічник для шафи коридору холодне світло,699,546,4.9,13,LIME,366,True,https://prom.ua/ua/p2502786282-svetilnik-datchikom-dvizheniya.html
нічник з датчиком руху,2450,2772529215,"Нічник з датчиком руху на акумуляторі LED світильник, ЛЕД лампа з зарядкою від USB",220,143,5,3,Gre4ka Store,2137,True,https://prom.ua/ua/p2772529215-nochnik-datchikom-dvizheniya.html
нічник з датчиком руху,2450,3188134680,Світильник з датчиком руху LED акумуляторний бездротовий нічник з USB зарядкою та магнітним кріпленням для дому,379,227,,0,Апельсинич,509,True,https://prom.ua/ua/p3188134680-svetilnik-datchikom-dvizheniya.html
нічник з датчиком руху,2450,2484057088,Нічник світлодіодний працює від мережі 220V у формі двох привидів,650,405,,0,Everyday Market,12924,True,https://prom.ua/ua/p2484057088-nochnik-svetodiodnyj-rabotaet.html
нічник з датчиком руху,2450,3151495211,LED нічник 3 шт з датчиком руху бездротовий акумуляторний світильник з кнопкою тепле світло,699,546,,0,LIME,366,True,https://prom.ua/ua/p3151495211-led-nochnik-sht.html
нічник з датчиком руху,2450,2894144276,Світильник нічник LED АВТОМАТИЧНИЙ! з датчиком руху з аккумулятором круглий на магніті - зарядка від USB без упаковки,130,,5,4,ФайнийShop,1257,True,https://prom.ua/ua/p2894144276-svetilnik-nochnik-led.html
нічник з датчиком руху,2450,2927436445,Лампа нічник з датчиком руху LED 6000К,255,119,4.9,18,ROYAL MAGNET Маркет магнитів,49,True,https://prom.ua/ua/p2927436445-lampa-nochnik-datchikom.html
нічник з датчиком руху,2450,2293822225,Акумуляторний нічник і датчик руху на магніті,250,,5,3,Digital Store GP,413,True,https://prom.ua/ua/p2293822225-akkumulyatornyj-nochnik-datchik.html
нічник з датчиком руху,2450,2500919935,"LED-світильник з датчиком руху на акумуляторі з перемикачем, Ø 8,5см, зарядка від USB Жовте та біле світло.",160,144,4.3,6,DIMAKSI,650,True,https://prom.ua/ua/p2500919935-led-svetilnik-datchikom.html
нічник з датчиком руху,2450,3193683136,"Акумуляторний поворотний світильник нічник із датчиком руху, на магніті. Колір світла: Теплий Білий",375,,,0,Digital Store GP,413,True,https://prom.ua/ua/p3193683136-akkumulyatornyj-povorotnyj-svetilnik.html
нічник з датчиком руху,2450,2941198808,Нічник акумуляторний 2в1 з датчиком руху та ліхтариком LED USB-C 500 mAh,615,,,0,Muslim Shop интернет магазин восточных товаров в Украине,1012,True,https://prom.ua/ua/p2941198808-nichnik-akumulyatornij-2v1.html
нічник з датчиком руху,2450,2048298621,Бездротова Led-лампа Bodasan світлодіодний світильник з датчиком руху 10 см (CT10),129,,5,2,4-sport.com.ua,2649,True,https://prom.ua/ua/p2048298621-besprovodnaya-led-lampa.html
нічник з датчиком руху,2450,2396560317,Бездротовий світлодіодний нічник з датчиком руху,389,311.20,,0,MyTorg,10359,True,https://prom.ua/ua/p2396560317-besprovodnoj-svetodiodnyj-nochnik.html
нічник з датчиком руху,2450,1947064720,Світильник нічник LED бездротовий із датчиком руху з аккумулятором 10 см - зарядка від USB,139,,4.4,8,НашаСкриня,1804,True,https://prom.ua/ua/p1947064720-svitilnik-nichnik-led.html
нічник з датчиком руху,2450,2334769208,"Світильник LED нічник з датчиком руху в розетку, три режими світла",230,,5,16,Alright shop,799,True,https://prom.ua/ua/p2334769208-svetilnik-led-nochnik.html
нічник з датчиком руху,2450,2645293960,Бездротовий світлодіодний нічник з датчиком руху,270,189,,0,Оптовичок - Одеса,11206,True,https://prom.ua/ua/p2645293960-bezdrotovij-svitlodiodnij-nichnik.html
нічник з датчиком руху,2450,2434091350,Світлодіодний нічник з датчиком руху (6000K холодний),129,,,0,TechAsarin,199,True,https://prom.ua/ua/p2434091350-svetodiodnyj-nochnik-datchikom.html
нічник з датчиком руху,2450,2863983364,"Розумний нічник RGB з датчиком руху на магніті перезаряджаємий настінний світильник для спальні, ванної кімнати, шафи, тощо",349,,5,1,TEXNO REPLIKA,923,True,https://prom.ua/ua/p2863983364-umnyj-nochnik-rgb.html
нічник з датчиком руху,2450,2865499659,Світильник нічник круглий з датчиком руху LED АВТОМАТИЧНИЙ! без упаковки,140,,5,3,ФайнийShop,1257,True,https://prom.ua/ua/p2865499659-svetilnik-nochnik-kruglyj.html
нічник з датчиком руху,2450,3119934893,Нічник світлодіодний з датчиком руху 2 до 1,467,364.26,,0,Big-Lavka,9956,True,https://prom.ua/ua/p3119934893-nichnik-svitlodiodnij-datchikom.html
нічник з датчиком руху,2450,3019677515,"LED нічник з датчиком руху, акумуляторний, USB, вибір температури світла",199,179.10,,0,AlerionTech,43,True,https://prom.ua/ua/p3019677515-led-nichnik-datchikom.html
нічник з датчиком руху,2450,2906401263,AiQUE SmartLight 2-in-1 портативний світлодіодний нічник з датчиком руху та ручним режимом,496,446.40,,0,Інтернет магазин Альфастор,524,True,https://prom.ua/ua/p2906401263-portativnyj-svetodiodnyj-nochnik.html
нічник з датчиком руху,2450,3057575752,"Автоматичний світильник(нічник) з датчиком руху, акумуляторний 3000 мА·год, тепле світло",190,,,0,AC/DC ELECTRO,328,True,https://prom.ua/ua/p3057575752-avtomatichnij-svitilniknichnik-datchikom.html
нічник з датчиком руху,2450,2814475030,2 шт Нічник з датчиком руху USB induction lamp на акумуляторі та магніті Бездротовий Led cвітильник,499,,,0,ЕНсторе,196,True,https://prom.ua/ua/p2814475030-sht-nochnik-datchikom.html
нічник з датчиком руху,2450,2292205557,Нічник світлодіодний з датчиком руху 2 до 1,467,373.60,,0,MyTorg,10359,True,https://prom.ua/ua/p2292205557-nochnik-svetodiodnyj-datchikom.html
нічник з датчиком руху,2450,3209681741,"Акумуляторний LED-нічники SK-SD136A з датчиком руху, 3000/4000/6500K ПРОДАЄТЬСЯ ПОШТУЧНО",400,368,,0,Nice Price,545,True,https://prom.ua/ua/p3209681741-akkumulyatornyj-led-nochnik.html
нічник з датчиком руху,2450,2896959451,Нічник жовтий теплий відтінок з акумулятором режимами та кнопкою світильник з датчиком руху LED,369,216,5,1,LIME,366,True,https://prom.ua/ua/p2896959451-nochnik-zheltyj-teplyj.html
нічник з датчиком руху,2450,2502786279,Коридорний нічник USB з безпроводової кнопкою світильник з датчиком руху LED,369,216,,0,LIME,366,True,https://prom.ua/ua/p2502786279-koridornyj-nochnik-usb.html
нічник з датчиком руху,2450,2851550453,"LED-нічник ZYFYYDS з ІЧ датчиком руху й освітленості, магнітним кріпленням, акумулятором, холодним світлом і microUSB",299,,3,1,SmartID,928,True,https://prom.ua/ua/p2851550453-led-nochnik-zyfyyds.html
нічник з датчиком руху,2450,2189432678,Б/У. Нічник з датчиком руху темне дерево,530,355.10,,0,Electroboom,3332,False,https://prom.ua/ua/p2189432678-nichnik-datchikom-ruhu.html
нічник з датчиком руху,2450,2365422216,Світлодіодний нічник Suright з датчиком руху та сутінковим датчиком,1270,889,,0,Electroboom,3332,True,https://prom.ua/ua/p2365422216-svitlodiodnij-nichnik-suright.html
нічник з датчиком руху,2450,2970950766,Нічник для ванної RGB підсвітка унітазу з датчиком руху акумуляторна лампа,260,,,0,Понад УСЕ!,1945,False,https://prom.ua/ua/p2970950766-nochnik-dlya-vannoj.html
нічник з датчиком руху,2450,2978573063,"Оригінал! Світильник нічник з датчиком руху 750мАг RGB, магнітний, Yeelight - Вища Якість!",1212,727,,0,UkrTiTAN - інтернет-магазин електроніки та комп'ютерної техніки,1700,True,https://prom.ua/ua/p2978573063-original-svetilnik-nochnik.html
нічник з датчиком руху,2450,2985802664,"Нічник LED з датчиком руху AND, чорний/білий, USB Type-C, магнітний, 5V / Світильник автономний / Лампа з сенсором руху",185,,,0,GreatMix,5003,True,https://prom.ua/ua/p2985802664-nochnik-led-datchikom.html
нічник з датчиком руху,2450,2093090424,Світильник з ДАТЧИКОМ руху магнітний з USB зарядкою лампа акумуляторна 500 mAh 3 ШТ.,689,599,5,1,𝗖𝗥𝗔𝗚 𝗘𝗟𝗘𝗩𝗔𝗧𝗘 🔺,269,True,https://prom.ua/ua/p2093090424-svetilnik-datchikom-dvizheniya.html
нічник з датчиком руху,2450,2191222527,Нічник з датчиком руху для унітазу,85,,4.9,17,Homix,2020,True,https://prom.ua/ua/p2191222527-nochnik-datchikom-dvizheniya.html
нічник з датчиком руху,2450,2090729284,"Лампа акумуляторна магнітна 8911, з датчиком руху, 60 см",440,365,5,3,MegaDeals - Оптовий інтернет магазин,5112,False,https://prom.ua/ua/p2090729284-lampa-akkumulyatornaya-magnitnaya.html
нічник з датчиком руху,2450,3046924415,"Лампи на магніті з датчиком руху для приміщень, 6 шт., тепле світло, нічники для шафи на сходах, 3 режими, з USB, акумуляторні",988,849.68,,0,D-LetsShop Інтернет магазин товарів з Європи,315,False,https://prom.ua/ua/p3046924415-lampy-magnite-datchikom.html
нічник з датчиком руху,2450,3193706867,"Поворотний світильник нічник із датчиком руху на магніті, живлення: 3 батарейки AAA, Колір світла: Теплий Білий",350,,,0,Digital Store GP,413,True,https://prom.ua/ua/p3193706867-povorotnyj-svetilnik-nochnik.html
нічник з датчиком руху,2450,3011151001,"LED світильник акумуляторний з датчиком руху, USB Type - C - 40см",222,,4.7,3,Kh Store,516,True,https://prom.ua/ua/p3011151001-led-svetilnik-akkumulyatornyj.html
нічник з датчиком руху,2450,3035669268,"Нічник LED RGB з датчиком руху та магнітним кріпленням, акумуляторний світильник-лампа Type-C 1500 мАг для дитячої, спальні",869,689,,0,Mizi-Tech,81,True,https://prom.ua/ua/p3035669268-nochnik-led-rgb.html
нічник з датчиком руху,2450,3154433789,LED світильник бездротовий акумуляторний з датчиком руху Motion Sensor Light 10 см White,149,99,5,2,𝐄-𝐒𝐡𝐨𝐩𝐢𝐧𝐠,9086,True,https://prom.ua/ua/p3154433789-led-svetilnik-besprovodnoj.html
нічник з датчиком руху,2450,3058716952,"Акумуляторний LED нічник з датчиком руху ""Glow Moment"" на магніті Милий Ведмедик",432,,,0,Дрібна електроніка та посуд для вашого дому,2379,False,https://prom.ua/ua/p3058716952-akkumulyatornyj-led-nochnik.html
нічник з датчиком руху,2450,2328874917,"Світлодіодний нічник, ліхтарик з датчиком руху світильник",170,169,5,2,THE_SUN,270,True,https://prom.ua/ua/p2328874917-svetodiodnyj-nochnik-fonarik.html
нічник з датчиком руху,2450,3179358033,"Світильник нічник з датчиком руху та освітлення від USB, Kerui F6 / Настінний світильник світлодіодний",307.14,215,5,1,Homstera,2309,True,https://prom.ua/ua/p3179358033-svetilnik-nochnik-datchikom.html
нічник з датчиком руху,2450,2658698129,"Магнітний нічник Бездротовий нічник з датчиком руху, акумуляторні настінні світильники.",299,,,0,TovarOff UA,267,False,https://prom.ua/ua/p2658698129-magnitnyj-nochnik-besprovodnoj.html
нічник з датчиком руху,2450,3019677517,"LED нічник з датчиком руху PIR, акумуляторний, 8 LED, AUTO/ON/OFF, USB",219,197.10,,0,AlerionTech,43,True,https://prom.ua/ua/p3019677517-led-nichnik-datchikom.html
нічник з датчиком руху,2450,1894241667,"Світильник нічник із датчиком руху бездротовий акумуляторний ХОЛОДНИЙ СВЕТ, Нічник дитячий із датчиком сві",674,337,,0,kiwi-shop,4129,True,https://prom.ua/ua/p1894241667-svetilnik-nochnik-datchikom.html
нічник з датчиком руху,2450,3169945881,"Акумуляторний LED нічник з датчиком руху Arotelicht SL02X6 (комплект 6 шт), 300mAh, USB, на магніті",1580,,,0,YNiTech,25,False,https://prom.ua/ua/p3169945881-akkumulyatornyj-led-nochnik.html
нічник з датчиком руху,2450,3129835854,Світлодіодний нічник-бабочка з датчиком руху Перезаряджуваний нічник «Бабочка» для декору кімнати EKOBOX,515,448,,0,ЕКОБОКС,345,True,https://prom.ua/ua/p3129835854-svetodiodnyj-nochnik-babochka.html
нічник з датчиком руху,2450,3131429671,"LED Нічник світильник з датчиком руху з кнопкою (Тепле біле світло) вбудований акумулятор, для кухні, шафи, сходів, бездротовий,",299,,,0,Walkmart,7,True,https://prom.ua/ua/p3131429671-led-nochnik-svetilnik.html
нічник з датчиком руху,2450,2814448999,Світильник-нічник акумуляторний з датчиком руху Grocery 100х30 мм,259,233.10,5,3,"AliStock — онлайн-склад-магазин електроніки, полікарбонату, теплиць і товарів для дому та саду.",976,True,https://prom.ua/ua/p2814448999-svetilnik-nochnik-akkumulyatornyj.html
нічник з датчиком руху,2450,2761061724,"Набір світильників (4+1 в подарунок) з датчиком руху, нічник з акумулятором на магніті для шафи, коридору, сходів, спальні, кухні",680,,5,1,JT JACQUARD TREE,364,True,https://prom.ua/ua/p2761061724-nabor-svetilnikov-podarok.html
нічник з датчиком руху,2450,504609930,Світильник нічник з датчиком руху для унітазу з антимікробною дією,85,,4.8,12,Medley,3270,True,https://prom.ua/ua/p504609930-svetilnik-nochnik-datchikom.html
нічник з датчиком руху,2450,2048302506,Бездротова Led-лампа Bodasan світлодіодний світильник з датчиком руху 30 см (CT30),199,,4.3,6,4-sport.com.ua,2649,True,https://prom.ua/ua/p2048302506-besprovodnaya-led-lampa.html
проти вологи в шафі поглинач,46,3166443817,"Повітряний осушувач Ruhhy (Польща), Поглинач вологи проти грибка у квартирі, Осушувач повітря в кімнаті, OKD",2394,,,0,Talira — сучасний онлайн-магазин. Відправка Новою Поштою по Україні.,302,True,https://prom.ua/ua/p3166443817-poglotitel-vlagi-protiv.html
проти вологи в шафі поглинач,46,2498617690,Поглинач вологи АЛОЕ вологопоглинач аромадифузор ірге irge ленор lenor пінк в шафу,99,,,0,Euro Shop,260,True,https://prom.ua/ua/p2498617690-poglinach-vologi-aloe.html
проти вологи в шафі поглинач,46,2635665232,Поглинач запаху та вологи 300 мл (підвіска в шафу) без запаху / 1 шт / Вологопоглинач для шафи,89,49,4.3,3,Master_Clean,2936,True,https://prom.ua/ua/p2635665232-poglinach-zapahu-vologi.html
проти вологи в шафі поглинач,46,2629185657,Поглинач запаху та вологи 300 мл (підвіска в шафу) / 1 шт / Вологопоглинач для шафи (28 см х 13.5 см),89,49,4.5,12,Master_Clean,2936,True,https://prom.ua/ua/p2629185657-poglinach-zapahu-vologi.html
проти вологи в шафі поглинач,46,2991740069,Вологовбирач універсальний для автомобіля багаторазовий поглинач вологи в шафу осушувач подушка до 400 мл для дому,599,,,0,Texno Store,82,False,https://prom.ua/ua/p2991740069-universalnyj-vlagopoglotitel-dlya.html
проти вологи в шафі поглинач,46,2215298047,Поглинач запаху та вологи в шафу. Поглинач надлишкової вологи та плісняви. Вологопоглинач підвісний,546,46,4.8,9,Shokotrend,2316,True,https://prom.ua/ua/p2215298047-poglotitel-zapaha-vlagi.html
проти вологи в шафі поглинач,46,2710240316,Вологопоглинач осушувач повітря поглинач вологи для дому підвісні пакети в шафу,74,,,0,DaSoN,3112,True,https://prom.ua/ua/p2710240316-vlagopoglotitel-osushitel-vozduha.html
проти вологи в шафі поглинач,46,3213548610,Поглинач вологи для шаф і ванних кімнат осушувач повітря проти плісняви та запахів. BROWN,589.50,393,,0,Kiwi,6,True,https://prom.ua/ua/p3213548610-poglotitel-vlagi-dlya.html
проти вологи в шафі поглинач,46,2811973367,Поглинач вологи для шаф і вбиралень Осушувач повітря проти цвілі і запаху,74,,5,2,DaSoN,3112,True,https://prom.ua/ua/p2811973367-poglotitel-vlagi-dlya.html
проти вологи в шафі поглинач,46,2378751212,Поглинач вологи та запаху для дому від цвілі та вогкості осушувач повітря вологопоглинач 5 шт mlk,550,275,4.4,30,theshop.mlk,336,True,https://prom.ua/ua/p2378751212-poglotitel-vlagi-zapaha.html
проти вологи в шафі поглинач,46,3180903802,Підвісний поглинач вологи 500 мл для запобігання грибка та цвілі в приміщенні та шафах SQ-26018,501,313,,0,Смарт Оселя,110,True,https://prom.ua/ua/p3180903802-podvesnoj-poglotitel-vlagi.html
проти вологи в шафі поглинач,46,2980371269,Поглинач вологи (осушувач повітря) підвісний з активованим вугіллям 300 мл 10 шт від плісняви та запаху в шафу,660,540,,0,Lovable,878,True,https://prom.ua/ua/p2980371269-vlagopoglotitel-poglotitel-vlagi.html
проти вологи в шафі поглинач,46,3113674115,Компактний підвісний поглинач вологи для ванної кімнати в шафу авто вологовбирач від цвілі та запахів для дому,400,200,,0,SuperShop,912,True,https://prom.ua/ua/p3113674115-kompaktnyj-podvesnoj-poglotitel.html
проти вологи в шафі поглинач,46,2769631639,"Вологопоглинач | Поглинач вологи з гачком | Осушувач повітря для шафи, ванної та кімнати | Антиконденсат, проти цвілі та запахів",60,50,4.2,15,EasyMarket,545,True,https://prom.ua/ua/p2769631639-vlagopoglotitel-poglotitel-vlagi.html
проти вологи в шафі поглинач,46,3198491900,"Вологопоглинач підвісний проти цвілі, 200 мл / Поглинач вологи для шафи / Збиральник вологи та запахів",127.14,89,,0,Homstera,2309,True,https://prom.ua/ua/p3198491900-vlagopoglotitel-podvesnoj-pleseni.html
проти вологи в шафі поглинач,46,3179195138,"Поглинач вологи проти грибка у квартирі Berdsen (Польща), Осушувач для шафи, Осушувач повітря для ванної, OLU",7536,3768,,0,Aluri,37,True,https://prom.ua/ua/p3179195138-osushitel-vozduha-dlya.html
проти вологи в шафі поглинач,46,3204442058,Irge волого поглинач в шафу Алоя Вера,85,,,0,ОПТ ХІМ-ПАК+,11,True,https://prom.ua/ua/p3204442058-irge-vologo-poglinach.html
проти вологи в шафі поглинач,46,3180044069,"Вологопоглинач для шафи Malatec (Польща), Збирач вологи в приміщенні, Поглинач від грибка, PRE",5208,2604,,0,Kivo,39,True,https://prom.ua/ua/p3180044069-poglotitel-gribka-malatec.html
проти вологи в шафі поглинач,46,3179193516,"Повітряний осушувач Ruhhy (Польща), Поглинач вологи проти грибка у квартирі, Осушувач повітря в кімнаті, OLU",5048,2524,,0,Aluri,37,True,https://prom.ua/ua/p3179193516-vozdushnyj-osushitel-ruhhy.html
проти вологи в шафі поглинач,46,3192116634,"Осушувач повітря професійний Ruhhy (Польща), Осушувачі повітря в квартиру, Поглинач вологи для шаф, JMM",7148,3574,,0,Footmarket,421,True,https://prom.ua/ua/p3192116634-poglotitel-vlagi-dlya.html
проти вологи в шафі поглинач,46,3179194396,"Осушувач повітря для квартири компактний Malatec (Польща), Вологопоглинач для шаф, OLU",5184,2592,,0,Aluri,37,True,https://prom.ua/ua/p3179194396-vlagopoglotitel-dlya-shkafov.html
проти вологи в шафі поглинач,46,3024890774,Набір проти запотівання скла в авто К-2 (поглинач вологи та антизапотівач),528,501.60,,0,Автобутик,107,False,https://prom.ua/ua/p3024890774-nabor-protiv-zapotevaniya.html
проти вологи в шафі поглинач,46,3179194412,"Осушувач для стисненого повітря Malatec (Польща), Кімнатний осушувач повітря, Осушувач повітря розумний, OLU",5184,2592,,0,Aluri,37,True,https://prom.ua/ua/p3179194412-osushitel-dlya-szhatogo.html
проти вологи в шафі поглинач,46,3150918234,Набір проти запотівання скла в авто К-2 (поглинач вологи та антизапотівач),610,,,0,АвтоБутик Кременчук,784,True,https://prom.ua/ua/p3150918234-nabor-protiv-zapotevaniya.html
проти вологи в шафі поглинач,46,3205638822,Поглинач вологи та запаху 500мл (підвіска) CasaBucato Inodore без аромату ТМ IRGE,101.57,,,0,7Koпійок,1991,True,https://prom.ua/ua/p3205638822-poglotitel-vlagi-zapaha.html
проти вологи в шафі поглинач,46,3219962507,"Підвісний осушувач повітря Boadw 10x230G, поглинач вологи в шафі для підвалу, спальні, пральні, мішок із дезодоруючим осушувачем",2726,,,0,TopMix,8,True,https://prom.ua/ua/p3219962507-pidvisnij-osushuvach-povitrya.html
проти вологи в шафі поглинач,46,3151557711,"Квартирний осушувач Berdsen (Польща), Осушувач повітря в дім, Поглинач вологи для шаф, NQE",7413,4111,,0,ПобудON,5,True,https://prom.ua/ua/p3151557711-osushitel-vozduha-dom.html
проти вологи в шафі поглинач,46,3188703283,Поглинач вологи для шафи та ванної кімнати від плісняви та конденсату 500 мл ефективний засіб для боротьби з вогкістю в будинку,500,365,,0,⚡️ THOR UA,561,True,https://prom.ua/ua/p3188703283-poglotitel-vlagi-dlya.html
проти вологи в шафі поглинач,46,3181144942,"Поглинач вологи проти грибка у квартирі Ruhhy (Польща), Осушувач повітря в кімнаті, Повітряний осушувач, NNH",5040,2520,,0,UMIO,49,True,https://prom.ua/ua/p3181144942-poglotitel-vlagi-protiv.html
проти вологи в шафі поглинач,46,3180041489,"Осушувач повітря в кімнаті Ruhhy (Польща), Повітряний осушувач, Поглинач вологи проти грибка у квартирі, PRE",5072,2536,,0,Kivo,39,True,https://prom.ua/ua/p3180041489-osushitel-vozduha-komnate.html
проти вологи в шафі поглинач,46,3178821725,"Вологопоглинач у квартирі Ruhhy (Польща), Осушення повітря в приміщенні, Хороший осушувач повітря для квартири, NLG",8060,4030,,0,Nordika,39,True,https://prom.ua/ua/p3178821725-horoshij-osushitel-vozduha.html
проти вологи в шафі поглинач,46,3178821778,"Осушувач повітря для квартири компактний Malatec (Польща), Вологопоглинач для шаф, NLG",5168,2584,,0,Nordika,39,True,https://prom.ua/ua/p3178821778-vlagopoglotitel-dlya-shkafov.html
проти вологи в шафі поглинач,46,2657065262,Поглинач запаху та вологи 300 мл (підвіска в шафу) / 1 шт / Вологопоглинач для шафи (28 см х 13 см),89,49,,0,CleanStore,185,True,https://prom.ua/ua/p2657065262-poglinach-zapahu-vologi.html
проти вологи в шафі поглинач,46,2797487723,"Поглинач вологи з гачком IRGE Agrumi (цитрусовий) 500 мл - проти сирості та плісняви, для шаф і тумб",74,,5,1,ЧистоПлюс,1311,False,https://prom.ua/ua/p2797487723-poglotitel-vlagi-kryuchkom.html
проти вологи в шафі поглинач,46,3019374123,"Поглинач вологи та запахів IRGE Casa Lavanda 2в1, підвісний для шафи, аромат лаванди",108,,,0,Сherryopt косметика,484,False,https://prom.ua/ua/p3019374123-poglotitel-vlagi-zapahov.html
проти вологи в шафі поглинач,46,3019374185,"Поглинач вологи та запахів IRGE Casa Vaniglia 2в1, підвісний для шафи, аромат ванілі",108,,,0,Сherryopt косметика,484,False,https://prom.ua/ua/p3019374185-poglotitel-vlagi-zapahov.html
проти вологи в шафі поглинач,46,3019374308,"Підвісний поглинач вологи та запахів для шафи IRGE Casa Vaniglia 2в1, аромат ванілі",96,,,0,CHERRY-OPT Косметика оптом,4118,False,https://prom.ua/ua/p3019374308-podvesnoj-poglotitel-vlagi.html
проти вологи в шафі поглинач,46,3019375164,"Підвісний поглинач вологи та запахів для шафи IRGE Casa Agrumi 2в1, аромат цитрусових",128,,,0,"""CHERRY SHOP"" Косметика, жіночий одяг та аксесуари",4442,False,https://prom.ua/ua/p3019375164-podvesnoj-poglotitel-vlagi.html
проти вологи в шафі поглинач,46,2709340477,"Підвісний поглинач вологи, неприємних запахів проти грибка у квартирі, Вологопоглинач для шаф оселі",164,,,0,SuperShop,912,False,https://prom.ua/ua/p2709340477-podvesnoj-poglotitel-vlagi.html
проти вологи в шафі поглинач,46,3131508872,"Осушувач повітря з функцією нічного режиму, Поглинач вологи проти грибка в квартирі GM-44",7685,,,0,RAFAIL,64,False,https://prom.ua/ua/p3131508872-poglotitel-vlagi-dlya.html
проти вологи в шафі поглинач,46,2629195883,Поглинач запаху та вологи 500 мл (підвіска в шафу) / 1 шт / Вологопоглинач для шафи (28 см х 13.5 см),99,,5,1,Master_Clean,2936,False,https://prom.ua/ua/p2629195883-poglinach-zapahu-vologi.html
проти вологи в шафі поглинач,46,2695320082,Поглинач запаху та вологи 500 мл (підвіска в шафу) Персик / 1 шт / Вологопоглинач для шафи (27 см х 14 см),105,,5,3,Master_Clean,2936,False,https://prom.ua/ua/p2695320082-poglinach-zapahu-vologi.html
проти вологи в шафі поглинач,46,2434647275,Поглинач вологи Лаванда вологопоглинач аромадифузор ірге irge ленор lenor пінк в шафу,90,,5,1,Euro Shop,260,False,https://prom.ua/ua/p2434647275-poglinach-vologi-lavanda.html
проти вологи в шафі поглинач,46,2788407117,"Поглинач вологи та запахів + освіжувач повітря Irge Без запаху, 500 мл в шафу",99,,,0,Euro Shop,260,False,https://prom.ua/ua/p2788407117-poglinach-vologi-zapahiv.html
проти вологи в шафі поглинач,46,2826043790,Осушувач повітря кімнатний або в шафу поглинач вологи 200 мл вологозбірник від неприємних запахів і цвілі,42,,,0,SCOOTER-SHOP,1637,False,https://prom.ua/ua/p2826043790-osushitel-vozduha-komnatnyj.html
проти вологи в шафі поглинач,46,2400997422,Поглинач вологи Білий Мускус вологопоглинач аромадифузор ірге irge ленор lenor пінк в шафу,90,,,0,Euro Shop,260,False,https://prom.ua/ua/p2400997422-poglinach-vologi-bilij.html
засіб від плісняви,1149,2925838289,"Засіб від плісняви 500 мл без хлору для стін, плитки та силікону швидкої дії Stop mold",500,,,0,ECO DIM  - Продаж та встановлення кабельних систем обігріву під ключ,430,True,https://prom.ua/ua/p2925838289-sredstvo-pleseni-500.html
засіб від плісняви,1149,1975232598,"СкайЛайн БіоСтоп Грунтовка антисептична протигрибкова для стін, фасадів 5л від плісняви та грибка",286,,5,13,"Магазин ""На дачу""",2018,True,https://prom.ua/ua/p1975232598-skyline-biostop-gruntovka.html
засіб від плісняви,1149,2734821267,Засіб від плісняви та грибка на стінах ТМ BioGreen 1л для дезінфекції погребів та підвалів,585,,5,1,HomeLine,31,True,https://prom.ua/ua/p2734821267-sredstvo-pleseni-gribka.html
засіб від плісняви,1149,1668420098,Комплект засіб від плісняви Wellpex спрей 500 мл × 2,390,,4.8,25,Dezinfector,1292,True,https://prom.ua/ua/p1668420098-komplekt-sredstvo-pleseni.html
засіб від плісняви,1149,2645355607,Димова шашка ПогребОК від гризунів плісняви і грибка,69,,4,1,Top-shop,3557,True,https://prom.ua/ua/p2645355607-dymovaya-shashka-pogrebok.html
засіб від плісняви,1149,2728106850,"Білизна Мілам 1 л відбілювач, дезінфектор, засіб проти плісняви",55,,5,5,Karavan,378,True,https://prom.ua/ua/p2728106850-belizna-milam-otbelivatel.html
засіб від плісняви,1149,1201415418,Засіб від плісняви та моху концентрат 1:4 Aura Antiskimmel 1 л,245,,5,1,AURA,3775,True,https://prom.ua/ua/p1201415418-sredstvo-pleseni-mha.html
засіб від плісняви,1149,2377501851,Засіб від плісняви та грибку з розпилювачем Savo 500 мл,180,,5,1,NEFORMAT MAGAZ,2092,True,https://prom.ua/ua/p2377501851-sredstvo-pleseni-gribka.html
засіб від плісняви,1149,2840722766,Засіб від плісняви та грибка Astonish Specialist Mould & Mildew Blast Apple спрей 750 мл Великобританія,200,,,0,"Інтернет-магазин ""Світ Чистоти""",762,True,https://prom.ua/ua/p2840722766-sredstvo-pleseni-gribka.html
засіб від плісняви,1149,2776425518,"Універсальний засіб Savo від плісняви, 500 мл",150,145,5,2,ЧистоВайб,257,True,https://prom.ua/ua/p2776425518-universalnij-zasib-savo.html
засіб від плісняви,1149,2376311402,Універсальний засіб для видалення накипу та іржі Schiuma di Marsiglia Scioglicalcare 750 мл,110,40,5,5,Шопландія,281,True,https://prom.ua/ua/p2376311402-universalnoe-sredstvo-dlya.html
засіб від плісняви,1149,2542969160,"Спрей від плісняви та грибка GOLD ANTI PLESNA 500 мл ефективний засіб для стін, плитки, дерева, меблів",140,125,4.8,8,TechnoDream,1237,True,https://prom.ua/ua/p2542969160-sprej-pleseni-gribka.html
засіб від плісняви,1149,1923493761,"Засіб від плісняви з хлором, Джерелія, 500 мл",249,227,,0,Косметика Сніжана💖,256,True,https://prom.ua/ua/p1923493761-zasib-vid-plisnyavi.html
засіб від плісняви,1149,2025407354,"Відбілювач для деревини, знищення плісняви та грибка - ALANA White Wood Дезенфектант 1 кг",180,171,4.8,5,ТОВ Науково-технічний союз,977,True,https://prom.ua/ua/p2025407354-otbelivatel-dlya-drevesiny.html
засіб від плісняви,1149,2747598060,DM Засіб з хлором проти плісняви та грибка Schimmel-Entfemer 750ml Німеччина,190,,5,1,Економ,8371,True,https://prom.ua/ua/p2747598060-zasib-hlorom-proti.html
засіб від плісняви,1149,2263848524,Засіб для видалення цвілі з ароматом зеленого яблука Astonish 750 мл спрей,260,208,5,9,ЄВЖЕ,884,True,https://prom.ua/ua/p2263848524-sredstvo-dlya-udaleniya.html
засіб від плісняви,1149,1239909014,Засіб для видалення цвілі Astonish Mould&Mildew Stain Blaster 750 мл,155,,4.9,59,Обери мене,4335,True,https://prom.ua/ua/p1239909014-sredstvo-dlya-udaleniya.html
засіб від плісняви,1149,2333411767,"Дезінфікуючий засіб для поверхні, одягу, тіла і рук, фруктів та овочів SterilOx Універсальний, 1000 мл",240,180,5,3,"ТОВ ""Стерілокс Дистрибюшен""",166,True,https://prom.ua/ua/p2333411767-dezinfitsiruyuschee-sredstvo-dlya.html
засіб від плісняви,1149,2247523464,Засіб проти іржі та водяного каменю DODO Відїдайка,215,,5,6,DODO ecoclean,55,True,https://prom.ua/ua/p2247523464-zasib-proti-irzhi.html
засіб від плісняви,1149,2438045360,Засіб для видалення плісняви та грибка GOOD RESULT 1 л з розпилювачем,175,,4.8,8,ПромПобутХім,222,True,https://prom.ua/ua/p2438045360-sredstvo-dlya-udaleniya.html
засіб від плісняви,1149,2792831264,Savo універсальний спрей від цвілі 500 мл,135,,5,20,"KLB - товари для дому, дітей та тварин",630,True,https://prom.ua/ua/p2792831264-savo-universalnyj-sprej.html
засіб від плісняви,1149,1719132006,Засіб від плісняви та грибка Wellpex спрей 500 мл для стін та плитки,250,195,5,12,Dezinfector,1292,True,https://prom.ua/ua/p1719132006-sredstvo-pleseni-gribka.html
засіб від плісняви,1149,1201415420,Засіб від плісняви та моху Eskaro Biotol концентрат 1:20 0.33 л,380,,,0,AURA,3775,True,https://prom.ua/ua/p1201415420-sredstvo-pleseni-mha.html
засіб від плісняви,1149,3210183176,"Протруйник Максим 10 мл Syngenta для картоплі, цибулин квітів та часнику",26,,,0,Кужіль,215,True,https://prom.ua/ua/p3210183176-protrujnik-maksim-syngenta.html
засіб від плісняви,1149,3103506935,Універсальний засіб Savo від плісняви 500 мл,130,,5,2,Klin Shop,163,True,https://prom.ua/ua/p3103506935-universalnoe-sredstvo-savo.html
засіб від плісняви,1149,2952010143,Засіб від плісняви Mold Remover 750 мл,270,,,0,"Інтернет-магазин ""CleanConcept Distribution """,62,True,https://prom.ua/ua/p2952010143-zasib-vid-plisnyavi.html
засіб від плісняви,1149,2032808911,Ґрунтуючий засіб від плісняви та грибків Feidal Schimmel-Ex 0.5л,371,315.35,,0,Paint DP,944,True,https://prom.ua/ua/p2032808911-gruntuyuschee-sredstvo-pleseni.html
засіб від плісняви,1149,2901311087,Засіб проти цвілі та грибка спрей Савок 500 мл,499,249.50,5,1,Kidscolorshop,116,True,https://prom.ua/ua/p2901311087-sredstvo-pleseni-gribka.html
засіб від плісняви,1149,3127704315,Засіб від грибка та плісняви Cliolan 500 мл,89.78,,,0,Чисто Плюс,356,True,https://prom.ua/ua/p3127704315-zasib-vid-gribka.html
засіб від плісняви,1149,2857610856,Ефективний засіб від плісняви та грибка Wellpex 500 мл з відбілюючим ефектом (P000258),200,190,4.9,9,Топ Продажів,587,True,https://prom.ua/ua/p2857610856-effektivnoe-sredstvo-pleseni.html
засіб від плісняви,1149,2921740330,Засіб для чищення та полірування нержавіючої сталі від жиру й розводів з захисним ефектом Reflect 500 мл,450,,,0,ECO DIM  - Продаж та встановлення кабельних систем обігріву під ключ,430,True,https://prom.ua/ua/p2921740330-chistyaschee-sredstvo-polirovka.html
засіб від плісняви,1149,2747598545,Засіб від плісняви DENKMIT Schimmel-Entferner 750мл,190,,5,1,Економ+опт,6606,True,https://prom.ua/ua/p2747598545-zasib-vid-plisnyavi.html
засіб від плісняви,1149,3625299,"Засіб для захисту від плісняви Glutoclean, 750мл",690,,5,1,"""Build-shop"" інтернет-магазин",541,True,https://prom.ua/ua/p3625299-zaschita-pleseni-glutoclean.html
засіб від плісняви,1149,2994365718,Засіб від плісняви та грибка Wellpex спрей 500 мл,200,,5,2,Dezinfector,1292,True,https://prom.ua/ua/p2994365718-sredstvo-pleseni-gribka.html
засіб від плісняви,1149,2957704442,"Осушувач повітря MalTec DH-12300 Electronic Wi-Fi, 12 л/добу, гігростат, таймер, поглинач вологи від плісняви, тихий для дому",5500,5380,5,1,Rechi100k,118,True,https://prom.ua/ua/p2957704442-osushitel-vozduha-maltec.html
засіб від плісняви,1149,3123972484,Спрей для чищення ванн на 500 мл Savo Proti Plísním Засіб видалення плісняви та дезінфекції поверхонь,180,155,,0,XimTrunk,23,True,https://prom.ua/ua/p3123972484-sprej-dlya-chistki.html
засіб від плісняви,1149,1890628016,Засіб для видалення плісняви Tenzi Srodek Plesniobojczy 600мл,392,,5,4,"""RS Syndicate""    Все для детейлінгу, клінінгу та автомийок",1231,True,https://prom.ua/ua/p1890628016-sredstvo-dlya-udaleniya.html
засіб від плісняви,1149,2920388474,Засіб від плісняви Mould Cleaner спрей від грибка 250 мл для ванної та туалету,164,146,,0,TechnoDream,1237,True,https://prom.ua/ua/p2920388474-sredstvo-pleseni-mould.html
засіб від плісняви,1149,2490272400,Засіб для видалення плісняви і грибку 120 мл Bodasan (ZA56),99,,5,1,"Інтернет-магазин ""4buy""",3039,True,https://prom.ua/ua/p2490272400-sredstvo-dlya-udaleniya.html
засіб від плісняви,1149,1151972675,Сірчана шашка «Погребок» 300 г (AgroProtection) Повний захист вашого врожаю від грибка та гризунів,98,,,0,Semenalux.prom.ua,1045,True,https://prom.ua/ua/p1151972675-sernaya-shashka-pogrebok.html
засіб від плісняви,1149,755866266,Засіб від плісняви грибка моху антигрибкове просочення профілактична обробка поверхонь Remmers BFA,1819,,,0,ВЕРТИКАЛЬ БУДІВЕЛЬНИХ ТЕХНОЛОГІЙ,191,True,https://prom.ua/ua/p755866266-sredstvo-pleseni-gribka.html
засіб від плісняви,1149,2006024315,Засіб проти плісняви (миттєвої дії) Байрис REM-HELP 500 мл,150,,4.6,5,"Інтернет-магазин ""BudBox""",218,True,https://prom.ua/ua/p2006024315-sredstvo-protiv-pleseni.html
засіб від плісняви,1149,3024487912,"Мідний купорос Сульфат міді Туреччина Вищий сорт, 1 кг, антисептик для дерева від грибка парші іржі",310,250,5,8,MegaLine,61,True,https://prom.ua/ua/p3024487912-mednyj-kuporos-sulfat.html
засіб від плісняви,1149,2386780183,Засіб від плісняви зовнішні роботи 10л. Fortis,3683,3314.70,,0,"ЧП ""Мальва -СТ""",243,True,https://prom.ua/ua/p2386780183-sredstvo-pleseni-vneshnie.html
засіб від плісняви,1149,1975232599,SkyLine БіоСтоп Ґрунтовка антисептична протигрибкова 10л від плісняви універсальна,517,,4.8,5,"Магазин ""На дачу""",2018,True,https://prom.ua/ua/p1975232599-skyline-biostop-gruntovka.html
засіб від плісняви,1149,2106972948,Засіб для видалення грибка й плісняви HG 500 мл,512,496.64,5,2,Paint Shop,2116,True,https://prom.ua/ua/p2106972948-sredstvo-dlya-udaleniya.html
засіб від плісняви,1149,3009566737,Засіб мийний для видалення плісняви та грибкових забруднень Molekula Mold Remover 750мл,268,,,0,WPLTRADE.COM.UA,269,True,https://prom.ua/ua/p3009566737-sredstvo-moyuschee-dlya.html
засіб від плісняви,1149,1958411085,Від цвілі та грибка GREEN MAX Чойс еко засіб від цвілі плісняви та грибка,295,290,4.8,5,Абрис здоров'я,1212,True,https://prom.ua/ua/p1958411085-pleseni-gribka-green.html
засіб від плісняви,1149,1811513449,Засіб проти плісняви і грибка (миттєвої дії),150,,5,1,farby.lviv,769,True,https://prom.ua/ua/p1811513449-sredstvo-protiv-pleseni.html
засіб від плісняви,1149,2280329428,"Засіб від плісняви і грибка Антипліснява"" 4Larus /Mold Remover 4Larus, спрей, 500мл",137,,,0,Lavado - надихаємось вашою довірою,304,True,https://prom.ua/ua/p2280329428-sredstvo-pleseni-gribka.html
засіб від плісняви,1149,2416065337,Засіб від плісняви SAVO (червоний) / з розпилювачем / 500 мл,182.80,,,0,Світ непродовольчих товарів,1746,True,https://prom.ua/ua/p2416065337-sredstvo-pleseni-savo.html
засіб від плісняви,1149,650317282,Дезинфікуючий засіб для дому Домашній санітар 750мл - Сан Клін,173.12,,5,11,Інтернет магазин - Ревізор,1012,True,https://prom.ua/ua/p650317282-dezinfikuyuchij-zasib-dlya.html
засіб від плісняви,1149,3112039515,Чистячий засіб для туалету та ванної кімнати на 750 мл Domestos Ultra White,140,,,0,XimTrunk,23,True,https://prom.ua/ua/p3112039515-chistyaschee-sredstvo-dlya.html
засіб від плісняви,1149,1155943265,UDEN-200/ Металокерамічний теплий плінтус/ UDEN-S/ /Засіб від плісняви/,3300,,,0,"""Крео-Стиль"" Інтернет-магазин"" опалювального,економно-кліматичного обладнання та послуг",1004,True,https://prom.ua/ua/p1155943265-uden-200-metallokeramicheskij.html
засіб від плісняви,1149,2432913091,"Білизна стоп пліснява, 1000 мл",285,,,0,Хлорка,5670,True,https://prom.ua/ua/p2432913091-belizna-stop-plesen.html
засіб від плісняви,1149,1742683942,1л. Потужний Дезінфікуючий Засіб. Антигрибок. Засіб від плісняви Nerta Belgium. Bacchlor,200,,,0,"Склад-магазин ""Зодчі А"" Офіційний продавець бельгійської професійної хімії UCO, Nerta і Kenotek",497,True,https://prom.ua/ua/p1742683942-moschnoe-dezinfitsiruyuschee-sredstvo.html
засіб від плісняви,1149,1000924762,Засіб від плісняви DRAGON 500ml,190,,,0,HB-Market,797,True,https://prom.ua/ua/p1000924762-zasib-vid-plisnyavi.html
засіб від плісняви,1149,2888947488,Антисептичний засіб від плісняви ESKARO BIOTOL концентрат 1:20 0.33л,380,376.20,,0,stiny.ua,320,True,https://prom.ua/ua/p2888947488-antisepticheskoe-sredstvo-protiv.html
мийка високого тиску для авто,5592,2177127482,"Мийка високого тиску для авто бездротова, з 2 акумуляторами, шлангом 5 м і насадками в кейсі, AM-789",1800,997,5,3,Шем,362,True,https://prom.ua/ua/p2177127482-mojka-vysokogo-davleniya.html
мийка високого тиску для авто,5592,3185175001,Мийка Makita DHW201Z 36V 5Ah Мийка авто Мийка високого тиску побутова Автомийки міні Мінімийка для машини,3100,1550,,0,MonoGarden,34,True,https://prom.ua/ua/p3185175001-mojka-makita-dhw201z.html
мийка високого тиску для авто,5592,3124832661,Акумуляторна мийка високого тиску 48V з 2 АКБ без підключення до водопроводу Безпровідна міні-мийка з насадками для авто,2258,1129,,0,TOOLBOX,57,True,https://prom.ua/ua/p3124832661-akkumulyatornaya-mojka-vysokogo.html
мийка високого тиску для авто,5592,2221360583,"Мийка високого тиску бездротова для авто, ручна міні-мийка без акумулятора Чорна, ZX-13D",1400,557,5,2,Шем,362,True,https://prom.ua/ua/p2221360583-mojka-vysokogo-davleniya.html
мийка високого тиску для авто,5592,3176317695,Універсальна мийка високого тиску для авто Krafftec Мийка високого тиску для дому та саду 480 л/рік,6806,3403,,0,Miravio,10,True,https://prom.ua/ua/p3176317695-universalnaya-mojka-vysokogo.html
мийка високого тиску для авто,5592,2234556546,"Мийка високого тиску для авто, ручна міні-мийка з 1 акумуляторами, шлангом 5 м і насадками в кейсі, MK-2024",1800,877,,0,Шем,362,True,https://prom.ua/ua/p2234556546-mojka-vysokogo-davleniya.html
мийка високого тиску для авто,5592,3184391920,Універсальна мийка високого тиску для авто 2200 Вт Мійка високого тиску для саду Bass Polska 7881,7804,3902,,0,Miravio,10,True,https://prom.ua/ua/p3184391920-universalnaya-mojka-vysokogo.html
мийка високого тиску для авто,5592,3042135556,Апарат високого тиску 2100W Kraft&Dele KD496 Мийка високого тиску для приватного 250 бар будинку Мийки високого тиску для авто,13364,6682,,0,RedShop,134,True,https://prom.ua/ua/p3042135556-apparat-vysokogo-davleniya.html
мийка високого тиску для авто,5592,3084531885,"Потужна мийка високого тиску (керхер) для авто Vitals Am 7.0-140wr optimum : 140 бар, 420 л/год мінімийка",6349,,,0,Blessed,468,True,https://prom.ua/ua/p3084531885-moschnaya-mojka-vysokogo.html
мийка високого тиску для авто,5592,3042116984,Апарат високого тиску Kraft&Dele KD5371 9 л/хв Мийка високого тиску для приватного 280 бар будинку Мийки високого тиску для авто,41964,20982,,0,RedShop,134,True,https://prom.ua/ua/p3042116984-apparat-vysokogo-davleniya.html
мийка високого тиску для авто,5592,2179034081,Мийка для авто високого тиску REPW120 120 барів 1200 Вт мийка високого тиску,3359,2359,4.5,2,watra.com.ua,3091,True,https://prom.ua/ua/p2179034081-mojka-dlya-avto.html
мийка високого тиску для авто,5592,3124854609,Портативна акумуляторна мийка 48V високого тиску без під'єднання до водопроводу Бездротова автомийка з насадками та 2 АКБ,2158,1079,,0,Stitch,39,True,https://prom.ua/ua/p3124854609-portativnaya-akkumulyatornaya-mojka.html
мийка високого тиску для авто,5592,2973559823,Міні-мийка для дому та авто 2100 Вт 140/200 бар Kraft&Dele KD432 мийка високого тиску портативна мийка для авто та доріжок,6699,4957.26,,0,⚙️Tool Time: Інструменти для будь-яких завдань!,1220,True,https://prom.ua/ua/p2973559823-mini-mojka-dlya.html
мийка високого тиску для авто,5592,1379656238,"Мийка високого тиску Mächtz MPW-1756 TURBO, автомийка",6850,5190,,0,Profi Market,877,True,https://prom.ua/ua/p1379656238-mojka-vysokogo-davleniya.html
мийка високого тиску для авто,5592,2215561871,Мийка високого тиску 140 бар GUDE GHD мінімийка для авто,2899,2785,4.9,21,Roza Shop,9206,True,https://prom.ua/ua/p2215561871-mojka-vysokogo-davleniya.html
мийка високого тиску для авто,5592,3048467662,"Потужна мийка високого тиску (керхер) для авто Karcher K5 Basic : 145 бар, 500 л/год мінімийка 11805800",14999,,,0,Blessed,468,True,https://prom.ua/ua/p3048467662-moschnaya-mojka-vysokogo.html
мийка високого тиску для авто,5592,2657061567,"Мінімийка LAVOR STARJET, мийка високого тиску для дому, авто, гаража, зручна мийка для глибокого очищення фасадів, 2500 Вт",17218,8609,,0,GoodShop,148,True,https://prom.ua/ua/p2657061567-minimojka-lavor-starjet.html
мийка високого тиску для авто,5592,3042128222,Апарат високого тиску Kraft&Dele KD5370 Мийка високого тиску для приватного 360 бар будинку Мийки високого тиску для авто,34964,17482,5,1,RedShop,134,True,https://prom.ua/ua/p3042128222-apparat-vysokogo-davleniya.html
мийка високого тиску для авто,5592,3142958339,"Потужна мийка високого тиску для авто AL-FA 2.4 КвТ бар 165, Універсальні мийки високого тиску",5997,4997,,0,IronTool,44,True,https://prom.ua/ua/p3142958339-moschnaya-mojka-vysokogo.html
мийка високого тиску для авто,5592,2148924397,"Мийка високого тиску для авто та дому Karcher K 3, 380 л/год, 1.6 кВт, 25 м2/год 100-140",4249,3249,4,4,watra.com.ua,3091,True,https://prom.ua/ua/p2148924397-mojka-vysokogo-davleniya.html
мийка високого тиску для авто,5592,3045365523,"Потужна мінімийка Bass Polska 7881 мийка високого тиску для авто, фасадів і бруківки, 230 бар, 2200 Вт, 480 л/год",5000,3649,,0,Nice Shop,517,True,https://prom.ua/ua/p3045365523-moschnaya-minimojka-bass.html
мийка високого тиску для авто,5592,2596346196,Акумуляторна мийка високого тиску автомобільна портативна з 2 акумуляторами і кейсом для зберігання мінімийка для машин бездротова,2398,1199,3,1,Вітринка,533,True,https://prom.ua/ua/p2596346196-akkumulyatornaya-mojka-vysokogo.html
мийка високого тиску для авто,5592,3179368559,Мийка високого тиску побутова 2100 Вт Kraft&Dele KD432 портативна мийка для авто,5709,5199,,0,Fenix,519,True,https://prom.ua/ua/p3179368559-mojka-vysokogo-bytovogo.html
мийка високого тиску для авто,5592,2332747683,Акумуляторна мийка високого тиску 48 V + 2 АКБ / Пістолет для миття автомобіля/розпилювач води Лучшая цена,1176,588,4,10,Tobe,25895,True,https://prom.ua/ua/p2332747683-akkumulyatornaya-mojka-vysokogo.html
мийка високого тиску для авто,5592,3020721595,"Мийка високого тиску акумуляторна Makita 48V 2 АКБ портативна мінімийка бездротова, водяний пістолет для авто, саду та дому",2000,1490,4.8,12,Справжній Майстер,2336,True,https://prom.ua/ua/p3020721595-akkumulyatornaya-mojka-vysokogo.html
мийка високого тиску для авто,5592,2613004611,"Акумуляторна мийка високого тиску 48 В із кейсом і відром 12.5 л, портативна мінімийка для авто та дачі",2931.35,1465.68,,0,🔥Grabber,140,True,https://prom.ua/ua/p2613004611-akkumulyatornaya-mojka-vysokogo.html
мийка високого тиску для авто,5592,2163479802,Міні мийка акумуляторна високого тиску для авто дому дачі бездротова автомийка в кейсі 20 бар 2 акумулятори Opt City,3240,1620,,0,OPT-CITY Кращі ціни в інтернеті,3798,True,https://prom.ua/ua/p2163479802-mini-mojka-akkumulyatornaya.html
мийка високого тиску для авто,5592,2710027917,Мийка для авто високого тиску Karcher 1800 Вт 150 бар портативна мийка високого тиску автомийка керхер міні мийка,4088,3488,5,3,Інтернет магазин ➤ Титан,700,True,https://prom.ua/ua/p2710027917-mojka-dlya-avto.html
мийка високого тиску для авто,5592,1747627323,"Мийка високого тиску Mächtz MPW-1758 TURBO, мінімийка автомобільна",8250,5490,4.4,12,i-Tools,1657,True,https://prom.ua/ua/p1747627323-mojka-vysokogo-davleniya.html
мийка високого тиску для авто,5592,2666405442,Мережева мийка високого тиску Honda Електрична мийка Хонда Продуктивністю 450 л/год для миття авто,2610,1899,4.3,3,Справжній Майстер,2336,True,https://prom.ua/ua/p2666405442-setevaya-mojka-vysokogo.html
мийка високого тиску для авто,5592,3163878393,Мийка високого тиску Апарат для миття авто Krafftec 2200 Вт Електромийка економічна та компактна Мінімийка високого тиску,7102,3551,,0,TehnoProsto,41,True,https://prom.ua/ua/p3163878393-mojka-vysokogo-davleniya.html
мийка високого тиску для авто,5592,3207407074,"Мийки високого тиску Водомет для миття авто, поливу рослин, розпилювач EZ JET Water Cannon",154,,,0,Prosto Shop,901,True,https://prom.ua/ua/p3207407074-mijki-visokogo-tisku.html
мийка високого тиску для авто,5592,3089677048,"Акумуляторна мийка високого тиску 30В + акумулятор, у кейсі / Бездротовий пістолет для миття авто",764.29,535,4.6,5,EasyBuy,787,True,https://prom.ua/ua/p3089677048-akkumulyatornaya-mojka-vysokogo.html
мийка високого тиску для авто,5592,3082838959,Професійна акумуляторна мийка високого тиску для авто та дому портативна ручна,4274,2137,,0,Flash⚡Buy,218,True,https://prom.ua/ua/p3082838959-professionalnaya-akkumulyatornaya-mojka.html
мийка високого тиску для авто,5592,2903924722,"Акумуляторна мийка високого тиску для авто, з повним комплектом аксесуарів, 21V, сумка, коробка ASR431",5665,4078.80,,0,Інтернет-магазин Bigs,3352,True,https://prom.ua/ua/p2903924722-akkumulyatornaya-mojka-vysokogo.html
мийка високого тиску для авто,5592,2747738259,Мінімийка акумуляторна автомобільна акумуляторна мійка високої тиски портативна мийка для авто акумуляторна автомійка,2944,1472,,0,Flash⚡Buy,218,True,https://prom.ua/ua/p2747738259-minimojka-akkumulyatornaya-avtomobilnaya.html
мийка високого тиску для авто,5592,3057500849,"Мобільна мийка авто Kraft&Dele (3200W, 280 бар) Апарат миття авто, мийка високого тиску, апарат для мийки автомобіля, автомийка",13600,6800,,0,Check Fast,549,True,https://prom.ua/ua/p3057500849-mobilnaya-mojka-avto.html
мийка високого тиску для авто,5592,2984455146,Професійна мийка Grunhelm Мийка високого тиску Мийка для авто 2800 Вт Високопродуктивна садова мийка 520 л/год,13110,12299,,0,Захід ЮА,317,True,https://prom.ua/ua/p2984455146-professionalnaya-mojka-grunhelm.html
мийка високого тиску для авто,5592,1744129780,"Мийка високого тиску для авто Vitals TSH Am 7.0-140wr optimum (1800 Вт, 7л/хв)",5849,,,0,Toolshub,7544,True,https://prom.ua/ua/p1744129780-mojka-vysokogo-davleniya.html
мийка високого тиску для авто,5592,1919354635,"Мийка високого тиску для авто Vitals PAK Am 7.0-140wr optimum (1800 Вт, 7л/хв)",5849,,,0,Папа Карло,4539,True,https://prom.ua/ua/p1919354635-mojka-vysokogo-davleniya.html
мийка високого тиску для авто,5592,2650148236,"Мийка високого тиску 1400 Вт, 5.5-6.5 л/хв, 80-110 бар INTERTOOL DT-1513",3299,2650,5,1,ZAKLEPKA,655,True,https://prom.ua/ua/p2650148236-mojka-vysokogo-davleniya.html
мийка високого тиску для авто,5592,2843612130,Мийка високого тиску для авто YL-1700,3990,,,0,SPACE MALL,1243,True,https://prom.ua/ua/p2843612130-mojka-vysokogo-davleniya.html
мийка високого тиску для авто,5592,3131460112,Акумуляторна безщіткова мийка Krafftec Ручна мийка високого тиску для авто Апарат високого тиску для миття автомобіля 48V 8Ah,7478,3739,,0,ViktoriaMarket,220,True,https://prom.ua/ua/p3131460112-akkumulyatornaya-besschetochnaya-mojka.html
мийка високого тиску для авто,5592,3184428166,Універсальна мийка високого тиску для авто 2200 Вт Мийка високого тиску для дачі Bass Polska 7882,8004,4002,,0,Miravio,10,True,https://prom.ua/ua/p3184428166-universalnaya-mojka-vysokogo.html
мийка високого тиску для авто,5592,2795171823,Мийка високого тиску для авто CROWN stp CT42056,5400,,,0,Toolshub,7544,True,https://prom.ua/ua/p2795171823-mojka-vysokogo-davleniya.html
мийка високого тиску для авто,5592,3056497768,"Потужна мийка високого тиску для авто Kraft&Dele (2100W, 250BAR) Апарати високого тиску міні-мийка, мийка автомобіля будинку",11600,5800,,0,Check Fast,549,True,https://prom.ua/ua/p3056497768-moschnaya-mojka-vysokogo.html
мийка високого тиску для авто,5592,3056497776,"Потужна мийка високого тиску для авто Kraft&Dele (3400 Вт, 280 бар) Апарати високого тиску міні-мийка, мийка автомобіля будинку",38280,19140,,0,Check Fast,549,True,https://prom.ua/ua/p3056497776-moschnaya-mojka-vysokogo.html
мийка високого тиску для авто,5592,3219422980,Мощная автомойка KRAFT&DELE KD432 Мийка високого тиску для авто Польша,6396,,,0,К А В У Н,0,True,https://prom.ua/ua/p3219422980-moschnaya-avtomojka-kraft.html
мийка високого тиску для авто,5592,3124854836,"Акумуляторна мийка 48V 2 АКБ високого тиску для авто Бездротовий пістолет з насадками для миття машин, вікон та фасадів",2157,1078.50,5,2,Stitch,39,True,https://prom.ua/ua/p3124854836-akkumulyatornaya-mojka-48v.html
мийка високого тиску для авто,5592,2386999682,Мінімийка високого тиску Tora 1700 Вт 140 бар автомийка керхер мийка для авто апарат високого тиску,4075,2779,5,3,🔹 Фортеця Інструментів 🔹,1324,True,https://prom.ua/ua/p2386999682-minimojka-vysokogo-davleniya.html
мийка високого тиску для авто,5592,3027007380,Універсальні мийки високого тиску FERRUM FRCW-135B 135 бар 1850 Вт,4769,,,0,HardTools,72,True,https://prom.ua/ua/p3027007380-universalnye-mojki-vysokogo.html
мийка високого тиску для авто,5592,2616811924,"Мийка високого тиску Parkside PHD 170 D2 170 бар | Апарат для миття авто, фасадів, доріжок",12500,9300,,0,Blessed,468,True,https://prom.ua/ua/p2616811924-mijka-visokogo-tisku.html
мийка високого тиску для авто,5592,2999234909,Міні-мийка високого тиску Water Zoom / Насадка на садовий шланг для миття авто / Пістолет розпилювач,407.14,285,,0,Be Store,880,True,https://prom.ua/ua/p2999234909-mini-mojka-vysokogo.html
мийка високого тиску для авто,5592,2899592576,"Потужна мийка високого тиску (керхер) для авто Karcher K 5 Classic : 2.1 кВт, 145 бар, 500 л/год мінімийка",12000,10999,,0,TURUZM BIGTORG,114,True,https://prom.ua/ua/p2899592576-moschnaya-mojka-vysokogo.html
мийка високого тиску для авто,5592,1411974407,"Міні-мийка високого тиску Water Zoom, Жовта / Насадка розпилювач на шланг для авто / Портативна мийка для машини",407.14,285,5,3,OnlineMarket,34582,True,https://prom.ua/ua/p1411974407-mini-mojka-vysokogo.html
мийка високого тиску для авто,5592,2346977792,Портативна мийка високого тиску на 48v для миття авто та інших поверхонь! Товар хіт,1782.30,1247.61,,0,Уют и Красота,481,True,https://prom.ua/ua/p2346977792-portativnaya-mojka-vysokogo.html
мийка високого тиску для авто,5592,2634295272,Міні мийка високого тиску для авто 5 м Kärcher K 5 Classic мийка високого тиску для машин,14716.67,11479,,0,Kuvalda-shop,11682,True,https://prom.ua/ua/p2634295272-mini-mojka-vysokogo.html
мийка високого тиску для авто,5592,2764143361,"Мийка високого тиску Kraft&Dele KD432 200 бар, 2100 Вт, металевий насос",5222,4699.80,5,1,HotBuy Інтернет-магазин,679,True,https://prom.ua/ua/p2764143361-mojka-vysokogo-davleniya.html
автомобільний пилосос,3843,2470196961,Автомобільний бездротовий пилосос Moltis Q4 120W з турбо-режимом,2880,2592,5,3,Dealux,120,True,https://prom.ua/ua/p2470196961-avtomobilnyj-besprovodnoj-pylesos.html
автомобільний пилосос,3843,1489708471,"Пилосос автомобільний бездротовий Moltis M2 120W для сухого та вологого прибирання, акумуляторний 10001",1840,,5,2,Каракулі,609,True,https://prom.ua/ua/p1489708471-pylesos-avtomobilnyj-besprovodnoj.html
автомобільний пилосос,3843,2217161338,Автомобільний пилосос Baseus A3 lite Handy Vacuum Cleaner (12000pa) Black,2290,,,0,CLUBMAN тюнінг та автоаксесуари,2009,True,https://prom.ua/ua/p2217161338-avtomobilnij-pilosos-baseus.html
автомобільний пилосос,3843,2831316857,"Автомобільний пилосос акумуляторний 6000 mAh бездротовий для авто (VACUUM-01), Сірий",1865,1425,,0,Єврозона,382,True,https://prom.ua/ua/p2831316857-avtomobilnyj-pylesos-akkumulyatornyj.html
автомобільний пилосос,3843,2666399554,"Автомобільний акумуляторний пилосос - потужний бездротовий пилосос для салону авто, з турбощіткою",2199,1099.50,5,6,МЕГАТОП ✨,152,True,https://prom.ua/ua/p2666399554-avtomobilnyj-akkumulyatornyj-pylesos.html
автомобільний пилосос,3843,3176147420,Авто пилосос для машин Автомобільний пилосос новий для дому та машини Потужний Автомобільний пилосос бездротовий для авто 150 Вт,1798,899,,0,ProSellerShop,68,True,https://prom.ua/ua/p3176147420-avto-pylesos-dlya.html
автомобільний пилосос,3843,2363158194,"Бездротовий автомобільний пилосос 4 в 1 ST-6631 з функцією обдування та потужною батареєю 21В, чорний",930,845,,0,"""Комфорт Продукт""",2664,False,https://prom.ua/ua/p2363158194-besprovodnoj-avtomobilnyj-pylesos.html
автомобільний пилосос,3843,3032320016,Авто пилосос автомобільний пилосос акумуляторний бездротовий 120 Вт USB з кабелем,1800,1399,4.6,5,TOP.SHOP,943,True,https://prom.ua/ua/p3032320016-avto-pylesos-avtomobilnyj.html
автомобільний пилосос,3843,3211911229,"Автомобільний пилосос 4в1 акумуляторний 60 хв, компресор, манометр, ліхтарик, 120 Вт від прикурювача",1277,613,,0,⭐️ 𝐌𝐄𝐆𝐀𝐑𝐎𝐙𝐏𝐑𝐎𝐃𝐀𝐙𝐇 ⭐️ –  Найновіші товари за найдоступнішими цінами,1988,True,https://prom.ua/ua/p3211911229-avtomobilnyj-pylesos-4v1.html
автомобільний пилосос,3843,3064675238,Автомобільний пилосос SUITU ST-6659 Plus 16000 Па потужності у компактному корпусі,2598,1299,,0,ATAMAN SHOP,164,True,https://prom.ua/ua/p3064675238-avtomobilnyj-pylesos-suitu.html
автомобільний пилосос,3843,3034852005,Автомобільні пилососи DeWalt 48V Автомобільний пилосос для дому та машини (Автомобільний пилосос на акумуляторі) Машинний пилосос,6596,3298,4.5,2,ViktoriaMarket,220,True,https://prom.ua/ua/p3034852005-avtomobilnye-pylesosy-dewalt.html
автомобільний пилосос,3843,2641178756,Автомобільний пилосос ручний акумуляторний Silver Crest збирання рідин щілинна насадка,1315,,,0,Euroteh,715,True,https://prom.ua/ua/p2641178756-avtomobilnyj-pylesos-ruchnoj.html
автомобільний пилосос,3843,3053204815,Автомобільний пилосос бездротовий Suitu ST-8007C акумуляторний для автомобіля 14000Pa з функцією видування + комплект насадок,2798,1399,5,1,Style Drive,235,True,https://prom.ua/ua/p3053204815-avtomobilnyj-pylesos-besprovodnoj.html
автомобільний пилосос,3843,3191301750,Автомобільний пилосос потужний від прикурювача Ручний акумуляторний автомобільний пилосос Автопилосос для прибирання 2 насадки,1080,540,,0,NaVixo,33,True,https://prom.ua/ua/p3191301750-avtomobilnyj-pylesos-moschnyj.html
автомобільний пилосос,3843,2180821709,Міні ручний пилосос для дому та машини бездротовий потужний пилосос автомобільний з мийним фільтром Hoco 80 Вт,1840,1288,,0,Shop Ist,1731,True,https://prom.ua/ua/p2180821709-mini-ruchnoj-pylesos.html
автомобільний пилосос,3843,1835454017,Пилосос від прикурювача для авто /Портативний авто пилосос / Ручний автомобільний пилосос,518,417,,0,Shopka.com.ua,6523,True,https://prom.ua/ua/p1835454017-pylesos-prikurivatelya-dlya.html
автомобільний пилосос,3843,3150662582,Автомобільний пилосос Baseus A5 Handy Vacuum Cleaner (16000pa) Black,3699,2689,,0,Techno Plus,3740,True,https://prom.ua/ua/p3150662582-avtomobilnyj-pylesos-baseus.html
автомобільний пилосос,3843,2295187449,Aspiring Потужний Автомобільний Пилосос USB Акумуляторний Пилосос для Машини та Будинку Ручний Автопилосос Бездротовий 200W,2290,2190,5,7,TopKey,5242,True,https://prom.ua/ua/p2295187449-aspiring-moschnyj-avtomobilnyj.html
автомобільний пилосос,3843,3184103822,Акумуляторний автомобільний пилосос Krafftec Germany 48V 2 АКБ 5Ah безщітковий ручний пилосос для авто з насадками,6398,3199,,0,FENIX_UA,149,True,https://prom.ua/ua/p3184103822-akkumulyatornyj-avtomobilnyj-pylesos.html
автомобільний пилосос,3843,1748052913,Автомобільний пилосос Baseus A3 Car Vacuum Cleaner 15000Pa 135W чорний (CRXCQA3-0A),3999,2799,4,1,EriksAnn,3838,True,https://prom.ua/ua/p1748052913-avtomobilnyj-pylesos-baseus.html
автомобільний пилосос,3843,1847510349,"Автомобільний пилосос від прикурювача Winso 110Вт, 250200. Автомобільний пилосос Winso 250200",770,677.60,5,1,"""3S-Avto"" Інтернет-магазин",10070,True,https://prom.ua/ua/p1847510349-avtomobilnyj-pylesos-winso.html
автомобільний пилосос,3843,3034886167,Автопилосос DeWalt Пилосос для машин (Автопилосос) Автомобільний пилосос потужний (Міні пилосос для машини),6594,3297,5,9,ViktoriaMarket,220,True,https://prom.ua/ua/p3034886167-avto-pylesos-dewalt.html
автомобільний пилосос,3843,3202335097,Автомобільний пилосос Krafftec ручний пилосос для авто на акумуляторі 0.7 L комплект автомобільний пилосос (6насадок),6184,3092,,0,RedShop,134,True,https://prom.ua/ua/p3202335097-avtomobilnyj-pylesos-krafftec.html
автомобільний пилосос,3843,2671367351,"Акумуляторний автомобільний пилосос DCV501LN-XJ 36 V, 6 AH АКБ пилосос.",2590,,5,1,"Інтернет-магазин ""Fortuna""",1904,True,https://prom.ua/ua/p2671367351-akkumulyatornyj-avtomobilnyj-pylesos.html
автомобільний пилосос,3843,2761522166,Автомобільний бездротовий пилосос із насадками та акумулятором. Ручний міні пилосос,607,485.60,5,1,Інтернет-магазин focus-shop,5327,True,https://prom.ua/ua/p2761522166-avtomobilnyj-besprovodnoj-pylesos.html
автомобільний пилосос,3843,2619882358,Автомобільний пилосос Proove Void Assistant C3 (PAVC31201201) [134832],2499,2229,,0,«Touch» - інтернет-магазин електроніки та гаджетів,15627,True,https://prom.ua/ua/p2619882358-avtomobilnyj-pylesos-proove.html
автомобільний пилосос,3843,2402899218,Автомобільний пилосос USAMS US-ZB253 Mini Handheld Vacuum Cleaner LEJ Series White (XCQZB25301),599,,,0,Mobile Store - супермаркет гаджетів,3032,True,https://prom.ua/ua/p2402899218-avtomobilnyj-pylesos-usams.html
автомобільний пилосос,3843,2544231626,Автомобільний пилосос Baseus A0 Pro 4kPa Black (C30466500111-00) [116783],1399,799,,0,«Touch» - інтернет-магазин електроніки та гаджетів,15627,True,https://prom.ua/ua/p2544231626-avtomobilnyj-pylesos-baseus.html
автомобільний пилосос,3843,2015097896,Автомобільний пилосос Baseus A2 Pro Car Vacuum Cleaner (VCAQ040001) [82346],1799,1299,,0,«Touch» - інтернет-магазин електроніки та гаджетів,15627,True,https://prom.ua/ua/p2015097896-avtomobilnyj-pylesos-baseus.html
автомобільний пилосос,3843,2370458510,"Автомобільний бездротовий пилосос Moltis M2 120W, ручний акумуляторний для сухого та вологого прибирання",1990,1791,,0,Dealux,120,True,https://prom.ua/ua/p2370458510-avtomobilnyj-besprovodnoj-pylesos.html
автомобільний пилосос,3843,1489708471,"Пилосос автомобільний бездротовий Moltis M2 120W для сухого та вологого прибирання, акумуляторний 10001",1840,,5,2,Каракулі,609,True,https://prom.ua/ua/p1489708471-pylesos-avtomobilnyj-besprovodnoj.html
автомобільний пилосос,3843,2232629194,"Потужний автомобільний пилосос SUiTU 6000 mAh, 120 W, автопилосос безщітковий двигун, 9 насадок",2399,,5,2,Інтернет-магазин «Gadgetarium»,4190,True,https://prom.ua/ua/p2232629194-moschnyj-avtomobilnyj-pylesos.html
автомобільний пилосос,3843,2452630439,"Автомобільний пилосос Moltis N7, 120 Вт, дротовий, Black/Red, підключення до прикурювача",1550,1395,,0,Dealux,120,True,https://prom.ua/ua/p2452630439-avtomobilnyj-pylesos-moltis.html
автомобільний пилосос,3843,2364856406,"Автомобільний портативний пилосос Baseus AP01 Handy Vacuum Cleaner 85 Вт 5000 Па безпровідний пилосос, чорний",2946,2209.50,,0,Televik - мобільні аксесуари та гаджети,896,True,https://prom.ua/ua/p2364856406-avtomobilnyj-portativnij-pylesos.html
автомобільний пилосос,3843,2370458509,"Автомобільний дротовий пилосос Moltis K8 120 Вт, чорний, для сухого та вологого прибирання",1550,1395,5,2,Dealux,120,True,https://prom.ua/ua/p2370458509-avtomobilnyj-provodnoj-pylesos.html
автомобільний пилосос,3843,2472675029,Автомобільний пилосос XO CZ019 для дому та авто 5000 mAh 80 Вт,1799,,,0,Інтернет-магазин «Gadgetarium»,4190,True,https://prom.ua/ua/p2472675029-avtomobilnyj-pylesos-cz019.html
автомобільний пилосос,3843,3139423721,Автомобільний пилосос Usams US-ZB108-1 Mini Handheld Vacuum Cleaner Black XCQZB10801,1571,,,0,"""Орбіта""",679,True,https://prom.ua/ua/p3139423721-avtomobilnyj-pylesos-usams.html
автомобільний пилосос,3843,3139423722,Автомобільний пилосос Usams US-ZB253 Mini Handheld Vacuum Cleaner LEJ Series White XCQZB25301,1295,,,0,"""Орбіта""",679,True,https://prom.ua/ua/p3139423722-avtomobilnyj-pylesos-usams.html
автомобільний пилосос,3843,2666399554,"Автомобільний акумуляторний пилосос - потужний бездротовий пилосос для салону авто, з турбощіткою",2199,1099.50,5,6,МЕГАТОП ✨,152,True,https://prom.ua/ua/p2666399554-avtomobilnyj-akkumulyatornyj-pylesos.html
автомобільний пилосос,3843,1748052913,Автомобільний пилосос Baseus A3 Car Vacuum Cleaner 15000Pa 135W чорний (CRXCQA3-0A),3999,2799,4,1,EriksAnn,3838,True,https://prom.ua/ua/p1748052913-avtomobilnyj-pylesos-baseus.html
автомобільний пилосос,3843,3219635635,Автомобільний пілосос Vention 5000Pа 70W Li-Ion USB-C 4000мА/г синій brooklyn,2288,1830,,0,Brooklyn,573,True,https://prom.ua/ua/p3219635635-avtomobilnij-pilosos-vention.html
автомобільний пилосос,3843,2451629801,Автомобільний пилосос вакуумний ручний на акумуляторі бездротовий для прибирання автопилосос,949,479,,0,💡 SVITAЄ - Перевірена техніка для дому та гаджети для догляду за собою,1934,True,https://prom.ua/ua/p2451629801-avtomobilnyj-pylesos-vakuumnyj.html
автомобільний пилосос,3843,2933746870,Автомобільний пилосос потужний бездротовий портативний на акумуляторі для сухого прибирання автопилосос ручний для догляду салону,949,559,,0,💡 SVITAЄ - Перевірена техніка для дому та гаджети для догляду за собою,1934,True,https://prom.ua/ua/p2933746870-avtomobilnyj-pylesos-moschnyj.html
автомобільний пилосос,3843,3087591773,Автомобільний пилосос Baseus vacuum cleaner Басеус автопилосос для авто акумуляторний бездротовий авто пилосос портативний,2000,1699,,0,BELIYO TOP,2581,True,https://prom.ua/ua/p3087591773-avtomobilnyj-pylesos-baseus.html
автомобільний пилосос,3843,2811652505,Зручний пилосос для автомобіля та домашнього використання Автомобільний автопилосос Портативні пилососи,1270,635,,0,🔱 «Dream Place» Компетентність! Якість товару! Швидка відправка! ✅,180,True,https://prom.ua/ua/p2811652505-udobnyj-pylesos-dlya.html
автомобільний пилосос,3843,2811652506,Пилосос автомобільний портативний із насадками Бездротовий пилосос для автомобіля PRO Пилосос для машин,1268,634,,0,🔱 «Dream Place» Компетентність! Якість товару! Швидка відправка! ✅,180,True,https://prom.ua/ua/p2811652506-pylesos-avtomobilnyj-portativnyj.html
автомобільний пилосос,3843,2811652514,Міні автомобільний пилосос для дому та машини Пилосос для хімчистки салону автомобіля Vacuum Cleaner,1252,626,2,1,🔱 «Dream Place» Компетентність! Якість товару! Швидка відправка! ✅,180,True,https://prom.ua/ua/p2811652514-mini-avtomobilnyj-pylesos.html
автомобільний пилосос,3843,2379116874,Пилосос автомобільний Белавто BA-53 Торнадо,757,,5,1,Autohobby.IF,285,True,https://prom.ua/ua/p2379116874-avtopilosos-avtomobilnij-belavto.html
автомобільний пилосос,3843,2421094493,"Портативний пилосос для машини, автомобільний бездротовий пилосос, міні-пилосос для автомобіля",1798,899,5,1,EVAPUZZLE,807,True,https://prom.ua/ua/p2421094493-portativnyj-pylesos-dlya.html
автомобільний пилосос,3843,2811652513,Автомобільний пилосос для глибокого прибирання Міні ручний пилосос для авто на акумуляторі для дому та машини,1254,627,,0,🔱 «Dream Place» Компетентність! Якість товару! Швидка відправка! ✅,180,True,https://prom.ua/ua/p2811652513-avtomobilnyj-pylesos-dlya.html
автомобільний пилосос,3843,2537364617,Акумуляторний ручний автомобільний пилосос із 5 насадками,800,700,,0,👍 Dik.net.ua - Інтернет магазин,1012,True,https://prom.ua/ua/p2537364617-akkumulyatornyj-ruchnoj-avtomobilnyj.html
автомобільний пилосос,3843,2662728213,Автомобільний акумуляторний портативний пилосос Vacuum Cleaner,880,,,0,👍 Dik.net.ua - Інтернет магазин,1012,True,https://prom.ua/ua/p2662728213-avtomobilnyj-akkumulyatornyj-portativnyj.html
автомобільний пилосос,3843,3166484466,"Автомобільний акумуляторний пилосос AS-228 120 Вт для сухого та вологого прибирання, пилосос для авто",500,,,0,Euro-Sklep,145,False,https://prom.ua/ua/p3166484466-avtomobilnyj-akkumulyatornyj-pylesos.html
автомобільний пилосос,3843,3034890120,Автомобільні пилососи DeWalt Пилосос для машин (Міні-пилосос для автомобіля та дому) Автомобільний пилосос на акумуляторі (Чехія),7018,3509,5,3,NovaMarket,93,True,https://prom.ua/ua/p3034890120-avtomobilnye-pylesosy-dewalt.html
автомобільний пилосос,3843,2293689553,Автомобільний пилосос Baseus AP01 Handy Vacuum Cleaner (5000pa) Black,2299,,,0,Family Bags,717,True,https://prom.ua/ua/p2293689553-avtomobilnij-pilosos-baseus.html
автомобільний пилосос,3843,2709795665,Пилосос ручний міні Suitu бездротовий акумуляторний портативний автомобільний для дому та машини,1590,,5,1,Berlin-tehniks,373,True,https://prom.ua/ua/p2709795665-pylesos-ruchnoj-mini.html
автомобільний пилосос,3843,2266969986,"Автомобільний акумуляторний пилосос 15000Pa для авто та будинку, 5 HEPA фільтрів та сумка для зберігання HL 107",1768,1598,5,10,Інтернет-магазин Evgitech,938,True,https://prom.ua/ua/p2266969986-avtomobilnyj-akkumulyatornyj-pylesos.html
автомобільний пилосос,3843,1688041110,Уцінка! Потужний автомобільний пилосос 15000 Pa Baseus A3 Car Vacuum Cleaner (CRXCQA3-0A) Black,2700,,5,2,Baseus.in.ua,819,False,https://prom.ua/ua/p1688041110-utsenka-moschnyj-avtomobilnyj.html
зарядний пристрій для авто бездротовий,5640,3216545993,Зарядний пристрій бездротовий MagSafe 15 Вт швидке заряджання 5Вт 7.5Вт 10Вт 15Вт USB Type C Новий гарантія 3 місяці,600,,,0,Dobruy Nout,12,False,https://prom.ua/ua/p3216545993-zaryadnoe-ustrojstvo-besprovodnoe.html
зарядний пристрій для авто бездротовий,5640,3099953470,"Зарядний пристрій USB для кораблика (заряджання від повербанку, станції, авто)",348,,,0,ТОПЧИК,64,True,https://prom.ua/ua/p3099953470-zaryadnoe-ustrojstvo-usb.html
зарядний пристрій для авто бездротовий,5640,2522287161,Бездротовий зарядний пристрій iPhone 8 Plus iPhone X Samsung Бездротова зарядка 100 Вт 100W Type-C,199,,3.8,4,НашаСкриня,1804,True,https://prom.ua/ua/p2522287161-bezdrotovij-zaryadnij-pristrij.html
зарядний пристрій для авто бездротовий,5640,3146628673,"Зарядний пристрій для акумулятора авто 12 V/24 V, Імпульсне автозаряджання 10A/5A з мікропроцесорним керуванням",2396,1198,,0,Універсаль,310,True,https://prom.ua/ua/p3146628673-zaryadnoe-ustrojstvo-dlya.html
зарядний пристрій для авто бездротовий,5640,1889380120,Магнітне кільце для телефона Magsafe універсальна металева наклейка підтримка бездротового зарядного пристрою,110,,4.5,8,"Інтернет-магазин ""Vegvisir""",7187,True,https://prom.ua/ua/p1889380120-magnitnoe-koltso-dlya.html
зарядний пристрій для авто бездротовий,5640,3119930199,Бездротовий зарядний пристрій 30W 2 у 1,540,421.20,,0,Big-Lavka,9956,True,https://prom.ua/ua/p3119930199-bezdrotovij-zaryadnij-pristrij.html
зарядний пристрій для авто бездротовий,5640,2806725383,"Імпульсний автоматичний зарядний пристрій для акумулятора авто 12В, автоматична зарядка для авто АКБ",1390,695,4.8,6,GoodShop,148,True,https://prom.ua/ua/p2806725383-impulsnoe-avtomaticheskoe-zaryadnoe.html
зарядний пристрій для авто бездротовий,5640,2341258726,Магнітна бездротова зарядка для айфона Apple MagSafe Type-C зарядний пристрій для iPhone 16 15 14 13 12 11 Х 8 LEXEGO Black,900,299,4.9,25,HI-TEC,1500,True,https://prom.ua/ua/p2341258726-magnitnaya-besprovodnaya-zaryadka.html
зарядний пристрій для авто бездротовий,5640,2341258725,Магнітна бездротова зарядка для айфона Apple MagSafe Type-C зарядний пристрій для iPhone 16 15 14 13 12 11 Х 8 LEXEGO White,900,299,4.9,27,HI-TEC,1500,True,https://prom.ua/ua/p2341258725-magnitnaya-besprovodnaya-zaryadka.html
зарядний пристрій для авто бездротовий,5640,2597039406,"Foxsur зарядний пристрій для акумулятора авто, 7a модель FBC1207 Імпульсне 7-ступеневе",1200,749,4.8,56,"Інтернет магазин ""My Car Store""",4325,True,https://prom.ua/ua/p2597039406-foxsur-zaryadnoe-ustrojstvo.html
зарядний пристрій для авто бездротовий,5640,2529406070,"Кейс чохол для пускозарядного пристрою Baseus, для зберігання та перевезення в авто, жовтий/чорний",399,349,5,50,"Інтернет магазин ""My Car Store""",4325,True,https://prom.ua/ua/p2529406070-kejs-chehol-dlya.html
зарядний пристрій для авто бездротовий,5640,2955421370,"Імпульсний зарядний пристрій ОРИГІНАЛ Foxsur FBC1205 12v 5-6A для авто, мото акумуляторів",700,,5,7,CardaN,258,True,https://prom.ua/ua/p2955421370-impulsnoe-zaryadnoe-ustrojstvo.html
зарядний пристрій для авто бездротовий,5640,2533782622,"Імпульсний зарядний пристрій для акумуляторів 12 V 6 А Інтелектуальне заряджання авто, мото, скутерів LF227",405,,4.3,14,LiviFine,3593,True,https://prom.ua/ua/p2533782622-impulsnoe-zaryadnoe-ustrojstvo.html
зарядний пристрій для авто бездротовий,5640,3076490880,"Зарядний пусковий пристрій для запуску авто JumpStarter, Пусковий бустер 600-1200 А/10800 мА·год, Пусковий для авто",3598,1799,4.8,4,BogomDanSHOP⭐⭐⭐⭐⭐,27,True,https://prom.ua/ua/p3076490880-zaryadnoe-puskovoe-ustrojstvo.html
зарядний пристрій для авто бездротовий,5640,3024219470,"Зарядний пристрій для акумуляторів 6V/12V 6A JMD-6S з LCD дисплеєм, інтелектуальна зарядка для авто та мото АКБ",396,,4.9,14,GreatMix,5003,True,https://prom.ua/ua/p3024219470-zaryadnoe-ustrojstvo-dlya.html
зарядний пристрій для авто бездротовий,5640,2519454230,"FOXSUR (12V 8A / 24V 4A) FBC122408D - імпульсний зарядний пристрій для легкових та вантажних авто, 6-150Ah",1698,849,4.9,27,Your Market,4542,True,https://prom.ua/ua/p2519454230-foxsur-12v-8a24v.html
зарядний пристрій для авто бездротовий,5640,3052978664,"Зарядний пристрій для авто та мото 12V 6A , імпульсний, AGM/GEL/SLA",700,,,0,AC/DC ELECTRO,328,True,https://prom.ua/ua/p3052978664-zaryadnij-pristrij-dlya.html
зарядний пристрій для авто бездротовий,5640,3011624227,Пусковий пристрій для авто з компресором MHZ Jump Starter 10411 18B,2240,1895,,0,Мегатуризм,3139,False,https://prom.ua/ua/p3011624227-puskovoe-ustrojstvo-dlya.html
зарядний пристрій для авто бездротовий,5640,2977210095,"Бездротовий зовнішній зарядний пристрій Power Bank Nitecore NW5000 (QC 3.0, 5000mAh)",3780,,,0,Adventure Gear,64,True,https://prom.ua/ua/p2977210095-besprovodnoe-vneshnee-zaryadnoe.html
зарядний пристрій для авто бездротовий,5640,2830332803,"Зарядний пристрій для авто та мото (12V 6A), інтелектуальна зарядка для АКБ з РК-дисплеєм код 851302",1021.02,512.04,3.7,3,Magnat-Shop,324,True,https://prom.ua/ua/p2830332803-zaryadnoe-ustrojstvo-dlya.html
зарядний пристрій для авто бездротовий,5640,2643895794,Бездротовий зарядний пристрій(підставка) 40W для телефону iPhone та Android(Samsung) - Чорний(Black),360,324,5,1,BITCOOLER,505,True,https://prom.ua/ua/p2643895794-bezprovodnaya-zaryadkapodstavka-40w.html
зарядний пристрій для авто бездротовий,5640,2994713891,Автомобільний пуско зарядний пристрій бустер для авто J34 пусковий пристрій Червоний,2399,1699,,0,geo-market.com.ua,6334,True,https://prom.ua/ua/p2994713891-avtomobilnoe-pusko-zaryadnoe.html
зарядний пристрій для авто бездротовий,5640,1264235984,Зарядний пристрій 12В 6А для авто і мото АКБ Elegant Plus EL 100 440 трансформаторного типу,897,,,0,Авто7я. Інтернет-магазин автотоварів avto7ya.com.ua,2163,True,https://prom.ua/ua/p1264235984-transformatornoe-zaryadnoe-ustrojstvo.html
зарядний пристрій для авто бездротовий,5640,2015971054,"Бездротовий зарядний пристрій BOROFONE BQ14 білий 22.5W, Безпровідна швидка зарядка-підставка борофон 22.5 ват",2150,1075,,0,kiwi-shop,4129,True,https://prom.ua/ua/p2015971054-bezdrotovij-zaryadnij-pristrij.html
зарядний пристрій для авто бездротовий,5640,1428405381,"Автоматичний зарядний пристрій для акумулятора авто Foxsur 5А FBC1205, розумна зарядка",1100,649,4.9,157,"Інтернет магазин ""My Car Store""",4325,True,https://prom.ua/ua/p1428405381-avtomaticheskoe-zaryadnoe-ustrojstvo.html
зарядний пристрій для авто бездротовий,5640,2751850402,Пуско-зарядний пристрій 200A 12/24В AL-FA ALCC7,3394.34,,,0,Інтернет-магазин EUROCRAFT,306,True,https://prom.ua/ua/p2751850402-pusko-zaryadnoe-ustrojstvo.html
зарядний пристрій для авто бездротовий,5640,3135512263,Зарядний пристрій для акумулятора HP227 12V 6A автоматичний імпульсний для автомобільних АКБ AGM GEL LCD дисплей,900,450,5,3,Korka Store,17,True,https://prom.ua/ua/p3135512263-zaryadnoe-ustrojstvo-dlya.html
зарядний пристрій для авто бездротовий,5640,1927187636,"Автоматичний зарядний пристрій для акумулятора авто Foxsur 8А 12В/24В 4А, розумна зарядка",1700,850,3.2,5,texno365,2381,True,https://prom.ua/ua/p1927187636-avtomatichnij-zaryadnij-pristrij.html
зарядний пристрій для авто бездротовий,5640,1823613119,HTRC P20 Зарядний пристрій для акумуляторів авто AGM LiFePO4 Li-ion на 20Aмпер Smart charging 12/24Вольт,2020,,5,14,BuySell,1364,True,https://prom.ua/ua/p1823613119-htrc-p20-zaryadnoe.html
зарядний пристрій для авто бездротовий,5640,1674015214,"Розумний зарядний пристрій для авто акумуляторів 12В-12А 24В-6А ЖК FBC122412D, 106204",1440,1218,5,28,"Інтернет магазин ""Горячий Стиль""",5546,True,https://prom.ua/ua/p1674015214-umnoe-zaryadnoe-ustrojstvo.html
зарядний пристрій для авто бездротовий,5640,3007468988,"Бездротовий зарядний пристрій UGREEN 90668 2-в-1, магнітна зарядна станція для iPhone та AirPods, Qi/MagSafe",1550,,,0,DuoPrime,135,False,https://prom.ua/ua/p3007468988-besprovodnoe-zaryadnoe-ustrojstvo.html
зарядний пристрій для авто бездротовий,5640,2800831643,Універсальний зарядний пристрій HTRC P20 12V/24V 20A smart charger для авто ремонт акумулятора,2800,2490,4.8,22,Mikc Makc,1342,True,https://prom.ua/ua/p2800831643-universalnoe-zaryadnoe-ustrojstvo.html
зарядний пристрій для авто бездротовий,5640,2243329561,Бездротовий зарядний пристрій Q900 3in1 для зарядки iPhone/Apple Watch/AirPods,775,,5,1,"Інтернет-магазин ""КоСтиль"" costil",467,True,https://prom.ua/ua/p2243329561-bezdrotovij-zaryadnij-pristrij.html
зарядний пристрій для авто бездротовий,5640,3099397298,Тримач зарядного пристрою для електромобілів настінне кріплення для зарядки авто універсальний,399,,,0,zavodim shop,29,True,https://prom.ua/ua/p3099397298-derzhatel-zaryadnogo-ustrojstva.html
зарядний пристрій для авто бездротовий,5640,3099410560,"Зарядний пристрій для автомобільних акумуляторів WORCRAFT BC-219, авто зарядний пристрій",3810,2990,,0,I-Box,752,True,https://prom.ua/ua/p3099410560-zaryadnoe-ustrojstvo-dlya.html
зарядний пристрій для авто бездротовий,5640,3185896417,"Розумний зарядний пристрій для авто акумулятора 12В 10А XJB1210-2, LCD, AGM GEL, відновлення",853,735,5,2,KRONS інтернет-магазин,9000,True,https://prom.ua/ua/p3185896417-umnoe-zaryadnoe-ustrojstvo.html
зарядний пристрій для авто бездротовий,5640,1761607887,"Зарядний пристрій для акумуляторів Battery Charger 30A MA-1230A, Акумуляторна зарядка для авто",3834,1342,,0,💫 𝐎𝐍𝐋𝐈𝐍𝐄 𝐌𝐀𝐑𝐊𝐄𝐓 💫 – Актуальні товари за найвигіднішими цінами!,6973,True,https://prom.ua/ua/p1761607887-zaryadnoe-ustrojstvo-dlya.html
зарядний пристрій для авто бездротовий,5640,3129184150,Зарядний трансформаторний пристрій MAXION MXCT PLUS-20ВТ (12/24 В; 20А) для авто,2653,2520,3.7,3,Pesticides.ua - Аграрна продукція і не тільки !!!,287,True,https://prom.ua/ua/p3129184150-zaryadnoe-transformatornoe-ustrojstvo.html
зарядний пристрій для авто бездротовий,5640,2918753598,Пуско-зарядний пристрій для авто Jump Starter A1 1500A 22200mWh з LED-дисплеєм та Type-C,2649,,,0,ЕЛЕДІМ,54,True,https://prom.ua/ua/p2918753598-pusko-zaryadnoe-ustrojstvo.html
зарядний пристрій для авто бездротовий,5640,2747601740,Зарядний пристрій для акумулятора 12В/6А / Імпульсна зарядка для авто та мото акумуляторів,698.58,489.01,5,3,Homstera,2309,True,https://prom.ua/ua/p2747601740-zaryadnoe-ustrojstvo-dlya.html
зарядний пристрій для авто бездротовий,5640,3186416446,Зарядний пристрій для Apple Watch Magnetic бездротове зарядний пристрій для смарт годин Apple Watch Charging Cable (1m),250,,,0,Сонечко,174,True,https://prom.ua/ua/p3186416446-zaryadnij-pristrij-dlya.html
зарядний пристрій для авто бездротовий,5640,1764259566,Бездротовий зарядний пристрій Fast Charge Samsung,1227,993.87,,0,MyTorg-ukr,7189,False,https://prom.ua/ua/p1764259566-bezdrotovij-zaryadnij-pristrij.html
зарядний пристрій для авто бездротовий,5640,3151761043,Зарядний пристрій для акумулятора авто 12v 6A імпульсний - для кислотних та гелевих,520,,5,1,Drag-auto,1595,True,https://prom.ua/ua/p3151761043-zaryadnoe-ustrojstvo-dlya.html
зарядний пристрій для авто бездротовий,5640,2798521690,Зарядний пристрій EAFC для акумуляторів 12 В 6 А,549,,5,1,Shopflesh,179,True,https://prom.ua/ua/p2798521690-zaryadnoe-ustrojstvo-eafc.html
зарядний пристрій для авто бездротовий,5640,2456515465,Бездротовий зарядний пристрій 15W Швидка зарядка FREE Electronics. Для iPhone та Андроїд,350,320,3,2,Gadget Land,273,True,https://prom.ua/ua/p2456515465-besprovodnoe-zaryadnoe-ustrojstvo.html
зарядний пристрій для авто бездротовий,5640,1304055606,Бездротовий зарядний пристрій Ipsky Qi для Iphone,730,591.30,,0,MyTorg-ukr,7189,True,https://prom.ua/ua/p1304055606-bezdrotovij-zaryadnij-pristrij.html
зарядний пристрій для авто бездротовий,5640,1082532278,Бездротовий зарядний пристрій Ipsky Qi для Iphone,730,511,,0,Оптовичок - Одеса,11206,True,https://prom.ua/ua/p1082532278-bezdrotovij-zaryadnij-pristrij.html
зарядний пристрій для авто бездротовий,5640,2734031870,Магнітний бездротовий зарядний пристрій- тримач AeronCharge для авто | Підтримка MagSafe,599,,5,1,RoomPixel,82,True,https://prom.ua/ua/p2734031870-magnitnij-bezdrotovij-zaryadnij.html
зарядний пристрій для авто бездротовий,5640,2208397151,Бездротовий зарядний пристрій iPhone 8 Plus iPhone X Samsung Бездротова зарядка 15 Вт 15W Type-C,199,,,0,ФайнийShop,1257,True,https://prom.ua/ua/p2208397151-besprovodnoe-zaryadnoe-ustrojstvo.html
зарядний пристрій для авто бездротовий,5640,3187418281,"Кращий портативний Зарядний пусковий пристрій +компресор для авто,Джамп Стартери зарядка для дизеля poiuy",2731,1365.50,,0,постійні знижки для кожного,7,True,https://prom.ua/ua/p3187418281-luchshee-portativnoe-zaryadno.html
зарядний пристрій для авто бездротовий,5640,1854872107,"Автоматичний розумний зарядний пристрій для авто, мотоакумуляторів Autozyx j30 12V-24V 8A (Anhtczyx)",1072,889.76,5,3,𝐓𝐞𝐡-𝐊𝐥𝐢𝐦𝐚𝐭,3451,True,https://prom.ua/ua/p1854872107-avtomatichnoe-umnoe-zaryadnoe.html
зарядний пристрій для авто бездротовий,5640,1389093613,Зарядний пристрій для авто Intertool STP AT-3025,2499,1915,5,3,«Море инструментов»,7839,True,https://prom.ua/ua/p1389093613-zaryadnoe-ustrojstvo-dlya.html
зарядний пристрій для авто бездротовий,5640,3113930907,"Зарядка для авто / Автомобільна зарядка для акумулятора, 30A, ERYUAN MA-1230A, Чорний / Зарядний пристрій для акумуляторів 12V",1550,1085,5,1,EasyBuy,787,True,https://prom.ua/ua/p3113930907-zaryadka-dlya-avto.html
зарядний пристрій для авто бездротовий,5640,2254828810,Бездротовий зарядний пристрій 4 у 1 з LED підсвічуванням 30 Вт,911,737.91,1,1,MyTorg-ukr,7189,True,https://prom.ua/ua/p2254828810-bezdrotovij-zaryadnij-pristrij.html
зарядний пристрій для авто бездротовий,5640,2889739327,Портативні пускові пристрої JUMP STARTER Пускове для авто 12 В пусковий прилад для двигуна автомобіля,3456,1728,,0,🔱 «Saturn» Компетентність! Якість товару! Швидка відправка! ✅,320,True,https://prom.ua/ua/p2889739327-portativnye-puskovye-ustrojstva.html
зарядний пристрій для авто бездротовий,5640,1640315969,Бездротовий зарядний пристрій 3 в 1 Qi 10 Вт для iPhone 11 12X8 Samsung Apple Watch Airpods Pro iWatch,1157,,,0,"Твій ШОП МЕГА корисних речей ""Механік""",2136,False,https://prom.ua/ua/p1640315969-bezdrotovij-zaryadnij-pristrij.html
зарядний пристрій для авто бездротовий,5640,1725881596,"Зарядний пристрій ""ALLIGATOR"" для авто,мото акумулятора 6 амперів 6-12 В",988,,5,1,AriArt Auto,3358,False,https://prom.ua/ua/p1725881596-zaryadnoe-ustrojstvo-alligator.html
зарядний пристрій для авто бездротовий,5640,2856596051,"Автомобільний зарядний пристрій OHLPRO для MagSafe для iPhone Бездротовий автомобільний зарядний пристрій, Stick on Dashboard",800,640,5,1,Stok_technics,1160,True,https://prom.ua/ua/p2856596051-avtomobilnoe-zaryadnoe-ustrojstvo.html
відеореєстратор,4899,2703614149,"Автомобільний відеореєстратор HOCO 3 камери Wi-Fi DVR Full HD 720P нічна зйомка паркування G-сенсор, підтримка 128 ГБ, чорний",2000,1550,5,1,Kupimo Shop,206,True,https://prom.ua/ua/p2703614149-avtomobilnyj-videoregistrator-hoco.html
відеореєстратор,4899,2949174421,"Автомобільний відеореєстратор DVR T655 HDR LCD 4"" Full Hd 3 камери з камерою заднього огляду та датчиком удару",1398,699,5,3,HardLine Store,519,True,https://prom.ua/ua/p2949174421-avtomobilnyj-videoregistrator-dvr.html
відеореєстратор,4899,1443846523,Відеореєстратор автомобільний з 3 камерами і 4 дюймoвим екраном зі зйомкою салону і Відео парковка,1000,775,4.8,12,UNIT STORE - інтернет-магазин для всієї родини,4674,True,https://prom.ua/ua/p1443846523-videoregistrator-avtomobilnyj-kamerami.html
відеореєстратор,4899,2441319990,Автомобільний відеореєстратор 70mai Dash Cam A510 [114038],5499,4989,,0,«Touch» - інтернет-магазин електроніки та гаджетів,15627,True,https://prom.ua/ua/p2441319990-avtomobilnyj-videoregistrator-70mai.html
відеореєстратор,4899,2911928451,Відеореєстратор автомобільний камера для авто циклічний запис із нічним режимом датчик руху автозаписування відеоспостереження,1949,1449,3,6,Cвітло 24⭐⭐⭐⭐⭐,316,True,https://prom.ua/ua/p2911928451-videoregistrator-avtomobilnyj-kamera.html
відеореєстратор,4899,1894026108,Автомобільний відеореєстратор Xiaomi 70mai Dash Cam Pro Plus+ A500s,3750,,5,1,Online,920,True,https://prom.ua/ua/p1894026108-avtomobilnyj-videoregistrator-xiaomi.html
відеореєстратор,4899,2990458100,"Відеореєстратор на 3 камери Full HD 1080P Автореєстратор, Автомобільний реєстратор з камерою заднього виду та салону MX-270",1539,769,4.7,3,⭐ 7even ⭐,601,True,https://prom.ua/ua/p2990458100-videoregistrator-kamery-full.html
відеореєстратор,4899,2089215094,Акумулятор відеореєстратора Xiaomi Yi Smart Dash Camera Gray/Gold 602535 3pin,319,289,4.9,106,"Інтернет-магазин ""AMedia"" Андроїд Смарт ТБ Приставки, Відеореєстратори, GPS Навігатори, Акумулятори",4155,True,https://prom.ua/ua/p2089215094-akkumulyator-videoregistratora-xiaomi.html
відеореєстратор,4899,2692696663,Автомобільний відеореєстратор A10 Full HD 1296p з камерою заднього виду та 4 дюймовим сенсорним екраном,1500,1199,5,1,"Інтернет-магазин ""FenixShops""",2560,True,https://prom.ua/ua/p2692696663-avtomobilnyj-videoregistrator-a10.html
відеореєстратор,4899,2587821924,Автомобільний відеореєстратор Full HD з нічною зйомкою та двома камерами,1298,1038.40,3,1,MyTorg,10359,False,https://prom.ua/ua/p2587821924-avtomobilnyj-videoregistrator-full.html
відеореєстратор,4899,1598045544,Відеореєстратор АнтиРадар в авто DVR X7 з GPS модулем,1499,1397,1,1,AdamantShop,1793,True,https://prom.ua/ua/p1598045544-videoregistrator-antiradar-avto.html
відеореєстратор,4899,3101052369,Автомобільний відеореєстратор Hoco DV13 з WI-FI прихований реєстратор в машину HD 720P,2500,1350,5,2,AUTOMALL,352,False,https://prom.ua/ua/p3101052369-avtomobilnyj-videoregistrator-hoco.html
відеореєстратор,4899,546945932,Відеореєстратор автомобільний відео реєстратор ADAS Android USB камера,597,,4.8,4,"інтернет-магазин ""тріА""",2442,True,https://prom.ua/ua/p546945932-videoregistrator-avtoregistrator-adas.html
відеореєстратор,4899,2736073644,Відеореєстратор автомобільний із трьома камерами салон + задня камера + дорога Hoco DV15 реєстратор у машину 720P WI-FI чорний,2998,1499,4.8,6,AUTOMALL,352,True,https://prom.ua/ua/p2736073644-videoregistrator-avtomobilnyj-tremya.html
відеореєстратор,4899,3086033672,Автомобільний відеореєстратор з трьома камерами та панорамним оглядом 360°,3500,,,0,Товари Світу,47,False,https://prom.ua/ua/p3086033672-avtomobilnij-videoreyestrator-troma.html
відеореєстратор,4899,3181206079,"Автомобільний відеореєстратор T655 з 3 камерами й екраном 4"", Full HD 1080P, камера заднього огляду",1370,685,,0,Grand OPT,32,True,https://prom.ua/ua/p3181206079-avtomobilnyj-videoregistrator-t655.html
відеореєстратор,4899,3183842741,Автомобільний відеореєстратор з камерами переднього та заднього виду найкращий для автомобіля,2058,1029,5,1,Pineapplle store,507,True,https://prom.ua/ua/p3183842741-avtomobilnyj-videoregistrator-kamerami.html
відеореєстратор,4899,3145476900,"Відеореєстратор автомобільний wi-fi з датчиком руху, Штаціонарні Найкращі з 3 камерами qwert",2285,1142.50,,0,магазин для кожного,33,True,https://prom.ua/ua/p3145476900-videoregistrator-avtomobilnyj-datchikom.html
відеореєстратор,4899,2188926252,Автомобільний відеореєстратор з камерой заднього виду XIAOMI T670G+,2299,,5,4,Connector,1312,True,https://prom.ua/ua/p2188926252-avtomobilnij-videoreyestrator-kameroj.html
відеореєстратор,4899,3182314089,"Відеореєстратор автомобільний 3K 1600P Wi-Fi, нічна зйомка, WDR, G-Sensor, microSD до 512 ГБ",2100,1600,,0,"Інтернет магазин ""My Car Store""",4325,True,https://prom.ua/ua/p3182314089-avtomobilnyj-videoregistrator-1600p.html
відеореєстратор,4899,3132226586,"Автомобільний відеореєстратор-дзеркало Cyclone MR-150 з камерою заднього огляду екран 9,7"" сенсор FHD кут огляду 170",3800,3450,5,1,avtoakustica.prom.ua,329,True,https://prom.ua/ua/p3132226586-avtomobilnyj-videoregistrator-zerkalo.html
відеореєстратор,4899,2838802574,Трьохкамерний автомобільний відеореєстратор Xiaomi 70mai Dash Cam 4K T800E,7299,5299,5,1,TECH WORLD,160,True,https://prom.ua/ua/p2838802574-trehkamernyj-avtomobilnyj-videoregistrator.html
відеореєстратор,4899,3194422419,"Автомобільний відеореєстратор 2 камери з камерою салону, нічним баченням, датчиком удару та циклічним записом",1498,749,,0,ToysUkraine,287,True,https://prom.ua/ua/p3194422419-avtomobilnyj-videoregistrator-kamery.html
відеореєстратор,4899,2624637642,Автомобільний відеореєстратор із монітором вбудований у салонне дзеркало автомобіля з двома камерами переднього та заднього огляду,3960,1980,,0,RI_trade,97,True,https://prom.ua/ua/p2624637642-avtomobilnyj-videoregistrator-monitorom.html
відеореєстратор,4899,3196129322,Відеореєстратор автомобільний XO XJ03 Full HD 1080P 2 камери Чорний,1620,,,0,Klikora,7,True,https://prom.ua/ua/p3196129322-videoreyestrator-avtomobilnij-xj03.html
відеореєстратор,4899,2472352740,Автомобільний відеореєстратор S7 Ultra HD 2.5K із камерою заднього вигляду 1080P екран 3.2 дюйма чорний,1363,,,0,Spot,1796,True,https://prom.ua/ua/p2472352740-avtomobilnyj-videoregistrator-ultra.html
відеореєстратор,4899,2829687259,Відеореєстратор автомобільний 2 камери 64ГБ 1080P циклічний запис камера для авто датчик руху автозапис,1799,1229,,0,Cвітло 24⭐⭐⭐⭐⭐,316,True,https://prom.ua/ua/p2829687259-videoregistrator-avtomobilnyj-kamery.html
відеореєстратор,4899,2968010840,Відеореєстратор для авто ULTRA HD 4K WiFi автомобільний реєстратор міні автореєстратор з камерою заднього виду,3200,2780,,0,Imperia,19,True,https://prom.ua/ua/p2968010840-videoreyestrator-dlya-avto.html
відеореєстратор,4899,2522215714,"Автомобільний відеореєстратор Hoco DI62 |720P, WI-FI | з камерою заднього виду Black",1574,,,0,ENJOY - насолоджуйтесь покупками разом з нами!,981,True,https://prom.ua/ua/p2522215714-avtomobilnyj-videoregistrator-hoco.html
відеореєстратор,5008,2472352740,Автомобільний відеореєстратор S7 Ultra HD 2.5K із камерою заднього вигляду 1080P екран 3.2 дюйма чорний,1363,,,0,Spot,1796,True,https://prom.ua/ua/p2472352740-avtomobilnyj-videoregistrator-ultra.html
відеореєстратор,5008,3153985781,Відеореєстратор Xiaomi 70mai 4K Dash Cam A810S Set + 2га камера HDR 4G LTE Wi-Fi 6 Голосове керування GPS ADAS,7900,,,0,Gadgetservice,944,False,https://prom.ua/ua/p3153985781-videoregistrator-xiaomi-70mai.html
відеореєстратор,5008,2765688963,Відеореєстратор 70mai Dash Cam A800SE 4K (Global),5499,5250,5,2,Sim-Mobile,2108,True,https://prom.ua/ua/p2765688963-videoregistrator-70mai-dash.html
відеореєстратор,5008,3138851019,Відеореєстратор 70mai Dash Cam M310 Plus 3K 360° F1.55 WiFi Car DVR Міжнародна версія,2315,2199.25,5,3,"интернет-магазин ""Техномаркет""",1574,True,https://prom.ua/ua/p3138851019-videoregistrator-70mai-dash.html
відеореєстратор,5008,2509998412,Відеореєстратор Xiaomi 70Mai M310 PRO 2K (M310 PLUS 2K) Smart Dash Cam CN українська прошивка та чохол,2169,1899,5,10,"Інтернет-магазин ""AMedia"" Андроїд Смарт ТБ Приставки, Відеореєстратори, GPS Навігатори, Акумулятори",4155,True,https://prom.ua/ua/p2509998412-videoregistrator-xiaomi-70mai.html
відеореєстратор,5008,1255530352,"Відеореєстратор для мотоцикла професійний LCD 3 MSTAR M22, 2 AHD камери 1080p 150 °, SONY IMX323",4498,,,0,Центр Технічної Безпеки,3092,False,https://prom.ua/ua/p1255530352-videoregistrator-dlya-mototsikla.html
відеореєстратор,5008,2920344798,"Міні-відеореєстратор, Mini DVR",1875,1687.50,4.5,4,РАДІОМАГ ПРОМ,14401,True,https://prom.ua/ua/p2920344798-mini-videoregistrator-mini.html
відеореєстратор,5008,3194422419,"Автомобільний відеореєстратор 2 камери з камерою салону, нічним баченням, датчиком удару та циклічним записом",1498,749,,0,ToysUkraine,287,True,https://prom.ua/ua/p3194422419-avtomobilnyj-videoregistrator-kamery.html
відеореєстратор,5008,1512427314,"Авто Відеореєстратор Pioneer A-11TP HDR, SuperHD 1296P, G-Sensor, 12 Mega, DVR + камера заднього огляду",1617,1317,5,4,AngelShop,787,True,https://prom.ua/ua/p1512427314-avto-videoregistrator-pioneer.html
відеореєстратор,5008,2913066336,Відеореєстратор Hoco DV14,1349,1079,,0,NovaTech,1251,True,https://prom.ua/ua/p2913066336-videoregistrator-hoco-dv14.html
відеореєстратор,5008,2668465924,Відеореєстратор для мотоцикла із двома камерами,5899,4129.30,,0,Оптовичок - Одеса,11206,True,https://prom.ua/ua/p2668465924-videoreyestrator-dlya-mototsikla.html
відеореєстратор,5008,2731910986,Відеореєстратор CYCLONE DVF-91 4K WIFI,2599,,5,2,AVTO-MARKET,725,True,https://prom.ua/ua/p2731910986-videoregistrator-cyclone-dvf.html
відеореєстратор,5008,1075217236,Дзеркало - відеореєстратор з камерою заднього виду CYCLONE MR-150,3500,,,0,AVTO-MARKET,725,True,https://prom.ua/ua/p1075217236-zerkalo-videoregistrator-kameroj.html
відеореєстратор,5008,2731884542,Дзеркало - відеореєстратор із камерою заднього виду Cyclone MR-160 2K,3999,,,0,AVTO-MARKET,725,True,https://prom.ua/ua/p2731884542-zerkalo-videoregistrator-kameroj.html
відеореєстратор,5008,2731904407,Дзеркало-відеореєстратор з камерою заднього огляду NEXTONE MR-12,1299,,,0,AVTO-MARKET,725,True,https://prom.ua/ua/p2731904407-zerkalo-videoregistrator-kameroj.html
відеореєстратор,5008,2766857740,Дзеркало-відеореєстратор з камерой заднього огляду CYCLONE MR-160,3999,,,0,AVTO-MARKET,725,True,https://prom.ua/ua/p2766857740-zerkalo-videoregistrator-kameroj.html
відеореєстратор,5008,938185619,Відеореєстратор цифровий FANTOM PRO-501FHD,2282,,,0,"Інтернет-магазин ""Запчастини до авто і не тільки""",1779,True,https://prom.ua/ua/p938185619-videoregistrator-tsifrovoj-fantom.html
відеореєстратор,5008,2793343131,"Автомобільний відеореєстратор з записом у салоні Hoco 3 камери WiFi режимом паркування та HD зйомкою 1280×720, чорний",2600,1890,5,2,Kupimo Shop,206,True,https://prom.ua/ua/p2793343131-avtomobilnyj-videoregistrator-zapisyu.html
відеореєстратор,5008,2889225547,Автомагнітола Відеореєстратор з CarPlay та Android Auto,3699,3299,,0,EasyCar27,418,True,https://prom.ua/ua/p2889225547-avtomagnitola-videoregistrator-carplay.html
відеореєстратор,5008,3157223888,Автомагнітола Відеореєстратор з CarPlay і Android Auto+Камера AHD 720,3999,3599,,0,EasyCar27,418,True,https://prom.ua/ua/p3157223888-avtomagnitola-videoregistrator-carplay.html
відеореєстратор,5008,2859381959,"Автомобільний Відеореєстратор HOCO 3 камери Full HD 720P, нічна зйомка, G-сенсор, кут огляду 145°, карти пам яті 128GB чорний",2100,1590,5,2,Kupimo Shop,206,True,https://prom.ua/ua/p2859381959-avtomobilnyj-videoregistrator-hoco.html
відеореєстратор,5008,2867574173,Автомобільний відеореєстратор Hoco DV5,2239,1904,,0,Тихе Небо,509,True,https://prom.ua/ua/p2867574173-videoregistrator-hoco-dv5.html
відеореєстратор,5008,2901823423,Автомобільний відеореєстратор Hoco DV9,1829,1555,,0,Тихе Небо,509,True,https://prom.ua/ua/p2901823423-videoregistrator-hoco-dv9.html
відеореєстратор,5008,3042842889,Автомобільний відеореєстратор H37,1289,1096,,0,Тихе Небо,509,True,https://prom.ua/ua/p3042842889-avtoregistrator-dvr-h37.html
відеореєстратор,5008,3042842890,Автомобільний відеореєстратор,3049,2592,,0,Тихе Небо,509,True,https://prom.ua/ua/p3042842890-avtoregistrator-first-scene.html
відеореєстратор,5008,3042842891,Автомобільний відеореєстратор HD-5000,2309,1963,,0,Тихе Небо,509,True,https://prom.ua/ua/p3042842891-rasprodazha-avtoregistrator-full.html
відеореєстратор,5008,2446865132,"Відеореєстратор зеркало Hoco DV4 Dual channel з екраном 4.5-дюйма та камерою заднього виду, чорний",2400,2150,,0,Televik - мобільні аксесуари та гаджети,896,True,https://prom.ua/ua/p2446865132-videoregistrator-dzerkalo-hoco.html
відеореєстратор,5008,2567559508,Відеореєстратор автомобільний 2 камери 1080P циклічний запис камера для авто датчик руху автозапис,1799,1229,4.9,42,💡 SVITAЄ - Перевірена техніка для дому та гаджети для догляду за собою,1934,True,https://prom.ua/ua/p2567559508-videoregistrator-avtomobilnyj-kamery.html
відеореєстратор,5008,2108959345,Автомобільний відеореєстратор Full HD з нічною зйомкою та двома камерами,1338,1016.88,5,1,Оптовичок - Одеса,11206,True,https://prom.ua/ua/p2108959345-avtomobilnij-videoreyestrator-full.html
чохол на сидіння авто,8379,3136137158,"Чохли на сидіння авто універсальні чорні, червона нитка, накидки (A-58)",2750,2650,5,1,PrimeStyle,12,True,https://prom.ua/ua/p3136137158-chehly-sidenya-avto.html
чохол на сидіння авто,8379,2852498228,"ВІДПРАВКА БЕЗ ПЕРЕДОПЛАТИ Теплий чохол на пережнє сидіння авто CozzyRide, чорний, 45х45 см",1496.66,404.10,,0,SmallP,458,True,https://prom.ua/ua/p2852498228-otpravka-bez-predoplaty.html
чохол на сидіння авто,8379,1731202704,"Чохли на сидіння в авто, модельні, авточохли RENAULT Zoe Цілісна спина",3020,,4.9,8,АВ-ТЕКС,197,False,https://prom.ua/ua/p1731202704-chehly-sidene-avto.html
чохол на сидіння авто,8379,2852499531,"ВІДПРАВКА БЕЗ ПЕРЕДОПЛАТИ Теплий чохол на пережнє сидіння авто CozzyRide, коричневий, 45х45 см",1496.66,404.10,,0,SmallP,458,True,https://prom.ua/ua/p2852499531-otpravka-bez-predoplaty.html
чохол на сидіння авто,8379,2067840509,"Чохли на сидіння в авто універсальні чорного коліру. Накидки, авточохли в машину (комплект)",1499,,5,3,BLIKK,675,True,https://prom.ua/ua/p2067840509-chehly-sidenya-avto.html
чохол на сидіння авто,8379,2852500611,"ВІДПРАВКА БЕЗ ПЕРЕДОПЛАТИ Теплий чохол на пережнє сидіння авто CozzyRide, рожевий, 45х45 см",1496.66,404.10,,0,SmallP,458,True,https://prom.ua/ua/p2852500611-otpravka-bez-predoplaty.html
чохол на сидіння авто,8379,2255776884,Чохли на сидіння авто універсальні чохли на передні сидіння,1500,890,4.7,24,Everyday Market,12924,True,https://prom.ua/ua/p2255776884-chehly-dlya-avto.html
чохол на сидіння авто,8379,1140490315,"Чохол-накидка на сидіння авто з підігрівом від прикурювача Supretto, Сірий (5411_0002)",799,549,5,1,APRICE,3111,True,https://prom.ua/ua/p1140490315-chehol-nakidka-sidene.html
чохол на сидіння авто,8379,3171626974,Чохол на сидіння авто захисний накидка майка для автокрісла з підголівником боковими панелями повне покриття,1700,1159,,0,Everyday Market,12924,True,https://prom.ua/ua/p3171626974-chehol-sidene-avto.html
чохол на сидіння авто,8379,2897708187,Накладка на сидіння автомобіля / Чохол на сидіння авто для водія та пасажира з кишенею,440,339,,0,Shopka.com.ua,6523,True,https://prom.ua/ua/p2897708187-nakladka-sidene-avtomobilya.html
чохол на сидіння авто,8379,1849139884,"Накидка універсальна чохол - майка на переднє сидіння авто з алькантари, чорна (Вузька)",455,,5,1,SheepShop,285,True,https://prom.ua/ua/p1849139884-nakidka-universalnaya-chehol.html
чохол на сидіння авто,8379,1849361652,"Накидка універсальна чохол - майка на переднє сидіння авто з алькантари, чорна (З підголівником)",480,,,0,SheepShop,285,True,https://prom.ua/ua/p1849361652-nakidka-universalnaya-chehol.html
чохол на сидіння авто,8379,2077241025,"Чохол на сидіння в авто універсальні. Накидка, авточохол в машину (1шт не комплект)",499,,5,2,BLIKK,675,True,https://prom.ua/ua/p2077241025-chehol-sidene-avto.html
чохол на сидіння авто,8379,2432041037,"Чохли на сидіння в авто універсальні. Накидки, авточохли в машину (комплект)",1699,,,0,BLIKK,675,True,https://prom.ua/ua/p2432041037-chehly-sidenya-avto.html
чохол на сидіння авто,8379,3160922430,"Чохол на сидіння автомобіля,чехол авто ,чехол на кресло в машину,авто аксесуари,чохли на сидіння",389,369.55,,0,GreenBags,101,True,https://prom.ua/ua/p3160922430-chohol-sidinnya-avtomobilyachehol.html
чохол на сидіння авто,8379,3160922431,"Чохол на сидіння автомобіля,чехол авто ,чехол на кресло в машину,авто аксесуари,чохли на сидіння",385,365.75,,0,GreenBags,101,True,https://prom.ua/ua/p3160922431-chohol-sidinnya-avtomobilyachehol.html
чохол на сидіння авто,8379,3160922726,"Чохол на сидіння автомобіля,чехол авто ,чехол на кресло в машину,авто аксесуари,чохли на сидіння",550,522.50,,0,GreenBags,101,True,https://prom.ua/ua/p3160922726-chohol-sidinnya-avtomobilyachehol.html
чохол на сидіння авто,8379,3166748458,"Чохли на передні сидіння Авто чехлы на 2 передних сидений Audi A4 B8 натуральна алькантара + екошкіра, Чорний",3990,,,0,Mania Auto,116,True,https://prom.ua/ua/p3166748458-chehly-perednie-sidenya.html
чохол на сидіння авто,8379,3166748499,"Чохли на передні сидіння Авто чехлы на 2 передних сидений BMW 5 e39 натуральна алькантара + екошкіра, Чорний",3990,,,0,Mania Auto,116,True,https://prom.ua/ua/p3166748499-chehly-perednie-sidenya.html
чохол на сидіння авто,8379,3166748539,"Чохли на передні сидіння Авто чехлы на 2 передних сидений Chevrolet Bolt натуральна алькантара + екошкіра, Чорний",3990,,,0,Mania Auto,116,True,https://prom.ua/ua/p3166748539-chehly-perednie-sidenya.html
чохол на сидіння авто,8379,3166748580,"Чохли на передні сидіння Авто чехлы на 2 передних сидений Citroen C4 натуральна алькантара + екошкіра, Чорний",3990,,,0,Mania Auto,116,True,https://prom.ua/ua/p3166748580-chehly-perednie-sidenya.html
чохол на сидіння авто,8379,3166748621,"Чохли на передні сидіння Авто чехлы на 2 передних сидений Fiat Bravo натуральна алькантара + екошкіра, Чорний",3990,,,0,Mania Auto,116,True,https://prom.ua/ua/p3166748621-chehly-perednie-sidenya.html
чохол на сидіння авто,8379,1849121863,"Хутряна накидка універсальний чохол - майка на переднє сидіння авто з овчини (Еко-хутро) принт ""Олені""",695,550,5,2,SheepShop,285,True,https://prom.ua/ua/p1849121863-mehovaya-nakidka-universalnyj.html
чохол на сидіння авто,8379,2862585685,Чохли на сидіння авто універсальні чохли на передні сидіння 2шт,1200,949,,0,BLIKK,675,True,https://prom.ua/ua/p2862585685-universalnye-chehly-perednie.html
чохол на сидіння авто,8379,1849121858,Хутряна накидка універсальний чохол - майка на переднє сидіння авто з овчини (Еко-хутро) сіра,695,550,1,1,SheepShop,285,True,https://prom.ua/ua/p1849121858-mehovaya-nakidka-universalnyj.html
чохол на сидіння авто,8379,1849121861,Хутряна накидка універсальний чохол - майка на переднє сидіння авто з овчини (Еко-хутро) лимонна,695,550,,0,SheepShop,285,True,https://prom.ua/ua/p1849121861-mehovaya-nakidka-universalnyj.html
чохол на сидіння авто,8379,2432006974,"Чохли на сидіння в авто універсальні. Накидки, авточохли в машину (комплект)",1998,1799,,0,BLIKK,675,True,https://prom.ua/ua/p2432006974-chehly-sidenya-avto.html
чохол на сидіння авто,8379,1795624696,Чохол на сидіння авто для перевезення тварин,1890,1590,,0,Vugidno.in.ua,5107,True,https://prom.ua/ua/p1795624696-chehol-sidenie-avto.html
чохол на сидіння авто,8379,3101904907,Накидки та універсальні чохли на сидінні чохли накидки на сидіння авто чохли для передніх сидінь захисні чохли,3807,1903.50,,0,KLICK🖱️,51,True,https://prom.ua/ua/p3101904907-nakidki-universalnye-chehly.html
чохол на сидіння авто,8381,3136137157,Чохли на сидіння авто універсальні чорні накидки (А-56),2750,2650,,0,PrimeStyle,12,True,https://prom.ua/ua/p3136137157-chehly-sidenya-avto.html
чохол на сидіння авто,8381,2816488668,"Чохли на сидіння авто універсальні чорні, червона нитка, накидки",2499,,,0,AXXO_STORE,15,True,https://prom.ua/ua/p2816488668-chehly-sidenya-avto.html
чохол на сидіння авто,8381,1248398557,Чохли на сидіння авто Milex Touring бежеві PS-T25005,1351,,,0,Авто7я. Інтернет-магазин автотоварів avto7ya.com.ua,2163,True,https://prom.ua/ua/p1248398557-chehly-sideniya-avto.html
чохол на сидіння авто,8381,1251779022,Авточохли Накидки на сидіння в салон авто чохли Колір: Бежевий,2798,1399,5,1,Sokol SHOP,608,True,https://prom.ua/ua/p1251779022-avtochehly-nakidki-sidenya.html
чохол на сидіння авто,8381,1197357859,Чохли на сидіння авто PILOT ВАЗ 2101-2106 чорно-сірі з підголівниками,1250,,5,1,AVTOFISHKA,5170,True,https://prom.ua/ua/p1197357859-chehly-sidenya-avto.html
чохол на сидіння авто,8381,3196664626,"Автомобільна накидка з підігрівом на переднє сидіння 12 В, універсальний чохол-підігрівач для авто",699,,,0,NAMTREBA,6,True,https://prom.ua/ua/p3196664626-avtomobilnaya-nakidka-podogrevom.html
чохол на сидіння авто,8381,1493776979,Чохли на сидіння авто універсальні Сірого кольору,2798,1399,4,2,SALE Shop,589,True,https://prom.ua/ua/p1493776979-chehly-sidenya-avto.html
чохол на сидіння авто,8381,3160922432,"Чохол на сидіння автомобіля,чехол авто ,чехол на кресло в машину,авто аксесуари,чохли на сидіння",349,331.55,,0,GreenBags,101,True,https://prom.ua/ua/p3160922432-chohol-sidinnya-avtomobilyachehol.html
чохол на сидіння авто,8381,3171626974,Чохол на сидіння авто захисний накидка майка для автокрісла з підголівником боковими панелями повне покриття,1700,1159,,0,Everyday Market,12924,True,https://prom.ua/ua/p3171626974-chehol-sidene-avto.html
чохол на сидіння авто,8381,2355845967,М'яка подушка на сидіння авто Бежевий,299,,,0,JOXI,4621,True,https://prom.ua/ua/p2355845967-myagkaya-podushka-sidene.html
чохол на сидіння авто,8381,1279407959,Комплект чохлів на сидіння авто MILEX/Arctic/Tango к-т/2пер+2подг/синій з підігрівом ((10)),2250,,,0,AutoTochka,7732,True,https://prom.ua/ua/p1279407959-komplekt-chehlov-sidenie.html
чохол на сидіння авто,8381,1436099770,Чохол підкладка на сидіння авто Loen No1365,644,,,0,1000 дрібниць,1490,True,https://prom.ua/ua/p1436099770-chehol-podkladka-sidenie.html
чохол на сидіння авто,8381,1634056835,Чохли на сидіння авто Iran Khodro Samand 2002-2011,8399,,,0,avtogryz,388,True,https://prom.ua/ua/p1634056835-chehly-sidenya-avto.html
чохол на сидіння авто,8381,2614361629,Чохол Захисний на спинку сидіння автомобіля Захист спинки переднього сидіння авто від брудних ніг Захисна накидка на сидіння,500,250,3.5,2,StoreBroad-range,391,True,https://prom.ua/ua/p2614361629-chehol-zaschitnyj-spinku.html
чохол на сидіння авто,8381,2350152571,Чохли на сидіння Daewoo Nexia. Авто чохли для Део Нексія LUX,1890,,,0,Inluxe,87,True,https://prom.ua/ua/p2350152571-chehly-sidenya-daewoo.html
чохол на сидіння авто,8381,2273782713,Накидки на задні сидіння авто алькантара преміум (чорна сота),1499,,1,1,АВТО-КОМ-ДЕТАЛЬ,220,True,https://prom.ua/ua/p2273782713-nakidki-zadni-sidinnya.html
чохол на сидіння авто,8381,2852456068,"Плюшевий чохол на сидіння авто CozzyRide, коричневий",748.33,449,,0,SmallPrice.net  - магазин товарів для дому та аксессуарів,2345,True,https://prom.ua/ua/p2852456068-plyushevyj-chehol-sidene.html
чохол на сидіння авто,8381,2685420600,Авто чохли універсальні Сірого кольору Чохли автомобільні сидіння матеріал поліестер,2780,1390,5,2,Style Drive,235,True,https://prom.ua/ua/p2685420600-avtochehly-universalnye-serogo.html
чохол на сидіння авто,8381,2685420632,Авто чохли універсальні Бежевого кольору Чохли автомобільні сидіння матеріал поліестер,2780,1390,,0,Style Drive,235,True,https://prom.ua/ua/p2685420632-avtochehly-universalnye-bezhevogo.html
чохол на сидіння авто,8381,3160922801,"Чохол на сидіння автомобіля,чехол авто ,чехол на кресло в машину,авто аксесуари,чохли на сидіння",890,845.50,,0,GreenBags,101,True,https://prom.ua/ua/p3160922801-chehol-sidene-avtomobilya.html
чохол на сидіння авто,8381,2102501991,"Чохли на сидіння (Авто Жакард) Iveco Daily 35c15 з14р.в. 2+1 (IV02) ,IV02,",1899,,,0,НоваСила,6147,True,https://prom.ua/ua/p2102501991-chehly-sidene-avto.html
чохол на сидіння авто,8381,1048713743,"Чохли хутряні овчини, накидки в авто хутряні, накидка на сидіння в авто, чохли для автокрісел овчини",862,775.80,,0,Milax,394,True,https://prom.ua/ua/p1048713743-chehly-mehovye-ovchiny.html
чохол на сидіння авто,8381,3171406291,Універсальні чорні чохли на сидіння авто з валиком під спину та боковою підтримкою,1945,,,0,MistoTovariv,2,True,https://prom.ua/ua/p3171406291-universalnye-chernye-chehly.html
чохол на сидіння авто,8381,2172880066,"Чохли на авто сидіння АвтоСвіт Daewoo Lanos (повний комплект, сірі)",1850,,4.5,2,AriArt Auto,3358,True,https://prom.ua/ua/p2172880066-chehly-avto-sidenya.html
чохол на сидіння авто,8381,2685672043,Автомобільна накидка на переднє сидіння 1шт Колір Червоно-чорні Матеріал Льон,1398,699,5,2,Style Drive,235,True,https://prom.ua/ua/p2685672043-avtomobilnaya-nakidka-perednee.html
чохол на сидіння авто,8381,2200830686,Чохли на сидіння ЗАЗ Славута. Авто чохли для ЗАЗ Славута KVK,1855,,5,1,Авточохли - Cover King,133,True,https://prom.ua/ua/p2200830686-chehly-sidenya-zaz.html
чохол на сидіння авто,8381,1218095364,Чохли на сидіння Chevrolet Cruze авто чохли Шевроле Круз,3200,3050,,0,Автосвіт24,1065,True,https://prom.ua/ua/p1218095364-chehly-sidenya-chevrolet.html
чохол на сидіння авто,8381,2396662088,Чохли на сидіння авто PILOT ВАЗ 2108/2109/099/2115 (кожзам+вставка ткань) синие,1300,,5,2,Ariart_Avto,1320,True,https://prom.ua/ua/p2396662088-chehly-sidene-avto.html
чохол на сидіння авто,8381,1689907414,"Хутряний чохол для авто універсальний, універсальні чохли на сидіння авто, авточехол на сидіння з овчини",2100,,,0,Вовняний Затишок,779,True,https://prom.ua/ua/p1689907414-mehovoj-chehol-dlya.html
захист від сонця для лобового скла,7783,1905597622,Захист від сонця на лобове скло автомобіля зонт від перегріву салона машини світловідбивна 135 х 75 см,359,239,5,2,Рокаток,2961,True,https://prom.ua/ua/p1905597622-zaschita-solntsa-lobovoe.html
захист від сонця для лобового скла,7783,1187690642,Чохол для захисту від сонця й бруду на лобове скло,560,400,4.9,11,Vugidno.in.ua,5107,True,https://prom.ua/ua/p1187690642-chehol-dlya-zaschity.html
захист від сонця для лобового скла,7783,3072829168,Автомобільна парасолька від сонця для лобового скла Авто зонт в авто машину Захист торпеди в автомобілі,345,,,0,SupePuperPrice,788,True,https://prom.ua/ua/p3072829168-avtomobilnyj-zont-solntsa.html
захист від сонця для лобового скла,7783,3208249673,"Захист для лобового скла автомобіля від сонця, снігу для легкового авто brooklyn",583,466,,0,Brooklyn,573,True,https://prom.ua/ua/p3208249673-zaschita-dlya-lobovogo.html
захист від сонця для лобового скла,7783,3219619267,"Захист для лобового скла автомобіля від сонця, снігу для авто brooklyn",302,241,,0,Brooklyn,573,True,https://prom.ua/ua/p3219619267-zaschita-dlya-lobovogo.html
захист від сонця для лобового скла,7783,3219629139,Парасолька для захисту лобового скла автомобіля від сонця для легкового авто brooklyn,468,374,,0,Brooklyn,573,True,https://prom.ua/ua/p3219629139-zont-dlya-zaschity.html
захист від сонця для лобового скла,7783,2178564980,"Чохол для захисту лобового скла автомобіля від сонця, снігу, льоду, інею",199,,5,1,SPACE MALL,1243,True,https://prom.ua/ua/p2178564980-chehol-dlya-zaschity.html
захист від сонця для лобового скла,7783,2700098620,Удосконалена Парасолька в Авто для Захисту від Сонця на Лобове Скло Нова 135*75 см,550,,5,3,Autopulse,150,True,https://prom.ua/ua/p2700098620-usovershenstvovannyj-zont-avto.html
захист від сонця для лобового скла,7783,1631404916,"Чохол для захисту від сонця, снігу та бруду на лобове скло 148*110 см, без магнитів",580,380,4.4,5,Vugidno.in.ua,5107,True,https://prom.ua/ua/p1631404916-chehol-dlya-zaschity.html
захист від сонця для лобового скла,7783,2998916120,"Захист для лобового скла автомобіля від сонця, снігу для авто",192,147.84,,0,CasaJoy,235,True,https://prom.ua/ua/p2998916120-zaschita-dlya-lobovogo.html
захист від сонця для лобового скла,7783,3186505860,Захист для лобового скла алюмінієвий 115х140 см сірий,663.75,536.31,,0,BestMix,259,True,https://prom.ua/ua/p3186505860-zaschita-dlya-lobovogo.html
захист від сонця для лобового скла,7783,2942571690,Парасолька від сонця для автомобіля на лобове скло в машину захист салону авто від спеки з чохлом,522,261,5,1,Noventra,91,True,https://prom.ua/ua/p2942571690-zontik-solntsa-dlya.html
захист від сонця для лобового скла,7783,2450070653,Універсальна накидка чохол для захисту лобового скла автомобіля від сонця снігу льоду інію розмір 150х75 см,606,303,,0,Shooops,254,True,https://prom.ua/ua/p2450070653-universalnaya-nakidka-chehol.html
захист від сонця для лобового скла,7783,3119135250,"Автомобільна сонцезахисна парасоля на лобове скло, складаний екран від сонця, захист салону від перегріву та УФ-променів",518,259,,0,TrenDozA,93,True,https://prom.ua/ua/p3119135250-avtomobilnaya-solntsezaschitnaya-zonta.html
захист від сонця для лобового скла,7783,2640751544,"Сонцезахисна парасолька для авто лобового скла автомобіля, шторка захисна від сонця Чорний колір 76*120 см.",510,453.90,3,1,Shopping is Fun,1497,True,https://prom.ua/ua/p2640751544-sontsezahisna-parasolka-dlya.html
захист від сонця для лобового скла,7783,3042628392,Сонцезахисна парасоля для лобового скла автомобіля складаний козирок від сонця для захисту салону авто,277,,,0,Товарик,49,True,https://prom.ua/ua/p3042628392-solntsezaschitnyj-zont-dlya.html
захист від сонця для лобового скла,7783,2989013432,Автомобільна сонцезахисна шторка-зонт на лобове скло складаний захист від сонця та спеки,598,299,5,1,ToysUkraine,287,True,https://prom.ua/ua/p2989013432-avtomobilnyj-solntsezaschitnyj-zont.html
захист від сонця для лобового скла,7783,3009513294,Сонцезахисна парасолька на лобове скло для авто складна автомобільна автошторка екран від сонця захист салону + чохол,698,349,,0,trendshopp7,64,True,https://prom.ua/ua/p3009513294-solntsezaschitnyj-zont-lobovoe.html
захист від сонця для лобового скла,7783,3214606291,Захист для лобового скла автомобіля від сонця та снігу чохол накладка для легкових автомобілів. FLAME,774,516,,0,Flame,11,True,https://prom.ua/ua/p3214606291-zaschita-dlya-lobovogo.html
захист від сонця для лобового скла,7783,3214203671,Плівка для тонування лобового скла захист від сонця та підвищення безпеки в автомобілі 20х150 см BROWN,552,368,,0,Kiwi,6,True,https://prom.ua/ua/p3214203671-plenka-dlya-tonirovki.html
захист від сонця для лобового скла,7783,3024783198,Автомобільна сонцезахисна парасолька на лобове скло універсальна складна парасоля від сонця для авто захист салону 78х136 см,599,281.53,,0,Магазин Німфа,518,True,https://prom.ua/ua/p3024783198-avtomobilnyj-solntsezaschitnyj-zont.html
захист від сонця для лобового скла,7783,2563986093,Парасолька для автомобіля на лобове скло 78x136 см для захисту від сонця,799,359.55,,0,ПРОМЕТЕЙ🔥,202,True,https://prom.ua/ua/p2563986093-zont-solntsa-dlya.html
захист від сонця для лобового скла,7783,2107978173,Парасолька від сонця на лобове скло автомобіля Better Quality,600,240,4.9,28,ShoppiKids,1766,True,https://prom.ua/ua/p2107978173-zont-solntsa-lobovoe.html
захист від сонця для лобового скла,7783,1393699577,Захист від сонця на вітрове скло автомобіля Ultimate Speed Германия,100,,,0,ДОМПОБУТ,1841,True,https://prom.ua/ua/p1393699577-zahist-vid-sontsya.html
захист від сонця для лобового скла,7783,2998983631,"Захист для лобового скла автомобіля від сонця, снігу для авто",192,144,,0,NovaLuxe,106,True,https://prom.ua/ua/p2998983631-zaschita-dlya-lobovogo.html
захист від сонця для лобового скла,7783,3074885743,140×80 Зонт Парасолька сонце захисна штора накидка на лобове скло захист від сонця зонтик засіб,273,138,3.7,3,ELADA- ЦІКАВО!,1540,True,https://prom.ua/ua/p3074885743-14080-zont-solntse.html
захист від сонця для лобового скла,7783,2740453679,"Автомобільна парасолька для лобового скла, ефективний захист від сонця в машині",485,242.50,5,1,City-Store.Ua,602,True,https://prom.ua/ua/p2740453679-avtomobilnyj-zont-dlya.html
захист від сонця для лобового скла,7783,3095434922,"Автомобільна сонцезахисна парасолька в кейсі , шторка на лобове скло авто, захист салону від сонця та перегріву",327,307,,0,TopShops - твій інтернет магазин,293,True,https://prom.ua/ua/p3095434922-avtomobilnyj-solntsezaschitnyj-zontik.html
захист від сонця для лобового скла,7783,1332628814,Сонцезахисна шторка 120х45 см на лобове скло захист від сонця в машину автоштори на присосках,520,338,,0,KAZAK-MARKET,1134,True,https://prom.ua/ua/p1332628814-solntsezaschitnaya-shtorka-120h45.html
захист від сонця для лобового скла,7783,2364385050,Жалюзі плісе на вікна для захисту від сонця Supretto (8987),299,239,5,1,APRICE,3111,True,https://prom.ua/ua/p2364385050-zhalyuzi-plisse-okna.html
захист від сонця для лобового скла,7783,2755169451,Накидка на лобове скло для захисту від сонця 195х70 см,199,,1,1,"Усе, що треба, в одному місці! 🔥",283,True,https://prom.ua/ua/p2755169451-nakidka-lobovoe-steklo.html
захист від сонця для лобового скла,7783,2181168959,"Чохол для захисту лобового скла автомобіля від сонця, снігу, льоду, інею",199,,5,1,Space Store UA,612,True,https://prom.ua/ua/p2181168959-chehol-dlya-zaschity.html
захист від сонця для лобового скла,7783,2932483835,Поліроль для лобового скла поліроль для лобового скла оксид оксид оксид,150,,5,3,ELADA- ЦІКАВО!,1540,True,https://prom.ua/ua/p2932483835-polirol-dlya-lobovogo.html
захист від сонця для лобового скла,7783,2991548258,Повний набір для полірування лобового скла фар оптики лінз з оксидом церія 200 грам церия оксид церія окис цер,545,,5,1,AvtoKoN,969,True,https://prom.ua/ua/p2991548258-polnyj-nabor-dlya.html
захист від сонця для лобового скла,7783,1393699577,Захист від сонця на вітрове скло автомобіля Ultimate Speed Германия,100,,,0,ДОМПОБУТ,1841,True,https://prom.ua/ua/p1393699577-zahist-vid-sontsya.html
захист від сонця для лобового скла,7783,2989013432,Автомобільна сонцезахисна шторка-зонт на лобове скло складаний захист від сонця та спеки,598,299,5,1,ToysUkraine,287,True,https://prom.ua/ua/p2989013432-avtomobilnyj-solntsezaschitnyj-zont.html
захист від сонця для лобового скла,7783,2817308787,"Захист для лобового скла автомобіля від сонця, снігу для авто 4159913 tovari prosto",253,190,,0,Товари Просто,254,True,https://prom.ua/ua/p2817308787-zaschita-dlya-lobovogo.html
захист від сонця для лобового скла,7783,3042628392,Сонцезахисна парасоля для лобового скла автомобіля складаний козирок від сонця для захисту салону авто,277,,,0,Товарик,49,True,https://prom.ua/ua/p3042628392-solntsezaschitnyj-zont-dlya.html
захист від сонця для лобового скла,7783,2941401717,Парасолька для захисту лобового скла автомобіля від сонця для легкового авто,370,277.50,,0,CasaJoy,235,True,https://prom.ua/ua/p2941401717-zont-dlya-zaschity.html
захист від сонця для лобового скла,7783,2178111994,Накидка чохол на лобове скло автомобіля від снігу і сонця Лучшая цена,180,99,4.3,3,Tobe,25895,True,https://prom.ua/ua/p2178111994-nakidka-chehol-lobovoe.html
захист від сонця для лобового скла,7783,2182696355,Парасолька сонцезахисна на лобове скло для авто від сонця 78*140 см Сонцезахисна складана шторка для машини,230,161,4.8,70,Goodcase,4510,True,https://prom.ua/ua/p2182696355-zont-solntsezaschitnyj-lobovoe.html
захист від сонця для лобового скла,7783,2998288767,"Заглушки для розеток 10 шт. Білі захист від дітей на розетки, універсальні захисні кришки в електророзетку, набір безпеки",130,120,5,4,BORI,125,True,https://prom.ua/ua/p2998288767-zaglushki-dlya-rozetok.html
захист від сонця для лобового скла,7783,2593568028,"Захист салону від сонця для машини в автомобілі, сонцезахисна шторка на лобове скло",485,358.90,4,1,zybi_zyb_lviv,428,True,https://prom.ua/ua/p2593568028-zaschita-salona-solntsa.html
захист від сонця для лобового скла,7783,2589391348,"Захист від сонця для губ мінеральний з відтінком TiZO Tinted Lip Protection SPF 45, 4,5 g",520,,,0,ncosmetics.ua,875,True,https://prom.ua/ua/p2589391348-zahist-vid-sontsya.html
захист від сонця для лобового скла,7783,2424267670,Накидка чохол на лобове скло від снігу та морозу 195 х 75 см / Шторка захист на скло автомобіля Топ продаж,126,100,3,2,Boson,347,True,https://prom.ua/ua/p2424267670-nakidka-chehol-lobovoe.html
захист від сонця для лобового скла,7783,2976146966,Захист двигуна внутрішнього згоряння (бензин) XADO ATOMEX F8 Complex Formula 250 мл,366,,,0,XADO офиційний магазин на prom.ua,84,True,https://prom.ua/ua/p2976146966-zahist-dviguna-vnutrishnogo.html
захист від сонця для лобового скла,7783,2563986093,Парасолька для автомобіля на лобове скло 78x136 см для захисту від сонця,799,359.55,,0,ПРОМЕТЕЙ🔥,202,True,https://prom.ua/ua/p2563986093-zont-solntsa-dlya.html
захист від сонця для лобового скла,7783,3009513294,Сонцезахисна парасолька на лобове скло для авто складна автомобільна автошторка екран від сонця захист салону + чохол,698,349,,0,trendshopp7,64,True,https://prom.ua/ua/p3009513294-solntsezaschitnyj-zont-lobovoe.html
захист від сонця для лобового скла,7783,2943950227,Сонцезахисна парасоля на лобове скло для авто Шторка від сонця для автомобіля,349,,,0,Auto/microgreen,891,True,https://prom.ua/ua/p2943950227-solntsezaschitnyj-zont-lobovoe.html
захист від сонця для лобового скла,7783,3000130312,"Шторка автомобільна на лобове скло, захист від сонця 140*70",333.45,247,1,1,OZDO,372,True,https://prom.ua/ua/p3000130312-shtorka-avtomobilnaya-lobovoe.html
захист від сонця для лобового скла,7783,2692879792,"Сонцезахисний крем для обличчя з колагеном Sun Protection SPF 50+ / PA+++, Топ Б'юті Top Beauty, 50 мл",300,,,0,Beauty Shop,1817,True,https://prom.ua/ua/p2692879792-solntsezaschitnyj-krem-dlya.html
захист від сонця для лобового скла,7783,3136277310,"Плівка для скла із захистом від сонця, Світловідбиваюче дзеркальне покриття для вікон 45×500 см",250,,,0,marketoptom,618,True,https://prom.ua/ua/p3136277310-plenka-dlya-stekla.html
захист від сонця для лобового скла,7783,2120495333,"Навіс для садових гойдалок Bonro 170x110 см для захисту від сонця без металевого каркасу, для відпочинку просто неба, для подвір'я",485.30,,,0,ForFit Інтернет-магазин спортивних товарів,885,True,https://prom.ua/ua/p2120495333-naves-dlya-sadovyh.html
захист від сонця для лобового скла,7783,2183320144,Парасолька Козирок для лобового скла для захисту від сонця та перегрівання салон Сонцезахисна шторка в авто 79*145 см,320,160,4.7,22,⭐️⭐️⭐️buy online shop,1813,True,https://prom.ua/ua/p2183320144-zont-kozyrek-dlya.html
захист від сонця для лобового скла,7783,1332628814,Сонцезахисна шторка 120х45 см на лобове скло захист від сонця в машину автоштори на присосках,520,338,,0,KAZAK-MARKET,1134,True,https://prom.ua/ua/p1332628814-solntsezaschitnaya-shtorka-120h45.html
захист від сонця для лобового скла,7783,2107978173,Парасолька від сонця на лобове скло автомобіля Better Quality,600,240,4.9,28,ShoppiKids,1766,True,https://prom.ua/ua/p2107978173-zont-solntsa-lobovoe.html
захист від сонця для лобового скла,7783,3088039969,Солнцезахисна Парасолька на лобове скло в авто Автомобільний козирок для захисту від сонця Car Umbrellas,500,250,5,1,ТутКупував,572,True,https://prom.ua/ua/p3088039969-solontsezaschitnyj-zont-lobovoe.html
захист від сонця для лобового скла,7783,1747006962,Накидка для захисту лобового скла та дверей автомобілю Kegel Blazusiak WINTER PLUS 5-3303-246-4010,706,,5,1,Авто7я. Інтернет-магазин автотоварів avto7ya.com.ua,2163,True,https://prom.ua/ua/p1747006962-nakidka-dlya-zahistu.html
ліхтарик налобний,5639,2865526274,Налобний ліхтарик LED 250 люмен з USB-C зарядкою та індикатором батареї,419,267,,0,Апельсинич,510,True,https://prom.ua/ua/p2865526274-nalobnyj-fonarik-led.html
ліхтарик налобний,5639,2961158545,"Налобний ліхтар із червоним світлом COB 500 Lm, широкий промінь, акумулятор 18650, Type-C",449,359.20,4.8,5,SmartBox,112,True,https://prom.ua/ua/p2961158545-nalobnyj-fonar-krasnym.html
ліхтарик налобний,5639,3042420008,"Налобний ліхтар Bailong BL-RJ-3000-T6 потужний LED ліхтар з акумулятором, зумом, регулюванням кута та кількома режимами світла",667,334,5,4,Dax,194,True,https://prom.ua/ua/p3042420008-nalobnyj-fonar-bailong.html
ліхтарик налобний,5639,3007497482,Ліхтарик налобний акамуляторний PL 187R (KX-1804 + Type-C + 1*18650),116,,4.6,7,M2BI Store - світ техніки та аксесуарів,7827,True,https://prom.ua/ua/p3007497482-fonarik-nalobnyj-akkamulyatornyj.html
ліхтарик налобний,5639,2111226423,"Ліхтарик налобний T89-COB 10W Потужний пластиковий / Світлодіодний акумуляторний ліхтар на голову, 3хААА, в асортименті",35.28,,5,11,SAMEVIN - оптово-роздрібний інтернет-магазин,2742,True,https://prom.ua/ua/p2111226423-fonarik-nalobnyj-t89.html
ліхтарик налобний,5639,2564841349,Гумка для налобного ліхтарика універсальна,85,75,5,10,PPricePlus,2016,True,https://prom.ua/ua/p2564841349-rezinka-dlya-nalobnogo.html
ліхтарик налобний,5639,3007491644,Ліхтарик налобний Rablex RB971 1*18650 (2000mah) 2*cob led+2*cob red led/sensor/USB-C,150,,5,13,M2BI Store - світ техніки та аксесуарів,7827,True,https://prom.ua/ua/p3007491644-fonarik-nalobnyj-rablex.html
ліхтарик налобний,5639,1983424250,Налобний акумуляторний ліхтарик Чорний 1200 mAh 350 Lm Світлодіодний налобний ліхтарик,330,270,5,7,"""Royall-Rest"": Інтернет-магазин товарів для дому та відпочинку",406,True,https://prom.ua/ua/p1983424250-nalobnyj-akkumulyatornyj-fonarik.html
ліхтарик налобний,5639,1936189478,Ліхтарик налобний RB-118 (8808),218,,,0,M2BI Store - світ техніки та аксесуарів,7827,True,https://prom.ua/ua/p1936189478-fonarik-nalobnyj-118.html
ліхтарик налобний,5639,1795574197,Налобний ліхтарик VIDEX VLF-H025C 310 Lm 5000 K,740,630,4.9,20,KRP,2737,True,https://prom.ua/ua/p1795574197-nalobnyj-fonarik-videx.html
ліхтарик налобний,5639,1657509339,Світлодіодний налобний ліхтарик Bailong Police RJ-3000,500,299,1,1,"Інтернет-магазин ""FenixShops""",2560,True,https://prom.ua/ua/p1657509339-svetodiodnyj-nalobnyj-fonarik.html
ліхтарик налобний,5639,2356200653,"Ліхтар налобний з лінзою на акумуляторі 18650 Led headlight RJ 3000 Ліхтарик на лоб, Ліхтарик на голову",450,315,5,4,Good shopping,1467,True,https://prom.ua/ua/p2356200653-nalobnyj-fonar-linzoj.html
ліхтарик налобний,5639,2484493605,"Налобний ліхтар із флуоресцентним забарвленням 8096, LED PM10-TG+COB, zoom, 3 АКБ 18650, Рower Вank, ЗУ Type-C",385,,5,13,BigBaza - у нас найкращі ціни!,6348,True,https://prom.ua/ua/p2484493605-nalobnyj-fonar-fluorestsentnoj.html
ліхтарик налобний,5639,2899601583,Акумуляторний ліхтарик налобний TM-G14 Світлодіодний ліхтарик,440,265,5,3,ЮВЕЛСТРОЙ,515,True,https://prom.ua/ua/p2899601583-akkumulyatornyj-fonarik-nalobnyj.html
ліхтарик налобний,5639,3108274033,Налобний ліхтарик Sofirn SP40A TIR OPTIK USB TYPE-C 18650 1200Lm 5000k,1299,,5,5,avant-garde,702,True,https://prom.ua/ua/p3108274033-nalobnyj-fonarik-sofirn.html
ліхтарик налобний,5639,1939554714,Налобний ліхтар Bailong Rj-3000 T6 на 3 LED лампи Лучшая цена,252.20,214,4.8,11,Tobe,25895,True,https://prom.ua/ua/p1939554714-nalobnyj-fonar-bailong.html
ліхтарик налобний,5639,2016199013,"Потужний налобний ліхтар BL-A12-3, P90, Power Bank, АКБ х 18650, zoom, ЗП Type C",410,,4.5,9,BigBaza - у нас найкращі ціни!,6348,True,https://prom.ua/ua/p2016199013-moschnyj-nalobnyj-fonar.html
ліхтарик налобний,5639,2016100192,"Потужний налобний ліхтар BL-A7, P50, АКБ 18650 х 2 шт, zoom, ЗП Type C",300,,4.8,14,BigBaza - у нас найкращі ціни!,6348,True,https://prom.ua/ua/p2016100192-moschnyj-nalobnyj-fonar.html
ліхтарик налобний,5639,2492676361,Налобний ліхтарик Videx VLF- H056 1400 Lm 6500K,1200,,5,2,SANTEXNIK DP.UA,5582,True,https://prom.ua/ua/p2492676361-nalobnyj-fonarik-videx.html
ліхтарик налобний,5639,3161678524,Налобний ліхтарик акумуляторний для сто риболовлі ремонту кемпінгу потужний світлодіодний ліхтар на голову лоб з зарядкою,778,389,,0,"""Мені це потрібно""",87,True,https://prom.ua/ua/p3161678524-nalobnyj-fonarik-akkumulyatornyj.html
ліхтарик налобний,5639,2256692981,Налобний ліхтарик VIDEX VLF-H085-OR 400 Lm 5000 K,594,500,5,11,KRP,2737,True,https://prom.ua/ua/p2256692981-nalobnyj-fonarik-videx.html
ліхтарик налобний,5639,2490986605,Налобний ліхтарик VIDEX VLF-H147 700 Lm 5000K,1059,850,5,5,KRP,2737,True,https://prom.ua/ua/p2490986605-nalobnyj-fonarik-videx.html
ліхтарик налобний,5639,3043568036,"Налобний ліхтар VIDEX VLF-H065A з Luminus SST40, 1200 люменів, IP68, USB-C",1663.75,1297.72,5,2,Суренж,231,True,https://prom.ua/ua/p3043568036-nalobnyj-fonar-videx.html
ліхтарик налобний,5639,3069167531,Налобний ліхтар червоне світло заряджання від USB 2 акумулятори в комплекті,789,489.18,5,3,SmartBox,112,True,https://prom.ua/ua/p3069167531-nalobnyj-fonar-krasnyj.html
ліхтарик налобний,5639,2887650474,Налобний ліхтарик Bailong Police BL-2199-T6 (BL-2199-T6),430,,,0,"Інтернет магазин ""Nomba"".",453,True,https://prom.ua/ua/p2887650474-nalobnyj-fonarik-bailong.html
ліхтарик налобний,5639,2663221649,"Ультралегкий налобний ліхтар Nitecore HA15 UHE (400Лм, 80м, акумулятор Nitecore NL1411R (1100mAh) у комплекті)",1599,1499,,0,White Night,888,True,https://prom.ua/ua/p2663221649-ultralegkij-nalobnyj-fonar.html
ліхтарик налобний,5639,2063365074,"Налобний ліхтарик яскравий розсіювальний для СТО Bailong BL-F007-COB, 3 режими, водостійкий, акумулятор від USB",214,,4.6,8,ПРИКУПИ,2979,True,https://prom.ua/ua/p2063365074-nalobnyj-fonarik-yarkij.html
ліхтарик налобний,5639,3027845056,"Налобний ліхтарик світлодіодний із червоним світлом без акумуляторів, три режима роботи",421,,,0,Зорелюб,672,True,https://prom.ua/ua/p3027845056-nalobnyj-fonarik-svetodiodnyj.html
ліхтарик налобний,5639,3193539745,Ліхтар налобний H25LR LED з червоним світлом фонарик на акумуляторі Wurkkos 3000 мА·год,1200,900,,0,Boyo Energy,876,True,https://prom.ua/ua/p3193539745-fonar-nalobnyj-h25lr.html
ліхтарик налобний,4695,3069167531,Налобний ліхтар червоне світло заряджання від USB 2 акумулятори в комплекті,789,489.18,5,3,SmartBox,112,True,https://prom.ua/ua/p3069167531-nalobnyj-fonar-krasnyj.html
ліхтарик налобний,4695,1427631440,Налобний ліхтар акумуляторний High Power Headlamp Т6 Потужний налобний ліхтарик на голову,515,345,,0,Prime Choice - Кращий вибір,6502,True,https://prom.ua/ua/p1427631440-nalobnyj-fonar-akkumulyatornyj.html
ліхтарик налобний,4695,1719204235,"Налобний ліхтарик HeroLight X6 Pro, Cree LED, вбудований Li-Ion акумулятор, 3 режими, Стробоскоп",100,,3.7,3,Smart Active Shop - розумний магазин,4041,True,https://prom.ua/ua/p1719204235-nalobnyj-fonarik-herolight.html
ліхтарик налобний,4695,2427800962,Ліхтарик налобний акумуляторний Headlight T133 Sensor LED-ліхтарик із червоним світлом,390,,,0,ТЕ ЩО ТРЕБА,198,True,https://prom.ua/ua/p2427800962-fonarik-nalobnyj-akkumulyatornyj.html
ліхтарик налобний,4695,2358986994,Налобний ліхтар світлодіодний 5 Вт 3 режими акумулятори AA налобні ліхтарики із довготривалою роботою потужний тактичний ліхтарі,240,192,,0,Head of Trends,2231,True,https://prom.ua/ua/p2358986994-nalobnyj-fonar-svetodiodnyj.html
ліхтарик налобний,4695,3142621984,Ліхтарик Налобний Світлодіодний VIDEX VLF-H055D 500Lm 5000K - Легкий для Походу Риболовлі та Роботи,1500,1200,5,1,Home State - оптово-роздрібний інтернет магазин,60,True,https://prom.ua/ua/p3142621984-fonarik-nalobnyj-svetodiodnyj.html
ліхтарик налобний,4695,2887667549,Налобний ліхтарик BL-903-TG один режим zoom +TypeC 2х18650,293,,,0,ЕЛЕКТРОЛОГІСТИК,3631,True,https://prom.ua/ua/p2887667549-nalobnij-lihtarik-903.html
ліхтарик налобний,4695,2999229837,"Ліхтарик налобний LED АКБ 2шт, Type-c, zoom, 3 режими",339,322.05,,0,Opt-Treydet-Samar,135,True,https://prom.ua/ua/p2999229837-fonarik-nalobnyj-led.html
ліхтарик налобний,4695,2242900538,Світлодіодний налобний ліхтарик LED 502 USB KNZ,240,140,4,1,🔥𝐊𝐀𝐍𝐙𝐄𝐗𝐏𝐄𝐑𝐓.com.ua🔥,3139,True,https://prom.ua/ua/p2242900538-svetodiodnyj-nalobnyj-fonarik.html
ліхтарик налобний,4695,1729274706,"Налобний ліхтарик CATA CT-9123, 3 реж., корпус-пластик, водостійкий, ip44, вбудований аккум, 6400K, BOX",350,,5,1,"Інтернет магазин ""Tenhouse""",1153,True,https://prom.ua/ua/p1729274706-nalobnyj-fonarik-cata.html
ліхтарик налобний,4695,3132082299,Ліхтарик налобний акумулятор з магнітом 18650 OPV,121,,,0,Юзон,2777,True,https://prom.ua/ua/p3132082299-lihtarik-nalobnij-akumulyator.html
ліхтарик налобний,4695,2111231966,"Ліхтарик налобний Videx VLF-H055D 500Lm 5000K (ЗП Type-C, Li-ion VLF-B12 1200mAh/3x AAA, 6Р)",966.88,,,0,SAMEVIN - оптово-роздрібний інтернет-магазин,2742,True,https://prom.ua/ua/p2111231966-fonarik-nalobnyj-videx.html
ліхтарик налобний,4695,2491564293,Налобний ліхтарик Videx VLF-H035C 410Lm 5000K,710,,,0,SANTEXNIK DP.UA,5582,True,https://prom.ua/ua/p2491564293-nalobnyj-fonarik-videx.html
ліхтарик налобний,4695,2772923917,"Ліхтарик налобний з магнітом, USB",78,,4.6,7,"Магазин ""Корд""",3548,True,https://prom.ua/ua/p2772923917-lihtarik-nalobnij-magnitom.html
ліхтарик налобний,4695,2634234740,Налобний ліхтарик CY-2027-C із затискачем для капелюха (Type-C) SN27,156,,2,1,Sense,27460,True,https://prom.ua/ua/p2634234740-nalobnyj-fonarik-2027.html
ліхтарик налобний,4695,2981070933,"Налобний ліхтарик Duka ATuMan MH1 LED, 2 шт. із зарядним кесом 6600mAh",2300,,5,3,Твій Гаджет,2333,True,https://prom.ua/ua/p2981070933-nalobnyj-fonarik-duka.html
ліхтарик налобний,4695,2858093674,"Багатофункціональний налобний ліхтарик XiaoMi ATuMan DUKA MH1, портативний",1095,,5,1,Магазин хобі,215,True,https://prom.ua/ua/p2858093674-mnogofunktsionalnyj-nalobnyj-fonarik.html
ліхтарик налобний,4695,2633957724,Налобний ліхтарик X-BAIL BL-1807 з білим світлом (Type-C) OM227,156,,,0,"Інтернет-магазин товарів для дому ""ОптМісто""",7293,True,https://prom.ua/ua/p2633957724-nalobnyj-fonarik-bail.html
ліхтарик налобний,4695,2400710998,Ліхтарик налобний X-BALOG Чорний,300,,,0,SoTa,671,True,https://prom.ua/ua/p2400710998-lihtarik-nalobnij-balog.html
ліхтарик налобний,4695,2589042308,Ліхтарик налобний акумуляторний L-T21 5LED/USB,275,220,4,1,Ставрида,1623,True,https://prom.ua/ua/p2589042308-fonarik-nalobnyj-akkumulyatornyj.html
ліхтарик налобний,4695,1212468735,Налобний Ліхтарик YJ-1898,340,,,0,Інтернет-магазин DROPX,560,True,https://prom.ua/ua/p1212468735-nalobnyj-fonarik-1898.html
ліхтарик налобний,4695,1638453871,Маленький налобний ліхтарик з акумулятором і USB-зарядкою BL-1804A COB + XPE + Sensor руху,198,,4.5,4,ПРИКУПИ,2979,True,https://prom.ua/ua/p1638453871-malenkij-nalobnyj-fonarik.html
ліхтарик налобний,4695,2043626071,Ліхтарик налобний RB 129 T6 Zoom,279,,5,1,M2BI Store - світ техніки та аксесуарів,7827,True,https://prom.ua/ua/p2043626071-fonarik-nalobnyj-129.html
ліхтарик налобний,4695,2738955581,Налобний ліхтарик без стробоскопа ( 2 режима ),493,,,0,Кращий вибір,664,True,https://prom.ua/ua/p2738955581-nalobnij-lihtarik-bez.html
ліхтарик налобний,4695,3149585202,"Налобний ліхтарик BL-2188B-T6, (2x18650, мережа/12V) / Акумуляторний ліхтар для кемпінгу / Універсальний ліхтарик на голову",378.57,265,5,1,Homstera,2309,True,https://prom.ua/ua/p3149585202-nalobnyj-fonarik-2188b.html
ліхтарик налобний,4695,3118826786,"Ліхтарик налобний LED 120 Lm HEADLAMP MINI (blister 1 шт), виробник: BOSMA, код: 6766",293,,,0,ЗАПЧАСТИНА.com,1455,True,https://prom.ua/ua/p3118826786-lihtarik-nalobnij-led.html
ліхтарик налобний,4695,1671190604,"Ліхтарик налобний аккумуляторний BL 862 T6 та COB, 1000 лм, Чорний / Ліхтарик на голову з акумулятором / Ліхтарик на лоб",350.39,245.27,,0,OnlineMarket,34582,True,https://prom.ua/ua/p1671190604-nalobnyj-fonarik-akkumulyatornyj.html
ліхтарик налобний,4695,2619892564,Налобний ліхтарик Mil-Tec із 4 світлодіодами універсальний ліхтар для туризму риболовлі полювання кемпінгу,1110,891,,0,Horbs_com_ua,271,True,https://prom.ua/ua/p2619892564-nalobnyj-fonarik-mil.html
ліхтарик налобний,4695,2997846799,"Ліхтарик налобний LED з сенсором, Type-c, 3 режими",169,160.55,,0,Opt-Treydet-Samar,135,True,https://prom.ua/ua/p2997846799-fonarik-nalobnyj-led.html
павербанк,5863,2883801053,"Павербанк бездротовий MagSafe BT Battery Pack 10000 mAh, магнітний, для iPhone",1210,,5,1,ТЕХНОБАЗА,796,True,https://prom.ua/ua/p2883801053-paverbank-besprovodnoj-magsafe.html
павербанк,5863,3213056704,Павербанк Anker 737-A1289 24000 мА·год 140 Вт Повербанк зі швидкою зарядкою Power Bank для телефону ноутбука Зовнішній акумулятор,8186,4093,,0,For_Shop,46,True,https://prom.ua/ua/p3213056704-paverbank-anker-737.html
павербанк,5863,3162820474,Павербанк 20000 mAh повербанк 20000 з швидкою зарядкою 22.5W HOCO J136A повер банк для роутера power bank 20000 для телефона,995,825,,0,Zaryad.pro,575,True,https://prom.ua/ua/p3162820474-paverbank-20000-mah.html
павербанк,5863,2916234621,Корпус 21700 на 12 АКБ зі швидкою зарядкою лед панеллю PowerBank Fast Charge PD3.0,1225,,5,6,F.I.V.E.StarsShop,2979,True,https://prom.ua/ua/p2916234621-korpus-21700-akb.html
павербанк,5863,3163255504,Павербанк з ліхтариком Power Bank із сонячною панеллю для телефона UN-3102 400000mAh Портативний зовнішній акумулятор,1200,600,,0,StoreBroad-range,391,True,https://prom.ua/ua/p3163255504-paverbank-fonarikom-power.html
павербанк,5863,2572763038,УМБ Павербанк Hoco DB03 Endure 100000mAh 22.5W Black,4299,3799,4.8,5,GadgetPoint,287,True,https://prom.ua/ua/p2572763038-umb-paverbank-hoco.html
павербанк,5863,1988027233,"Корпус powerbank зі швидким заряджанням №216 (6х21700, PD3.0, QC3.0)",520,,4.9,53,Інтернет-магазин T-port,4816,True,https://prom.ua/ua/p1988027233-korpus-powerbank-bystroj.html
павербанк,5863,3187574272,"Корпус павербанка на 2 акумулятори 21700, 22.5W, USB Type-C, швидка зарядка, змінні акумулятори, Сірий",699,599,5,1,GoodDeal,307,True,https://prom.ua/ua/p3187574272-korpus-paverbanka-akkumulyatora.html
павербанк,5863,3162820469,Павербанк 50000 mAh повербанк 50000 зі швидкою зарядкою 22.5W BOROFONE BJ66A повер банк з ліхтарем power bank 50000 для телефону,2295,1795,,0,Zaryad.pro,575,True,https://prom.ua/ua/p3162820469-paverbank-50000-mah.html
павербанк,5863,2872325023,Павербанк 20000 mAh повербанк 20000 з швидкою зарядкою 22.5W HOCO J159A павер банк для роутера power bank,895,795,4.9,34,geo-market.com.ua,6334,True,https://prom.ua/ua/p2872325023-paverbank-20000-mah.html
павербанк,5863,2709437521,Павербанк 30000 mAh повербанк 30000 з швидкою зарядкою 22.5W BOROFONE BJ80B повер банк для роутера power bank 30000 для телефона,1195,,4.9,24,geo-market.com.ua,6334,True,https://prom.ua/ua/p2709437521-paverbank-30000-mah.html
павербанк,5863,3185459900,"Павербанк 20000 мАг для телефону з цифровим дисплеєм, двома USB виходами, Type-C та Micro-USB, портативний акумулятор",1978,989,,0,TrenDozA,93,False,https://prom.ua/ua/p3185459900-paverbank-20000-mach.html
павербанк,5863,1697618523,"Павербанк 60000mAh із швидкою зарядкою HOCO J86B + Ліхтарик 4USB/microUSB/Type-C, 22.5W, QC/PD Чорний",2495,1995,4.9,17,LiteStore,1848,True,https://prom.ua/ua/p1697618523-paverbank-60000mah-bystroj.html
павербанк,5863,2738816460,"Павербанк з камерою, Міні-камера Портативна камера Power Bank 10000mAh 1080P Камера безпеки",4000,,5,2,Legko Shop,59,False,https://prom.ua/ua/p2738816460-paverbank-kameroj-mini.html
павербанк,5863,2870525553,Павербанк 50000 mAh для роутера айфона Remzona Extrinity 50X 22.5W швидка зарядка PD QC дисплей ліхтарик,3509,2699,,0,Remzona – Український бренд гаджетів та аксессуарів,105,True,https://prom.ua/ua/p2870525553-poverbank-50000-mah.html
павербанк,5863,2877273125,"Powerbank швидке заряджання для смартфона fast charge 22,5w Повербанки Awei Потужний якісний повербанк",4494,2247,4.2,8,🔱 «Saturn» Компетентність! Якість товару! Швидка відправка! ✅,320,True,https://prom.ua/ua/p2877273125-powerbank-bystraya-zaryadka.html
павербанк,5863,2711457292,Павербанк 50000mAh з швидкою зарядкою 22.5W BOROFONE BJ80C 2USB/Type-C/microUSB Чорний,1700,1495,5,6,LiteStore,1848,True,https://prom.ua/ua/p2711457292-paverbank-50000mah-bystroj.html
павербанк,5863,2653698438,Павербанк на 80000mAh 65W Hoco Premium J152 Pro Tough 308Wh швидка зарядка + великий ліхтар,6999,4299,4.5,9,EriksAnn,3838,True,https://prom.ua/ua/p2653698438-paverbank-80000mah-65w.html
павербанк,5863,2711457291,Павербанк 30000mAhз швидкою зарядкою 22.5W BOROFONE BJ80B 2USB/Type-C/microUSB Чорний,1195,995,,0,LiteStore,1848,True,https://prom.ua/ua/p2711457291-paverbank-30000mah-bystroj.html
павербанк,5863,2351274571,Павербанк повербанк 60000mAh зі швидкою зарядкою 22.5W та ліхтарем BOROFONE BJ66B 2USB/1Type-C Чорний,2295,2095,,0,LiteStore,1848,True,https://prom.ua/ua/p2351274571-paverbank-poverbank-60000mah.html
павербанк,5863,3175079720,"Корпус для павербанка 21700 5000mAh, PD 20W, 22.5W, USB + Type-C, швидка зарядка, без пайки, знімний акумулятор, Чорний",499,399,,0,GoodDeal,307,True,https://prom.ua/ua/p3175079720-korpus-dlya-paverbanka.html
павербанк,5863,2509946490,"PowerBank Lisen Ultra Slim MagSafe 5000mAh, повербанк з MagSafe, швидка зарядка, бездротовий повербанк 20w",1350,799,5,5,Perfect,2574,True,https://prom.ua/ua/p2509946490-powerbank-lisen-ultra.html
павербанк,5863,2934536351,Повербанк (Павербанк) Redmi 1 Xiaomi Samsung iPhone 20000 mAh White Швидка зарядка PD/QC / Power Bank,600,,4.1,10,MAXSTORE,222,True,https://prom.ua/ua/p2934536351-poverbank-paverbank-redmi.html
павербанк,5863,2228939156,"Павербанк 90000mAh з швидкою зарядкою, ліхтарем і дисплеєм HOCO J123D 3USB/Type-C, QC22.5W+PD20W Чорний",3295,2895,5,13,TopGadget,3756,True,https://prom.ua/ua/p2228939156-paverbank-90000mah-bystroj.html
павербанк,5863,2925358358,Повербанк Gaiaray 50000 mAh 120W Power Bank портативний акумулятор швидка зарядка Type-C USB Lightning для ноутбука,1999,1899,5,2,Lots24.com.ua,19013,True,https://prom.ua/ua/p2925358358-paverbank-gaiaray-power.html
павербанк,5863,2519287727,"Потужний повербанк Powerbank 50000 mAh із швидкою зарядкою 33.5W |4USB/Type-C, PD20W| + подарунок кабель",2399,1999,5,25,"""ukr-smart.com.ua"" - інтернет-магазин",645,True,https://prom.ua/ua/p2519287727-moschnyj-poverbank-powerbank.html
павербанк,5863,1725485256,"Павербанк imuto Power Cube 138.3Wh/38400mAh потужність 200W, швидке заряджання, портативна зарядна станція",5000,,3,1,ProGadget.com.ua - Ваш СВІТ персональної електроніки!,623,True,https://prom.ua/ua/p1725485256-paverbank-imuto-power.html
павербанк,5863,2991804671,Портативні зарядні пристрої !Hom-te!1 гарний якісний потужний Power Bank 100000mAh павербанки потужні пауер банк Awei,4291,2145.50,,0,Techno-Home,51,True,https://prom.ua/ua/p2991804671-portativnye-zaryadnye-ustrojstva.html
павербанк,5863,3119887318,Павербанк Borofone BJ79C Clever 50000mAh PD20W + QC22.5W power bank чорний,1690,,,0,MyBattery,3353,True,https://prom.ua/ua/p3119887318-paverbank-borofone-bj79c.html
павербанк,5863,1751191567,УМБ PowerBank Q9 10000 mAh 20W (MagSafe),1699,1349,4,4,FlyEnergy,417,True,https://prom.ua/ua/p1751191567-umb-powerbank-10000.html
павербанк,5863,3141892239,"TM Потужний повербанк із Vibe One ліхтариком, павербанки зовнішні акумулятори для кпк Powerbank 30000m Version",2192,1096,,0,Tech-Zone,19,True,https://prom.ua/ua/p3141892239-moschnyj-poverbank-vibe.html
павербанк,5863,3206589787,"Павербанк Borofone BJ79 10000mAh 22.5W | USB: Lighting, Type-C | Білий",1146.54,859.90,,0,Goods — просто. зручно. для вас,26,True,https://prom.ua/ua/p3206589787-portativnoe-zaryadnoe-ustrojstvo.html
павербанк,5863,3142002683,"Павербанк BOROFONE DBT35A 40000 mAh (22.5W, PD/QC 3.0) з ліхтариком та вбудованими кабелями Type-C/Lightning",1873.75,1499,4.8,5,Svitlobude - джерело вашого світла та комфорту.,1747,True,https://prom.ua/ua/p3142002683-poverbank-borofone-dbt35a.html
павербанк,5863,2918228295,"Корпус-павербанк під акумулятори 21700×6, QC+PD22.5W, USB-A/Micro/Type-C, для самостійного складання",427,,4.7,9,СЦ Екран,8693,True,https://prom.ua/ua/p2918228295-korpus-paverbank-pod.html
павербанк,5863,3186494742,"Павербанк великої ємності 40000 mAh 22.5 для заряджання телефона та wi-fi роутера з цифровим дисплеєм, Зовнішній акумулятор",3396,1698,5,2,AKT,783,True,https://prom.ua/ua/p3186494742-paverbank-bolshoj-emkosti.html
павербанк,5863,3162820473,Павербанк 20000 mAh повербанк 20000 зі швидкою зарядкою 22.5W BOROFONE BJ56A повер банк для роутера power bank 20000 для телефону,895,695,,0,Zaryad.pro,575,True,https://prom.ua/ua/p3162820473-paverbank-20000-mah.html
павербанк,5863,2916219512,Корпус під 21700 16 АКБ зі швидкою зарядкою та лед панеллю PowerBank Fast Charge PD3.0,1279,,4.9,8,F.I.V.E.StarsShop,2979,True,https://prom.ua/ua/p2916219512-korpus-pid-21700.html
павербанк,5863,3214803727,Потужний повербанк 80000 мАг HOCO J161 22.5W - Павербанк з LED-лампою - Powerbank з швидкою зарядкою,4200,3350,,0,SECRETX,6,True,https://prom.ua/ua/p3214803727-moschnyj-poverbank-80000.html
павербанк,5863,3172084532,"Powerbank 100000mAh Авей, швидка зарядка 22.5w PD QC USB C/A, велика повер банка з реміцем, повербанк для подорожей",3156,2956,,0,HotMarket,99,True,https://prom.ua/ua/p3172084532-powerbank-100000mah-avej.html
павербанк,5863,3185901571,Павербанк Power Bank A5 1000 мА·год 5 В Li-ion 18650 USB-A Micro-USB з кабелем і брелоком зелений Уцінка,147.50,118,5,1,Evelex Store,5851,True,https://prom.ua/ua/p3185901571-poverbank-power-bank.html
павербанк,5863,2572763039,Павербанк Power bank Hoco DB03 Max Centurion 100000mah 65W Black Power bank,5499,5399,4.9,15,GadgetPoint,287,True,https://prom.ua/ua/p2572763039-paverbank-hoco-db03.html
павербанк,5863,3192129410,"Павербанк Baseus Adaman 20000 мАг 22.5 Вт швидка зарядка QC 3.0 + PD 3.0, цифровий дисплей",4000,1899,,0,tovarkastoreua,25,True,https://prom.ua/ua/p3192129410-paverbank-baseus-adaman.html
павербанк,5863,2735414033,Павербанк 20000 mAh з швидкою зарядкою 45W повербанк 20000 з MagSafe HOCO Q44A повер банк 20000 з кабелем Type-C power bank 20000,1995,1595,,1,geo-market.com.ua,6334,True,https://prom.ua/ua/p2735414033-paverbank-20000-mah.html
павербанк,5863,2740390739,Павербанк 80000mAh з швидкою зарядкою 22.5W і ліхтарем HOCO J161 Type-C/2USB,2800,2595,5,5,TopGadget,3756,True,https://prom.ua/ua/p2740390739-paverbank-80000mah-bystroj.html
павербанк,5863,3187332333,"Корпус повербанк 21700 на 16 акб, Powerbank led лампа",900,,5,4,2будка,569,False,https://prom.ua/ua/p3187332333-korpus-poverbank-21700.html
павербанк,5863,2906390053,"Повербанк Hoco J166 50000mAh Carretera 22.5W швидка зарядка, ліхтарик 3xUSB/2xType-C Чорний",2895,2395,5,1,Tech Besh,144,True,https://prom.ua/ua/p2906390053-paverbank-hoco-j166.html
павербанк,5863,1732750771,Павербанк 30000 mAh повербанк 30000 з швидкою зарядкою 22.5W HOCO J101B повер банк для роутера power bank 30000 для телефону,1395,1145,5,14,Best-Buy,3253,True,https://prom.ua/ua/p1732750771-paverbank-30000-mah.html
павербанк,5863,2860571470,Павербанк konfulon Потужні зовнішні акумулятори Чорна power bank для телефона Портативні акумулятори,5088,2544,,0,🔱 «Saturn» Компетентність! Якість товару! Швидка відправка! ✅,320,True,https://prom.ua/ua/p2860571470-paverbank-konfulon-moschnye.html
павербанк,5863,3199450550,Павербанк AOGUERBE Power Bank MagSafe 10000 мА·год,1400,,,0,Mini_Iov_Max,107,True,https://prom.ua/ua/p3199450550-paverbank-aoguerbe-power.html
павербанк,5863,3156925269,Павербанк Hoco DB101 120000mAh 22.5W з ліхтарем і швидкою зарядкою чорний,3650,,5,5,Супермаркет мобільних аксесуарів,514,True,https://prom.ua/ua/p3156925269-paverbank-hoco-db101.html
павербанк,5863,3120065911,Повербанк Baseus Magnetic Mini Air 20W 6000mAh MagSafe Білий,1789,1699.55,,0,Voltix,14,True,https://prom.ua/ua/p3120065911-paverbank-baseus-magnetic.html
павербанк,5863,3046946810,"Павербанк (зовнішній акумулятор) з ліхтариком, Aspiring Light 30 PD 22.5W 30000mAh",1500,,,0,AUDIODOCTOR,398,True,https://prom.ua/ua/p3046946810-paverbank-vneshnij-akkumulyator.html
павербанк,5863,3162820455,Павербанк 30000 mAh повербанк 30000 з швидкою зарядкою 22.5W HOCO J101B повер банк для роутера power bank 30000 для телефону,1395,1145,5,1,Zaryad.pro,575,True,https://prom.ua/ua/p3162820455-paverbank-30000-mah.html
павербанк,5863,2892930752,"Павербанк Xiaomi Mi 3 Ultra Compact 10000mAh, 22.5W QC, зовнішній аккумулятор, батарея, УМБ, power bank",1101,,,0,СЦ Екран,8693,True,https://prom.ua/ua/p2892930752-paverbank-xiaomi-ultra.html
павербанк,5863,2094430731,"Павербанк 10000 mAh PD 22.5W Magsafe, бездротова магнітна зарядка 15W, швидка зарядка 3.0 PD, для айфона, роутера",2900,1798,,0,Villini,306,True,https://prom.ua/ua/p2094430731-paverbank-10000-mah.html
павербанк,5863,3099347876,Корпус повербанк на АКБ 21700 powerbank на 16,900,,4.9,26,2будка,569,False,https://prom.ua/ua/p3099347876-korpus-poverbank-akb.html
павербанк,5863,3096722067,"Повербанк BJ80B Clever 30000 мА·год, 22,5 Вт + PD 20 Вт, повна сумісність,Black .Borofone",939.71,,,0,prestige-auto,1744,True,https://prom.ua/ua/p3096722067-paverbank-bj80b-clever.html
павербанк,5863,2892930756,"Павербанк Xiaomi Mi 20000mAh, 50W, Quick Charge 3.0, зовнішній акумулятор, батарея, УМБ, power bank",1932,,5,1,СЦ Екран,8693,True,https://prom.ua/ua/p2892930756-poverbank-xiaomi-20000mah.html
нагрівач для рук USB,76,2084181050,"Килимок екокашеміровий 50*30 см з підігрівом USB від Power Bank, прикурювач, комп'ютер",410,,4.9,15,Gadget-box,942,True,https://prom.ua/ua/p2084181050-mobilnyj-ekokashemirovyj-kovrik.html
нагрівач для рук USB,76,2799294767,Електрична грілка для рук Proove HeatBean кишенькова багаторазова грілка для долонь на акумуляторі,1199,,5,1,TeсhnoVubir - тільки якісні аксесуари,1108,True,https://prom.ua/ua/p2799294767-elektricheskaya-grelka-dlya.html
нагрівач для рук USB,76,2796733933,Грілка для рук електрична Proove HeatBean кишенькова багаторазова грілка для долонь акумуляторна (коричнева),1199,,,0,ТЕХНОЛАЙКИ - найкращі аксесуари для вашої техніки,809,True,https://prom.ua/ua/p2796733933-grelka-dlya-ruk.html
нагрівач для рук USB,76,1790673120,"Килимок Мультикам з підігрівом USB від Power Bank, прикурювач, комп'ютер",330,,4.5,4,Gadget-box,942,True,https://prom.ua/ua/p1790673120-kovrik-multikam-podogrevom.html
нагрівач для рук USB,76,3014475365,Комплект із 2 перезаряджуваних грілок для рук 6000 mAh FANDLISS HW0001 Електричні грілки для рук,790,,,0,Stock Hub,3902,False,https://prom.ua/ua/p3014475365-komplekt-perezaryazhaemyh-grelok.html
нагрівач для рук USB,76,3170026610,"Універсальна Турбо електрична грілка для ніг плюшева, рук USB нагрівач килимок із підігрівом 29 * 28 см",650,495,,0,шопоголік,62,True,https://prom.ua/ua/p3170026610-universalnaya-turbo-elektricheskaya.html
нагрівач для рук USB,76,2763283526,Наручний нагрівач із трьома режимами від USB | Пов'язка на зап'ястку з підігрівом,335,,,0,Інтернет-магазин Khoztovar.com.ua,10006,True,https://prom.ua/ua/p2763283526-naruchnyj-obogrevatel-tremya.html
нагрівач для рук USB,76,2851896961,USB-нагрівач для рук стильна та зручна грілка,536.90,413,,0,Pokupishka,1058,True,https://prom.ua/ua/p2851896961-usb-obogrevatel-dlya.html
нагрівач для рук USB,76,2951054897,USB нагрівач для рук муфту грілка ідеальний засіб проти холоду,492.75,365,,0,OZDO,372,True,https://prom.ua/ua/p2951054897-usb-obogrevatel-dlya.html
нагрівач для рук USB,76,3212603919,Грілка для рук Муфта для щоденного використання багаторазова Usb нагрівач для рук Електричні грілки електрогрілки,1118,559,,0,Інтернет магазин «Electro Dream» 🛒 Компетентність! Якість товару! Швидка відправка! ✅,245,True,https://prom.ua/ua/p3212603919-grelka-dlya-ruk.html
нагрівач для рук USB,76,3019767028,Електрична USB грілка для рук з графеновим нагрівачем 28.5х44.5см,449,249,,0,"Інтернет-магазин ""Vel24""",1288,True,https://prom.ua/ua/p3019767028-elektricheskaya-usb-grelka.html
нагрівач для рук USB,76,2478644057,Нагрівач для рук з USB-зарядкою кишеньковий AND AA21-1 (дропшиппінг),264,,,0,MegaBox,612,True,https://prom.ua/ua/p2478644057-nagrevatel-dlya-ruk.html
нагрівач для рук USB,76,3213566824,Портативний USB обігрівач для шиї бездротовий з 4 режимами нагріву для комфортного тепла KTUVZ,1041,694,,0,iMag,9,True,https://prom.ua/ua/p3213566824-portativnyj-usb-obogrevatel.html
нагрівач для рук USB,76,2793208833,"М яка електрична грілка для ніг з USB живленням Турбо електрична грілка для ніг, рук USB нагрівач килимок із підігрівом 30*30 см",375,,,0,НашаСкриня,1804,True,https://prom.ua/ua/p2793208833-myagkaya-elektricheskaya-grelka.html
нагрівач для рук USB,76,2881255418,Нагрівач для рук з USB-зарядкою кишеньковий AND AA21-1,330,,,0,HANNA,126,True,https://prom.ua/ua/p2881255418-obogrevatel-dlya-ruk.html
нагрівач для рук USB,76,3200885237,Зігрівальний пояс грілка для спини та рук електрична USB нагрівач для зняття болю та розслаблення,630,530,,0,шопоголік,62,True,https://prom.ua/ua/p3200885237-sogrevayuschij-poyas-grelka.html
нагрівач для рук USB,76,2861545776,"Електрична грілка для рук Котяча лапка, USB, Біла/ Мініі нагрівач для рук/кишеньковий нагрівач/Мершування Підроб",249,,,0,Брендові речі,70,True,https://prom.ua/ua/p2861545776-elektricheskaya-grelka-dlya.html
нагрівач для рук USB,76,1722283174,"Мобільний килимок із підігрівом USB від Power Bank, прикурювач, комп'ютер / коврик з підігрівом",380,,,0,Gadget-box,942,True,https://prom.ua/ua/p1722283174-kovrik-plyushevyj-podogrevom.html
нагрівач для рук USB,76,2446979367,"Килимок ""Піксель"" з підігрівом USB від Power Bank, прикурювач, комп'ютер",330,,,0,Gadget-box,942,True,https://prom.ua/ua/p2446979367-kovrik-piksel-podogrevom.html
нагрівач для рук USB,76,2925177169,Гірлянда штора 3х3м 240 LED різнобарвний для прикрашання вікон і приміщень,882,551,,0,Techbutik,958,False,https://prom.ua/ua/p2925177169-girlyanda-shtora-3h3m.html
нагрівач для рук USB,76,1980117497,"Нагрівальний елемент (50 °C) від USB для взуття, одягу, дитячого візка 30*30 см",546,,,0,5sezon,1349,True,https://prom.ua/ua/p1980117497-nagrevatelnyj-element-usb.html
нагрівач для рук USB,76,2018923137,"Нагрівальний елемент (50 °C) від USB для взуття, одягу, дитячого візка 15*20см",324,,5,1,5sezon,1349,True,https://prom.ua/ua/p2018923137-nagrevatelnyj-element-usb.html
нагрівач для рук USB,76,1737895243,Килимок глілка для дитячого візочка працює від Power Bank,330,,5,2,Gadget-box,942,True,https://prom.ua/ua/p1737895243-kovrik-grelka-dlya.html
нагрівач для рук USB,76,3101952594,Електрогрілка для спини та рук USB 3 режими обігріву 105 см сірий LS-2111,896,498,,0,SmartLario,191,True,https://prom.ua/ua/p3101952594-elektrogrelka-dlya-spiny.html
нагрівач для рук USB,76,1950206483,"Нагрівач для рук Meco HCD-060, портативний, два режими роботи, заряджання від USB",430,408.50,,0,Xm-Shop,715,True,https://prom.ua/ua/p1950206483-obogrevatel-dlya-ruk.html
нагрівач для рук USB,76,2392366179,"Турбо електрична грілка для ніг, рук USB нагрівач килимок із підігрівом 29 * 28 см",745,495,5,2,Solar Energy,1388,True,https://prom.ua/ua/p2392366179-turbo-elektricheskaya-grelka.html
нагрівач для рук USB,76,2817035734,Зігрівальний пояс грілка для спини та рук електрична USB нагрівач для зняття болю та розслаблення,938,552,5,4,Захист і стиль — в одному магазині,3247,True,https://prom.ua/ua/p2817035734-sogrevayuschij-poyas-grelka.html
нагрівач для рук USB,76,1961994618,"Обігрівач для рук Meco XHC-L023, портативний, вибір температури, ліхтарик, заряджання від USB",499,474.05,,0,Xm-Shop,715,True,https://prom.ua/ua/p1961994618-obogrevatel-dlya-ruk.html
нагрівач для рук USB,76,2446982670,"Килимок грілка ""Піксель"" працює від Power Bank коврик теплий",330,,,0,Gadget-box,942,True,https://prom.ua/ua/p2446982670-kovrik-grelka-rabotaet.html
нагрівач для рук USB,76,2446984981,"Килимок ""Піксель"" з підігрівом USB від Power Bank, прикурювач, комп'ютер",330,,,0,Gadget-box,942,True,https://prom.ua/ua/p2446984981-kovrik-piksel-podogrevom.html
нагрівач для рук USB,76,1700167971,"Мобільний тактичний килимок з підігрівом USB від Power Bank, прикурювач, комп'ютер",330,,3.7,3,Gadget-box,942,False,https://prom.ua/ua/p1700167971-mobilnyj-takticheskij-kovrik.html
нагрівач для рук USB,76,1700867204,"Мобільний тактичний килимок з підігрівом USB від Power Bank, прикурювач, комп'ютер",330,,5,2,Gadget-box,942,False,https://prom.ua/ua/p1700867204-takticheskij-kovrik-podogrevom.html
нагрівач для рук USB,76,3201274679,Електрична грілка-муфта для рук TaoBao Песик USB-грілка для рук портативний нагрівач-муфта м'яка зимова грілка (0180),399,299,,0,ВЕЛИКА ВДАЧА,764,True,https://prom.ua/ua/p3201274679-elektricheskaya-grelka-mufta.html
нагрівач для рук USB,76,1918746501,Нагрівач газовий радіатор тип з'єднання EN417 Mil-Tec 14976050-,1160,,,0,DOMON — онлайн-магазин,1747,True,https://prom.ua/ua/p1918746501-obogrevatel-gazovyj-radiator.html
нагрівач для рук USB,76,1918871070,Нагрівач каталітичний банзиновий Mil-Tec MT-Professional 15280002,425,,,0,DOMON — онлайн-магазин,1747,True,https://prom.ua/ua/p1918871070-obogrevatel-kataliticheskij-banzinovyj.html
нагрівач для рук USB,76,2588488685,"Електрогрілка для рук 4000 мАг компактна, заряджається, ідеальна для кемпінгу, полювання, риболовлі, спорту",1000,700,,0,P1,148,False,https://prom.ua/ua/p2588488685-elektrogrilka-dlya-ruk.html
нагрівач для рук USB,76,1668421427,Газовий балон туристичний OPTIMUS Butan 100 г 14911900,347,,,0,DOMON — онлайн-магазин,1747,True,https://prom.ua/ua/p1668421427-gazovyj-ballon-turisticheskij.html
нагрівач для рук USB,76,1668717922,Газовий пальник Mil-Tec Spider 14911100-,1107,,,0,DOMON — онлайн-магазин,1747,True,https://prom.ua/ua/p1668717922-gazovaya-gorelka-mil.html
нагрівач для рук USB,76,1668722930,Газовий пальник Mil-Tec Spider Big 14911050,726,,,0,DOMON — онлайн-магазин,1747,True,https://prom.ua/ua/p1668722930-gazovaya-gorelka-mil.html
нагрівач для рук USB,76,1668725517,Газовий пальник Mil-Tec Spider Foldable 14911000,912,,,0,DOMON — онлайн-магазин,1747,True,https://prom.ua/ua/p1668725517-gazovaya-gorelka-mil.html
нагрівач для рук USB,76,1670173829,Складана плита Mil-Tec Survival Kocher 14918000,305,,,0,DOMON — онлайн-магазин,1747,True,https://prom.ua/ua/p1670173829-skladnaya-plita-mil.html
нагрівач для рук USB,76,1697786569,Портативна газова плита з п'єзопідпалом CAMPFIRE TAE041,539,,,0,DOMON — онлайн-магазин,1747,True,https://prom.ua/ua/p1697786569-portativnaya-gazovaya-plita.html
нагрівач для рук USB,76,1700537287,Портативна газова плита з п'єзопідпалом Happy Home в кейсі,643,,,0,DOMON — онлайн-магазин,1747,True,https://prom.ua/ua/p1700537287-portativnaya-gazovaya-plita.html
нагрівач для рук USB,76,1738163177,Тринога для приготування їжі Mil-Tec 14694000,1011,,,0,DOMON — онлайн-магазин,1747,True,https://prom.ua/ua/p1738163177-trenoga-dlya-prigotovleniya.html
нагрівач для рук USB,76,1747084757,Пальник газовий M-Tac M-TAC Travel Cooking System 60035000,3386,,,0,DOMON — онлайн-магазин,1747,True,https://prom.ua/ua/p1747084757-gorelka-gazovaya-tac.html
нагрівач для рук USB,76,1748919140,Пальник спиртовий Mil-Tec 14914000-,465,,,0,DOMON — онлайн-магазин,1747,True,https://prom.ua/ua/p1748919140-gorelka-spirtovaya-mil.html
нагрівач для рук USB,76,1761188673,Вітрозахист для туристичних плит MFH 33687,445,,,0,DOMON — онлайн-магазин,1747,True,https://prom.ua/ua/p1761188673-vetrozaschita-dlya-turisticheskih.html
нагрівач для рук USB,76,1911394665,Тверде паливо у формі таблеток ESBIT 20 шт. х 4 г 14905000-,265,,,0,DOMON — онлайн-магазин,1747,True,https://prom.ua/ua/p1911394665-tverdoe-toplivo-vide.html
нагрівач для рук USB,76,1911458279,Плита газова портативна з п'єзорозпалювачем Mil-tec 14909000,1395,,,0,DOMON — онлайн-магазин,1747,True,https://prom.ua/ua/p1911458279-plita-gazovaya-portativnaya.html
нагрівач для рук USB,76,1911498876,Плита портативна Mil-tec US M-95 14916600,4401,,,0,DOMON — онлайн-магазин,1747,True,https://prom.ua/ua/p1911498876-plita-portativnaya-mil.html
нагрівач для рук USB,76,1911776202,Плита польова Mil-tec US Army / Canteen Stand Cup US LC2 Alice 14917000,186,,,0,DOMON — онлайн-магазин,1747,True,https://prom.ua/ua/p1911776202-plita-polevaya-mil.html
нагрівач для рук USB,76,1056091789,Портативний нагрівач USB грілка для рук Power Bank 6000 мА·год 3DTOYSLAMP Музичний Кролик Рожевий,850,,,0,3DTOYSLAMP,246,False,https://prom.ua/ua/p1056091789-portativnyj-obogrevatel-usb.html
нагрівач для рук USB,76,1056093637,Портативний нагрівач USB грілка для рук Power Bank 6000 мА·год 3DTOYSLAMP Музичний Оленя Блакитний,850,,,0,3DTOYSLAMP,246,False,https://prom.ua/ua/p1056093637-portativnyj-obogrevatel-usb.html
нагрівач для рук USB,76,1056097419,Портативний нагрівач USB грілка для рук Power Bank 6000 мА·год 3DTOYSLAMP Музичний Собачка Жовта,850,,,0,3DTOYSLAMP,246,False,https://prom.ua/ua/p1056097419-portativnyj-obogrevatel-usb.html
нагрівач для рук USB,76,1056099913,Портативний нагрівач USB грілка для рук Power Bank 6000 мА·год 3DTOYSLAMP Музичний Свинка Фіолетова,850,,,0,3DTOYSLAMP,246,False,https://prom.ua/ua/p1056099913-portativnyj-obogrevatel-usb.html
нагрівач для рук USB,76,2879181967,Електрична грілка для рук Котяча лапка Грілка для рук з USB-зарядкою Нагрівачі для рук Міні нагрівач кишеньковий,195,,,0,То4ка,1901,False,https://prom.ua/ua/p2879181967-elektricheskaya-grelka-dlya.html
нагрівач для рук USB,76,2800380177,Електрогрілка муфта для рук USB нагрівач із вибором температури для комфортного тепла в долонях,484,,,0,КомфортШоп,890,False,https://prom.ua/ua/p2800380177-elektrogrelka-mufta-dlya.html
нагрівач для рук USB,76,2394107225,"Електрична грілка для рук, багаторазова грілка для дітей і дорослих usb. нагрівач для рук",263,,5,1,bestprices,5583,False,https://prom.ua/ua/p2394107225-elektricheskaya-grelka-dlya.html
термобілизна,7638,2306969037,Термобілизна тактична 5.11 Tactical Турція комплект,999,,5,3,ВОЄНКА-КР,637,True,https://prom.ua/ua/p2306969037-termobilizna-taktichna-511.html
термобілизна,7638,2800804674,Термобілизна Columbia чоловіча OMNI-HEAT + термоноски Columbia в подарунок,1620,810,4.6,23,MIRO,293,True,https://prom.ua/ua/p2800804674-termobele-columbia-muzhskoe.html
термобілизна,7638,1821771203,"Дитяча термобілизна на флісі + шкарпетки Columbia, комплект для хлопчика та дівчинки",970,570,4.9,19,e-vse.shop,1880,True,https://prom.ua/ua/p1821771203-detskoe-termobele-flise.html
термобілизна,7638,2767639036,Комплект чоловічої термобілизни Чорний розмір S - XXXL Термобілизна чоловіча спортивна тепла (лонгслів + штани),310,,3,4,То4ка,1901,True,https://prom.ua/ua/p2767639036-komplekt-muzhskogo-termobelya.html
термобілизна,7638,1519612550,"Термобілизна чоловіча, жіноча S, M, L, XL, XXL, XXXL Columbia комплект",624,499.20,5,14,Torgline,1919,True,https://prom.ua/ua/p1519612550-termobele-muzhskoe-zhenskoe.html
термобілизна,7638,3190911117,"Термобілизна columbia Omni-heat зі сріблом чоловіча S, M, L, XL, XXL",800,600,5,2,Torgline,1919,True,https://prom.ua/ua/p3190911117-termobele-columbia-omni.html
термобілизна,7638,2664154877,"Термобілизна Crivit для хлопчика, комплект із зональною терморегуляцією, чорний 134-140",900,,,0,Batiuk Shop,291,True,https://prom.ua/ua/p2664154877-termobele-crivit-dlya.html
термобілизна,7638,2358875575,Термобілизна чоловіча Columbia зимова термо білизна Коламбія комплект чоловічої термобілизни колумбія+ термошкарпетки,1356,678,4.8,55,Market108,3245,True,https://prom.ua/ua/p2358875575-termobele-muzhskoe-columbia.html
термобілизна,7638,2013926205,Термобілизна дитяча Columbia 122 128 134 140 146 152 158 164 мікродайвінг з начосом ЧОРНИЙ,499,,5,21,Дешевше оптом ПП Левчук А.А.,330,True,https://prom.ua/ua/p2013926205-termobelyo-detskoe-columbia.html
термобілизна,7638,2792170350,Зимова термобілизна дитяча Columbia для хлопчиків та дівчаток в комплекті кофта та штани чорна на флісі,1160,580,4.7,6,MIRO,293,True,https://prom.ua/ua/p2792170350-termobele-detskoe-columbia.html
термобілизна,7638,2393420827,"Термобілизна Columbia для футболу дитяча, спортивна для дітей, для активного спорту 134 розмір",930,530,4.9,8,magazzilla,1510,True,https://prom.ua/ua/p2393420827-termobele-columbia-dlya.html
термобілизна,7638,1944791714,Дитяча підліткова термобілизна Columbia термобілизна для дітей Коламбія 128-164 + термошкарпетки у подарунок,1056,528,4.8,30,Comfort Plus - Інтенет-магазин Термобілизни,1341,True,https://prom.ua/ua/p1944791714-detskoe-podrostkovoe-termobele.html
термобілизна,7638,1920361431,Термобілизна швидковисихна Термобілизна мультикам Термобілизна мультикам defender Чоловіча Зимова Термобілизна,950,,4.8,16,СПЕЦ-ЦЕНТР,2772,True,https://prom.ua/ua/p1920361431-termobele-bystrosohnuschee-termobele.html
термобілизна,7638,2393256094,"Термобілизна для футболу дитяча, спортивна для дітей, для активного спорту в чорному кольорі, 146 р.",930,530,4.8,4,e-vse.shop,1880,True,https://prom.ua/ua/p2393256094-termobele-dlya-futbola.html
термобілизна,7638,1928194804,Дитяча термобілизна Columbia Коламбія зимова підліткова термобілизна Колумбія для дітей 128-164 + термошкарпетки,1056,528,4.9,30,Твій стиль,2028,True,https://prom.ua/ua/p1928194804-detskoe-termobele-columbia.html
термобілизна,7638,1706850051,Жіноча термобілизна зимова на флісі. Комплект термобілизни натільна з флісом,599,,,0,Сlothingstore - стиль та комфорт.,1865,True,https://prom.ua/ua/p1706850051-zhenskoe-termobele-zimnee.html
термобілизна,7638,1489620068,"Термобілизна дитяча 128, 134, 140, 146, 152, 158, 164 Сolumbia комплект",449,,5,14,Torgline,1919,True,https://prom.ua/ua/p1489620068-termobele-detskoe-128.html
термобілизна,7638,2664152155,"Термобілизна Crivit для хлопчика підлітка, комплект, світло-сірий 134/140 см",800,,,0,Batiuk Shop,291,True,https://prom.ua/ua/p2664152155-termobele-crivit-dlya.html
термобілизна,7638,1924457191,Термобілизна жіноча Columbia зимова термо білизна Коламбія флісова жіночий комплект термобілизни колумбія + термошкарпетки,1316,658,4.6,33,Твій стиль,2028,True,https://prom.ua/ua/p1924457191-termobele-zhenskoe-columbia.html
термобілизна,7638,1928194802,Термобілизна чоловіча Columbia термо білизна Коламбія зимова зимовий комплект чоловічої термобілизни колумбія+ термошкарпетки,1296,648,4.9,75,Твій стиль,2028,True,https://prom.ua/ua/p1928194802-termobele-muzhskoe-columbia.html
термобілизна,7638,2358875578,Термобілизна чоловіча Columbia зимова термо білизна Коламбія чорна комплект чоловічої термобілизни колумбія+ термошкарпетки 3 пари,1436,718,4.8,57,Market108,3245,True,https://prom.ua/ua/p2358875578-termobele-muzhskoe-columbia.html
термобілизна,7638,1934037252,Дитяча термобілизна Columbia мікродайвінг з начосом на зріст 128 см Чорний,650,559,5,2,Sportage,2539,True,https://prom.ua/ua/p1934037252-detskoe-termobele-columbia.html
термобілизна,7638,2423873486,"Комплект термобілизна чоловічий M-ХXL хакі / Зимовий фліз армійська термобілизна / тактична термо, M",780,480,5,1,v-temy.shop,709,True,https://prom.ua/ua/p2423873486-komplekt-termobele-muzhskoj.html
термобілизна,7638,1692881731,"Термобілизна COLUMBIA мікрофліс, Тактична термобілизна, Чоловіча термобілизна військова, Термобілизна ЗСУ",1080,880,5,1,Добробут,4203,True,https://prom.ua/ua/p1692881731-termobele-columbia-mikroflis.html
термобілизна,7638,2358875574,Термобілизна жіноча Columbia зимова термо білизна Коламбія чорна жіночий комплект термобілизни колумбія+ термошкарпетки,1356,678,4.8,63,Market108,3245,True,https://prom.ua/ua/p2358875574-termobele-zhenskoe-columbia.html
термобілизна,7638,1944791707,Термобілизна чоловіча Columbia зимова термо білизна Коламбія зимовий комплект чоловічої термобілизни каламбія+ термошкарпетки,1316,658,5,43,Comfort Plus - Інтенет-магазин Термобілизни,1341,True,https://prom.ua/ua/p1944791707-termobele-muzhskoe-columbia.html
термобілизна,7638,2833601158,Термобілизна Nike Pro чоловіча Теплий костюм термобілизни Nike,1499,,5,1,farm.shops,504,True,https://prom.ua/ua/p2833601158-termobele-nike-pro.html
термобілизна,7638,1671694741,"Комплект чоловічої термобілизни Columbia Розмір : M, L,",499,,5,1,"ТОВ ""МТ ТРЕЙД ГРУП""",392,True,https://prom.ua/ua/p1671694741-komplekt-muzhskogo-termobelya.html
термобілизна,7638,2664157178,"Термобілизна Lupilu унісекс, комплект із зональною терморегуляцією 98-104 ,15421",700,,5,2,Batiuk Shop,291,True,https://prom.ua/ua/p2664157178-termobele-lupilu-uniseks.html
термобілизна,7642,3177226065,"Термобілизна NXT чоловіча зимова, комплект термобілизни для військових",1000,,5,1,"ТК ""EASY""",584,True,https://prom.ua/ua/p3177226065-termobele-nxt-muzhskoe.html
термобілизна,7642,2358875578,Термобілизна чоловіча Columbia зимова термо білизна Коламбія чорна комплект чоловічої термобілизни колумбія+ термошкарпетки 3 пари,1436,718,4.8,57,Market108,3245,True,https://prom.ua/ua/p2358875578-termobele-muzhskoe-columbia.html
термобілизна,7642,1471858587,Термобілизна дитяча BERRAK Туреччина,800,699,,0,SHOPPIK.COM.UA (ФОП Грицюк О.B.),2930,True,https://prom.ua/ua/p1471858587-termobele-detskoe-berrak.html
термобілизна,7642,1927163685,Дитяча підліткова термобілизна Columbia термобілизна для дітей Коламбія колумбія 128-164 + термошкарпетки,1076,538,4.9,41,Market108,3245,True,https://prom.ua/ua/p1927163685-detskoe-podrostkovoe-termobele.html
термобілизна,7642,2363407483,Термобілизна дитяча Nike Pro РОЗМІР 140 (чорний колір),1050,,5,1,Football Shopping,584,True,https://prom.ua/ua/p2363407483-termobele-detskoe-nike.html
термобілизна,7642,2363409665,Термобілизна дитяча Nike Pro РОЗМІР 152 (чорний колір),1050,,5,4,Football Shopping,584,True,https://prom.ua/ua/p2363409665-termobele-detskoe-nike.html
термобілизна,7642,2363413273,Термобілизна дитяча Nike Pro РОЗМІР 170 (чорний колір),1050,,5,3,Football Shopping,584,True,https://prom.ua/ua/p2363413273-termobele-detskoe-nike.html
термобілизна,7642,2759486765,Термобілизна дитяча Nike Pro РОЗМІР 140 синій колір,1050,,5,1,Football Shopping,584,True,https://prom.ua/ua/p2759486765-termobele-detskoe-nike.html
термобілизна,7642,2759496523,Термобілизна дитяча Nike Pro РОЗМІР 146 синій колір,1050,,5,1,Football Shopping,584,True,https://prom.ua/ua/p2759496523-termobele-detskoe-nike.html
термобілизна,7642,3163933492,Дитяча термобілизна Term чорний,575,,,0,NEXORA,27,True,https://prom.ua/ua/p3163933492-detskoe-termobele-term.html
термобілизна,7642,2812841317,Комплект жіночої термобілизни Чорний розмір S - XL | Термобілизна жіноча спортивна тепла (лонгслів + лосини),645,,,0,То4ка,1901,True,https://prom.ua/ua/p2812841317-komplekt-zhenskogo-termobelya.html
термобілизна,7642,1685303544,"Термобілизна чоловіча зимова Tramp Warm Soft олива (термобілизна для спорту, бігу, тактична для військових L / XL)",1406,,,0,"Топ Вибір - надійний магазин, перевірений часом",1357,True,https://prom.ua/ua/p1685303544-termobele-muzhskoe-zimnee.html
термобілизна,7642,1990736563,"Термобілизна чоловіча зимова Tramp Warm Soft чорна (термобілизна для спорту, бігу, тактична для військових 2XL)",1406,,,0,"Топ Вибір - надійний магазин, перевірений часом",1357,True,https://prom.ua/ua/p1990736563-termobele-muzhskoe-zimnee.html
термобілизна,7642,1990747413,"Термобілизна чоловіча зимова Tramp Warm Soft олива (термобілизна для спорту, бігу, тактична для військових 2XL)",1406,,,0,"Топ Вибір - надійний магазин, перевірений часом",1357,True,https://prom.ua/ua/p1990747413-termobele-muzhskoe-zimnee.html
термобілизна,7642,1990752789,"Термобілизна чоловіча зимова Tramp Warm Soft олива (термобілизна для спорту, бігу, тактична для військових S / M)",1406,,,0,"Топ Вибір - надійний магазин, перевірений часом",1357,True,https://prom.ua/ua/p1990752789-termobele-muzhskoe-zimnee.html
термобілизна,7642,2876801101,"Термобілизна чоловіча Tramp Active комплект (футболка+штани) UTRUM-021-grey, 2XL",1816,,,0,"Топ Вибір - надійний магазин, перевірений часом",1357,True,https://prom.ua/ua/p2876801101-termobele-muzhskoe-tramp.html
термобілизна,7642,648343894,Чоловіча термобілизна REIS Польща,700,,,0,"ВАТ "" Робочий Стиль """,796,True,https://prom.ua/ua/p648343894-muzhskoe-termobele-reis.html
термобілизна,7642,648345211,"Термобілизна олива хаки, кубики ЗСУ",600,,,0,"ВАТ "" Робочий Стиль """,796,True,https://prom.ua/ua/p648345211-termobele-oliva-haki.html
термобілизна,7642,1948531066,"Термобілизна зимова комплект Kodo олива, мікрофліс",599,,5,5,"ВАТ "" Робочий Стиль """,796,True,https://prom.ua/ua/p1948531066-termobele-zimnee-komplekt.html
термобілизна,7642,1951625549,Термобілизна Soft під горло мультикам Комплект термобілизни Multicam,900,,,0,"ВАТ "" Робочий Стиль """,796,True,https://prom.ua/ua/p1951625549-termobele-soft-pod.html
термобілизна,7642,1924457191,Термобілизна жіноча Columbia зимова термо білизна Коламбія флісова жіночий комплект термобілизни колумбія + термошкарпетки,1316,658,4.6,33,Твій стиль,2028,True,https://prom.ua/ua/p1924457191-termobele-zhenskoe-columbia.html
термобілизна,7642,2393256094,"Термобілизна для футболу дитяча, спортивна для дітей, для активного спорту в чорному кольорі, 146 р.",930,530,4.8,4,e-vse.shop,1880,True,https://prom.ua/ua/p2393256094-termobele-dlya-futbola.html
термобілизна,7642,1944791718,Термобілизна чоловіча Columbia зимова термо білизна Коламбія комплект чоловічої термобілизни каламбія + термошкарпетки 3 пари,1436,718,4.8,60,Comfort Plus - Інтенет-магазин Термобілизни,1341,True,https://prom.ua/ua/p1944791718-termobele-muzhskoe-columbia.html
термобілизна,7642,1521804069,"Термобілизна дит Viking Nino (kids set) (black, 128-140)",1895,,,0,"Activity - Туристичне та гірськолижне спорядження, спортивний одяг, взуття, аксесуари",1016,True,https://prom.ua/ua/p1521804069-termobilizna-dityacha-viking.html
термобілизна,7642,1521804076,"Термобілизна дит Viking Nino (kids set) (black, 140-152)",1895,,,0,"Activity - Туристичне та гірськолижне спорядження, спортивний одяг, взуття, аксесуари",1016,True,https://prom.ua/ua/p1521804076-termobilizna-dityacha-viking.html
термобілизна,7642,1559738795,"Термобілизна жіноча Viking Hera (set) (light grey, L)",2845,,,0,"Activity - Туристичне та гірськолижне спорядження, спортивний одяг, взуття, аксесуари",1016,True,https://prom.ua/ua/p1559738795-termobilizna-zhinocha-viking.html
термобілизна,7642,1716637215,Термобілизна Viking Eiger (Man Set) (S),2850,,,0,"Activity - Туристичне та гірськолижне спорядження, спортивний одяг, взуття, аксесуари",1016,True,https://prom.ua/ua/p1716637215-termobilizna-viking-eiger.html
термобілизна,7642,2013943657,"Термобілизна дит Viking Nino (kids set) (black, 116-128)",4990,,,0,"Activity - Туристичне та гірськолижне спорядження, спортивний одяг, взуття, аксесуари",1016,True,https://prom.ua/ua/p2013943657-termobilizna-dityacha-viking.html
термобілизна,7642,2076528212,Чоловіча термобілизна Nordic (S-3XL)1001,690,,4,1,Magazzilla,901,True,https://prom.ua/ua/p2076528212-muzhskoe-termobele-nordic.html
дитячий горщик,4753,2446300634,Портативний горщик складний горшок дитячий,550,,,0,«Fifa store”,132,False,https://prom.ua/ua/p2446300634-portativnij-gorschik-skladnij.html
дитячий горщик,4753,1690254515,"Дитячий горщик для хлопчика з низькою спинкою та кришкою, Сірий 11103 Dunya",373,326,5,6,Посуд-PS — Horeca Посуд Подарунки,7225,True,https://prom.ua/ua/p1690254515-detskij-gorshok-dlya.html
дитячий горщик,4753,3034904833,"Дитячий горщик Carrello Omi, сірий",295,,4.9,16,proДитячі Товари,627,True,https://prom.ua/ua/p3034904833-detskij-gorshok-carrello.html
дитячий горщик,4753,2928592768,Дитячий горщик Корівка Bimbo 7880-19 (м'яке сидіння) синій,952,699,5,4,АВАНГАРД,1791,True,https://prom.ua/ua/p2928592768-detskij-gorshok-korovka.html
дитячий горщик,4753,3065620265,"Дитячий горщик Carrello Omi, рожевий",295,,5,5,proДитячі Товари,627,True,https://prom.ua/ua/p3065620265-detskij-gorshok-carrello.html
дитячий горщик,4753,1568560924,Дитячий горщик IKEA LOCKIG Біло-блакитний 405.915.81,456,428,5,264,Добрий TАТО🥇,26270,True,https://prom.ua/ua/p1568560924-detskij-gorshok-ikea.html
дитячий горщик,4753,3007855111,Горщик унітаз дитячий зі зливом та м'яким сидінням,780,,5,3,MiMiToys,432,True,https://prom.ua/ua/p3007855111-gorshok-unitaz-detskij.html
дитячий горщик,4753,2661248600,Горщик дитячий El Camino Basic Potty ME 1153-1 3 види,423,,5,7,Левеня,2892,True,https://prom.ua/ua/p2661248600-gorshok-detskij-camino.html
дитячий горщик,4753,2140047066,Набір: дитячий горщик IKEA LOCKIG + сидіння для унітазу IKEA TOSSIG + підставка для ніг IKEA FÖRSIKTIG,969,941,5,68,Добрий TАТО🥇,26270,True,https://prom.ua/ua/p2140047066-nabor-detskij-gorshok.html
дитячий горщик,4753,3065606695,"Дитячий горщик Carrello Omi, бежевий",295,,5,4,proДитячі Товари,627,True,https://prom.ua/ua/p3065606695-detskij-gorshok-carrello.html
дитячий горщик,4753,2572602249,Дитячий горщик IKEA LILLA Світло-бірюзовий 005.915.83,242,214,5,5,Добрий TАТО🥇,26270,True,https://prom.ua/ua/p2572602249-detskij-gorshok-ikea.html
дитячий горщик,4753,3181415682,"Горщик дитячий 24х21 см, в асортименті, ТМ Технок",90,,,0,ОптомТУТ,927,True,https://prom.ua/ua/p3181415682-detskij-gorshok-24h21.html
дитячий горщик,4753,2644304001,"Дитячий горщик з кришкою і спинкою ""Bimbo"" Каченя (знімний лоток, щіточка) ВМ-23510 рожевий",953,699,5,4,АВАНГАРД,1791,True,https://prom.ua/ua/p2644304001-detskij-gorshok-kryshkoj.html
дитячий горщик,4753,2693636344,Горщик дитячий туристичний Kruzzel 25510,788,650,5,3,HOME EXPERT,5289,True,https://prom.ua/ua/p2693636344-gorshok-detskij-turisticheskij.html
дитячий горщик,4753,2918785561,Горщик дитячий Bimbo музичний з м'яким сидінням горщик для дітей бімбо,1048,849,,0,TOPshop,660,True,https://prom.ua/ua/p2918785561-gorshok-detskij-bimbo.html
дитячий горщик,4753,2932044566,Дитячий навчальний горщик унітаз для дівчаток з кришкою та звуковими ефектами Дитячі горщики унітази,1582,949,,0,Vladwin Shop,745,True,https://prom.ua/ua/p2932044566-detskij-obuchayuschij-gorshok.html
дитячий горщик,4753,3126840797,"Дитячий горщик Carrello Tovi, рожевий",485,426.80,,0,proДитячі Товари,627,True,https://prom.ua/ua/p3126840797-detskij-gorshok-carrello.html
дитячий горщик,4753,3159505846,"Горщик MS-013-118 ""Ведмедики"" з протиковзною гумою, біла перлина TEGA",230,,5,1,Твій Санта,350,True,https://prom.ua/ua/p3159505846-gorshok-mishki-protivoskolzyaschej.html
дитячий горщик,4753,3135920159,"Складаний дитячий горщик Kruzzel модель 25510, футляр у комплекті",1037.50,830,5,1,VSE TUT,922,True,https://prom.ua/ua/p3135920159-skladnoj-detskij-gorshok.html
дитячий горщик,4753,2536235840,Дитячий навчальний горщик унітаз XL DOLU 7562 2в1 бежевий (Unicorn),1455,,5,2,🔴🟠🟡Unicorn🟢🔵🟣,262,True,https://prom.ua/ua/p2536235840-detskij-obuchayuschij-gorshok.html
дитячий горщик,4753,2932032827,Дитячий горщик у вигляді унітазу для дітей з кришкою знімним резервуаром та звуком Дитячі горщики унітази,1582,949,,0,Vladwin Shop,745,True,https://prom.ua/ua/p2932032827-detskij-gorshok-vide.html
дитячий горщик,4753,3000702776,"Горщик дитячий ""Панда"" зі спинкою, ручкою та кришкою. Синій колір",1000,715,,0,Kids Sport Drive,62,True,https://prom.ua/ua/p3000702776-gorshok-detskij-panda.html
дитячий горщик,4753,833022125,Дитячий горщик. Irak Plastik Turbo. Туреччина.,150,,5,1,"""Bebibi"" Інтернет магазин",2993,True,https://prom.ua/ua/p833022125-detskij-gorshok-irak.html
дитячий горщик,4753,2814419600,"Дитячий горщик El Camino ME 1142 MULTI POTTY Gray 3 в 1 (горщик, накладка на унітаз, підставка для ніг)",1079,,5,1,Plushka,540,True,https://prom.ua/ua/p2814419600-detskij-gorshok-camino.html
дитячий горщик,4753,1869213270,"Горщик дитячий з кришкою, анатомічна форма, 4 кольори, безпечний пластик",240,228,5,4,Машер,1468,True,https://prom.ua/ua/p1869213270-gorshok-detskij-kryshkoj.html
дитячий горщик,4753,3163064942,"Дитячий горщик 3-в-1 Lumpurini Culmira Vasino, анатомічний горщик-трансформер, накладка на унітаз і підставка",1399,,,0,Еcodom.kiev.ua,1032,True,https://prom.ua/ua/p3163064942-detskij-gorshok-lumpurini.html
дитячий горщик,4753,2940826575,Дитячі горщики та сидіння на унітаз Горщик дитячий стільчик Горщики дитячі унітаз Горщик у вигляді унітазу Горщик унітаз музичний,1998,998,,0,PRO_Store🌻,41,True,https://prom.ua/ua/p2940826575-detskie-gorshki-sideniya.html
дитячий горщик,4753,2940881552,Дитячі унітази Пінгвін Горщик унітаз дитячий музичний Pilsan Горщик для малюка Дитячий горщик Горщик для дітей,1999,999,,0,PRO_Store🌻,41,True,https://prom.ua/ua/p2940881552-detskie-unitazy-pingvin.html
дитячий горщик,4753,2660371499,Горщик дитячий El Camino з м'яким сидінням Знімний резервуар Кришка EGG POTTY Gray Дитячий унітаз,1285,,,0,"Інтернет-магазин дитячих товарів ""Gorod Detstva""",1132,True,https://prom.ua/ua/p2660371499-gorshok-detskij-camino.html
дитячий горщик,4753,2254189484,"Горщик дитячий ME 1153 BASIC POTTY Mix з'ємний верх, 35х31х24,5см,, Зелений",465,,,0,"Інтернет-магазин ""Капітоша""",1039,True,https://prom.ua/ua/p2254189484-detskij-gorshok-1153.html
дитячий горщик,4753,664139389,Горщик дитячий червоний Консенсус,111,,5,2,Мастершеф.нет Iнтернет магазин посуду та побутової техніки,4160,True,https://prom.ua/ua/p664139389-gorshok-detskij-krasnyj.html
дитячий горщик,4753,2884495289,"Дитячий горщик-унітаз Ingenuity 2 в 1 зі звуком зливу та накладкою, 18м+",1690,,,0,BabyBox,729,True,https://prom.ua/ua/p2884495289-detskij-gorshok-unitaz.html
дитячий горщик,4753,2277791922,Горщик дитячий з кришкою пластикове крісло м'яке сидіння спинка знімний ніжно блакитний,1365,,,0,7sim,59,True,https://prom.ua/ua/p2277791922-gorshok-detskij-kryshkoj.html
дитячий горщик,4753,2417431336,Горщик дитячий Egg Potty ME 1143 для дітей,1309,1169,,0,GoStore 🇺🇦,846,True,https://prom.ua/ua/p2417431336-gorshok-detskij-egg.html
дитячий горщик,4753,3178257405,Дитячий горщик LOCKIG IKEA 405.915.81,489,440,,0,"""Megal-mebli"" Інтернет-магазин меблів та товарів для дому",4696,True,https://prom.ua/ua/p3178257405-detskij-gorshok-lockig.html
дитячий горщик,4753,295792274,Горщик дитячий дорожній пластиковий GR-05027 (Горизонт),105,,5,4,"Інтернет-магазин Хозторг Харків - товари для дому, саду та городу оптом",7014,True,https://prom.ua/ua/p295792274-gorshok-detskij-dorozhnyj.html
дитячий горщик,4753,2928575769,"Гр Горщик дитячий Bimbo 7410-22 (1) колір Сірий, озвучування, м`яке сидіння, в коробці",765,,5,7,Шустрики,1510,True,https://prom.ua/ua/p2928575769-gorshok-detskij-bimbo.html
дитячий горщик,4753,2931782652,Дитячий горщик унітаз для дітей музичний з кришкою Дитячі горщики унітази для малюків,1356,949,5,1,"""VLASVET SHOP""",1111,True,https://prom.ua/ua/p2931782652-detskij-gorshok-unitaz.html
дитячий горщик,4753,3135226372,Горщик дитячий музичний із спинкою для привчання до горщика 31х28х28 см білий TEGA MC-5878,935,550,,0,Захист і стиль — в одному магазині,3247,True,https://prom.ua/ua/p3135226372-gorshok-detskij-muzykalnyj.html
дитячий горщик,4753,2738599365,"Дитячий горщик-крісло Кролик з м'яким сидінням, ручками та висувним лотком (6 міс - 7 років), м'ятно-рожевий",1295,,5,1,CHAPALASHKA / ЧАПАЛАШКА - магазин актуальних  речей,316,False,https://prom.ua/ua/p2738599365-detskij-gorshok-kreslo.html
дитячий горщик,4753,3000826200,"Горщик дитячий ""Панда"" зі спинкою, ручкою та кришкою. Рожевий колір",1000,715,4.7,3,Kids Sport Drive,62,True,https://prom.ua/ua/p3000826200-gorshok-detskij-panda.html
дитячий горщик,4753,3000826201,"Горщик дитячий ""Панда"" зі спинкою, ручкою та кришкою. Жовто-бірюзовий колір",1000,715,,0,Kids Sport Drive,62,True,https://prom.ua/ua/p3000826201-gorshok-detskij-panda.html
дитячий горщик,4753,2035008594,Горщик дитячий FISHER PRICE ВЕСЕЛІ РИБКИ GWD37 Оригінал,3050,2950,,0,BabyBest,1145,True,https://prom.ua/ua/p2035008594-gorschik-dityachij-fisher.html
дитячий горщик,4753,3020498498,Горщик дитячий дорожній складний 3в1 накладка на унітаз Сірий Дорожній туалет для дітей з сумкою та пакетами,1000,899,5,3,BORI,125,True,https://prom.ua/ua/p3020498498-gorshok-detskij-dorozhnyj.html
дитячий горщик,4753,3208114343,Горщик дитячий Технок T-5163 brooklyn,497,397,,0,Brooklyn,573,True,https://prom.ua/ua/p3208114343-gorshok-detskij-tehnok.html
дитячий горщик,4753,3208175071,Дитячий горщик ТехноК 2261TXК Рожевий brooklyn,270,216,,0,Brooklyn,573,True,https://prom.ua/ua/p3208175071-detskij-gorshok-tehnok.html
дитячий горщик,4753,3208175104,Дитячий горщик ТехноК 7389TXK Білий brooklyn,277,221,,0,Brooklyn,573,True,https://prom.ua/ua/p3208175104-detskij-gorshok-tehnok.html
дитячий горщик,4753,3208175787,Дитячий горщик №1 013317/01 Сірий brooklyn,370,296,,0,Brooklyn,573,True,https://prom.ua/ua/p3208175787-detskij-gorshok-01331701.html
дитячий горщик,4753,3208176025,Дитячий горщик-крісло 1294TXK(Gray) без музики brooklyn,415,332,,0,Brooklyn,573,True,https://prom.ua/ua/p3208176025-detskij-gorshok-kreslo.html
дитячий горщик,4753,3165802115,Горщик дитячий для хлопчика FreeON Happy Frog Green,599,547,,0,OBYRAI,35,True,https://prom.ua/ua/p3165802115-detskij-gorshok-dlya.html
дитячий горщик,4753,3165802120,"Горщик дитячий для хлопчика FreeON Happy Frog, blue",599,547,,0,OBYRAI,35,True,https://prom.ua/ua/p3165802120-detskij-gorshok-dlya.html
дитячий горщик,4753,2339009286,Портативний горщик складний горшок дитячий,577,,,0,«Fifa store”,132,True,https://prom.ua/ua/p2339009286-portativnij-gorschik-skladnij.html
дитячий горщик,4753,2450082752,Портативний горщик складний горшок дитячий,650,,5,1,«Fifa store”,132,False,https://prom.ua/ua/p2450082752-portativnyj-gorshok-detskij.html
дитячий горщик,4753,2738183257,"Дитячий горщик-крісло ""Зайчик"" з м яким сидінням, ручками та висувним лотком, Синьо-червоний",1295,,5,2,CHAPALASHKA / ЧАПАЛАШКА - магазин актуальних  речей,316,False,https://prom.ua/ua/p2738183257-detskij-gorshok-kreslo.html
дитячий горщик,4753,2738603315,"Дитячий горщик-крісло ""Зайчик"" з м яким PU-сидінням, ручками та висувним лотком, Синьо-жовтий",1295,,,0,CHAPALASHKA / ЧАПАЛАШКА - магазин актуальних  речей,316,True,https://prom.ua/ua/p2738603315-detskij-gorshok-kreslo.html
дитячий горщик,4753,2917023596,Дитячий горщик унітаз зі звуком зливу та м яким сидінням (1-6 років) інтерактивний дитячий туалет,1595,,,0,CHAPALASHKA / ЧАПАЛАШКА - магазин актуальних  речей,316,True,https://prom.ua/ua/p2917023596-detskij-gorshok-unitaz.html
дитячий горщик,4753,2135736571,Дитячий горщик-унітаз музичний з кришкою та знімним внутрішнім контейнером FreeON 49249 білий,1976,,,0,Інтернет-магазин BabyBus✨ тут все для дітей різного віку! Подаруйте своєму малюкові чари!,223,True,https://prom.ua/ua/p2135736571-detskij-gorshok-unitaz.html
дитячий горщик,4753,3175705200,"Дитячий горщик-трансформер з накладкою на унітаз і сходинкою, складний, до 50 кг",1205,899,,0,Потужний_Shop_,802,True,https://prom.ua/ua/p3175705200-detskij-gorshok-transformer.html
нічник проектор для дитини,529,2145176175,"Нічник Олень кришталева куля в кімнату спальні, нічний світильник в дитячу для дитини",825,620,,0,TechCrew,2339,True,https://prom.ua/ua/p2145176175-nochnik-olen-hrustalnyj.html
нічник проектор для дитини,529,3178959272,"Галактичний проектор, Проектор нічник зоряне шоу, Нічник проектор зоряне небо, Нічник для дитини, PRE",1996,998,,0,Kivo,39,True,https://prom.ua/ua/p3178959272-nochnik-proektor-zvezdnoe.html
нічник проектор для дитини,529,2925550853,"Світлодіодний нічник Космонавт Star, Нічник-проектор нічного зоряного неба, Нічник зоряне небо для сну IU-46",382,191,,0,YeasyPeazy,250,True,https://prom.ua/ua/p2925550853-svetilnik-proektor-kosmonavt.html
нічник проектор для дитини,529,3166324756,"Астронавт, космонавт, проектор, нічник іграшка для дитини на пульті",1400,,,0,O R A N G E,7,True,https://prom.ua/ua/p3166324756-astronavt-kosmonavt-proektor.html
нічник проектор для дитини,529,3219640406,"Лазерний проектор Star Master Зіркове небо, Нічник для дитини в спальню, Нічник для малюка brooklyn",377,301,,0,Brooklyn,573,True,https://prom.ua/ua/p3219640406-lazernyj-proektor-star.html
нічник проектор для дитини,529,2932702628,"Лазерний нічник-проектор Космонавт з проекцією галактики Star Master Big, Нічник зоряне небо для сну TY-47",327,,,0,РОКЕТ ШОП,29,True,https://prom.ua/ua/p2932702628-kosmonavt-nochnik-lazernoj.html
нічник проектор для дитини,529,3134047396,Музична карусель на ліжечко TK Group з проектором та пультом мобіль з підвісками обертання колискові звуки ext1,2022.40,1112.30,,0,"Екстазія - місце, де народжуються насолоди",315,True,https://prom.ua/ua/p3134047396-muzykalnaya-karusel-krovatku.html
нічник проектор для дитини,529,1728450041,Дитячий м'який нічник світильник Метелик FM 666-12 з проектором зоряного неба і колисковими,589,,,0,💥 ALL-BABY - інтернет - магазин товарів для дітей,2122,True,https://prom.ua/ua/p1728450041-dityachij-myakij-nichnik.html
нічник проектор для дитини,529,2349566295,"Лазерний проектор Star Master Зіркове небо, Нічник для дитини в спальню, Нічник для малюка",240,,,0,NestMeHome,277,True,https://prom.ua/ua/p2349566295-lazernyj-proektor-star.html
нічник проектор для дитини,529,3026777828,Нічник проектор зоряного неба для дитини настільний з пультом Астронафт Заяць з LED підсвіткою та з ефектом,835.21,635.21,,0,Hallery,966,True,https://prom.ua/ua/p3026777828-nochnik-proektor-zvezdnogo.html
нічник проектор для дитини,529,2375011495,Подарунок для дитини нічник проектор зоряного неба космонавт з пультом керування для декору спальні,1998,999,,0,AKT,783,True,https://prom.ua/ua/p2375011495-podarok-dlya-rebenka.html
нічник проектор для дитини,529,2828704333,Стильний проектор-нічник для дитини з обертанням круглий дитячий нічник для малюка для дитини зі слайдами 12 шт,1249,849,,0,mokko.ukraine,173,True,https://prom.ua/ua/p2828704333-stilnyj-proektor-nochnik.html
нічник проектор для дитини,529,2980033826,"Нічник із проектором і світлом для дитини Star Master Big, Проектор небо для дітей UV-82",556,278,,0,"Інтернет Магазин ""Tano""",1264,True,https://prom.ua/ua/p2980033826-svetilnik-proektor-kosmonavt.html
нічник проектор для дитини,529,3199021475,Приліжковий нічник проектор для дитини з ефектом зоряного неба та приємними колисковими,1149,769,,0,KengooShop24,178,True,https://prom.ua/ua/p3199021475-prikrovatnyj-nochnik-proektor.html
нічник проектор для дитини,529,2677632151,"Настільний нічник для дитячої кімнати, Лазерний LED-проектор зоряного неба, Нічник для дитини на ніч XU-62",506,,,0,ElectroMax,78,True,https://prom.ua/ua/p2677632151-domashnij-planetarij-proektor.html
нічник проектор для дитини,529,3180545214,"Нічник для кімнати, Лампа нічник для дому, Світлодіодний нічник-проектор, Нічник для дитини, Лампа з проекцією зоряного неба, NNH",2040,1020,,0,UMIO,49,True,https://prom.ua/ua/p3180545214-nochnik-dlya-rebenka.html
нічник проектор для дитини,529,3125661187,"Проектор зоряного неба для кімнати, Нічник для дитини на ніч, Нічник-проектор зоряного неба USB IY-30",488,244,,0,У Юрія,80,True,https://prom.ua/ua/p3125661187-nochniki-detskuyu-komnatu.html
нічник проектор для дитини,529,2980039458,"Зоряний нічник проектор INSPIRE N70 APP 6W, Подарунковий нічник для дитини нічний для дітей TW-31",2368,1184,,0,"Інтернет Магазин ""Tano""",1264,True,https://prom.ua/ua/p2980039458-nochnoj-svetilnik-dlya.html
нічник проектор для дитини,529,2623297324,"Лазерний проектор нічного неба, Нічник для дитини на ніч (Обертається на 360°), AVI",1502,751,,0,Avi,732,True,https://prom.ua/ua/p2623297324-lazernyj-proektor-nochnogo.html
нічник проектор для дитини,529,3220968028,"Нічник для дитини в спальню Star Master Big, Дитячий нічник для малюка, Ночник-проектор у спальню TN-88 NEW",740,366,,0,krossroom,74,True,https://prom.ua/ua/p3220968028-nochniki-detskuyu-komnatu.html
нічник проектор для дитини,529,3096400190,Inspire лазерний нічник проектор для спокійного сну дитини 89T837T03,1570,1098.98,,0,"Инте​рнет​-кат​алог ск​​идок ""BAGSPACE""",809,True,https://prom.ua/ua/p3096400190-inspire-proektor-nochnik.html
нічник проектор для дитини,529,2623297214,"Проектор нічник космонавт світильник (8 режимів, Великий), Дитячий нічник безпечний для дитини, AVI",1452,726,,0,Avi,732,True,https://prom.ua/ua/p2623297214-proektor-nochnik-kosmonavt.html
нічник проектор для дитини,529,2623297250,"Нічник для дитини на ніч, Нічник проектор для дітей (8 режимів, Великий), AVI",1452,726,,0,Avi,732,True,https://prom.ua/ua/p2623297250-nochnik-dlya-rebenka.html
нічник проектор для дитини,529,2822497945,"Лазерний проектор Star Master Зіркове небо, Нічник для дитини в спальню, Нічник для малюка",245,233,,0,Cibola,636,True,https://prom.ua/ua/p2822497945-lazernyj-proektor-star.html
нічник проектор для дитини,529,3138515381,"Нічник для дитини на ніч Star, Проектор зоряне небо на стіни, Нічник Космонавт із зірками XA-62",556,278,,0,👍 Dik.net.ua - Інтернет магазин,1012,True,https://prom.ua/ua/p3138515381-nochnik-proektor-nochnoe.html
нічник проектор для дитини,529,3178959266,"Космічний проектор, Дитячий нічник із зірками, Світильник для сну, Нічник для дитини на ніч, Зоряний нічник проектор, PRE",1996,998,,0,Kivo,39,True,https://prom.ua/ua/p3178959266-nochnik-dlya-rebenka.html
нічник проектор для дитини,529,2897574759,"Дитячий нічник-проектор Star, Гарний нічник для дитини, Нічник для школяра, Нічники в дитячу кімнату GO-44",285,,,0,UNIVERMAG.COM.UA - товари для дому та відпочинку,86,True,https://prom.ua/ua/p2897574759-universalnaya-nastolnaya-lampa.html
нічник проектор для дитини,529,2764958893,"Нічник для школяра Star, Led Нічник, Нічник для дитини в спальню, Lamp лампа-нічник дому QU-96",204,,,0,"ALICE - сімейний Інтернет-магазин, товари для всієї родини",47,True,https://prom.ua/ua/p2764958893-nochnik-dlya-rebenka.html
нічник проектор для дитини,529,2897578536,"Настільні світильники з м'яким освітленням для спальні Star, Гарний нічник для дитини JC-18",289,,,0,"ALICE - сімейний Інтернет-магазин, товари для всієї родини",47,True,https://prom.ua/ua/p2897578536-svetodiodnyj-nochnik-akkumulyatornyj.html
нічник проектор для дитини,529,2922459593,Проектор нічник космонавт світильник Dinosaur Astronaut Space Projector світлодіодний світильник з проекцією для дитини,1399,999,,0,multishop,74,True,https://prom.ua/ua/p2922459593-proektor-nochnik-kosmonavt.html
нічник проектор для дитини,529,3178723295,"Нічник у спальню для дитини, Світлодіодні нічники, Нічник-проектор у спальню, Настільні лампи-нічники, Прикольні нічники, NLG",2032,1016,,0,Nordika,39,True,https://prom.ua/ua/p3178723295-svetodiodnye-nochniki-nastolnye.html
нічник проектор для дитини,529,3178723311,"Світлодіодний нічник-проектор, Лампа нічник для дому, Нічник для кімнати, Нічник для дитини, Лампа з проекцією зоряного неба, NLG",2032,1016,,0,Nordika,39,True,https://prom.ua/ua/p3178723311-lampa-proektsiej-zvezdnogo.html
нічник проектор для дитини,529,3178723379,"Нічник у дитячу, Нічник проектор галактика, Нічник для маленької дитини, Дитячі настільні світильники та нічники, NLG",1492,746,,0,Nordika,39,True,https://prom.ua/ua/p3178723379-detskie-nastolnye-svetilniki.html
нічник проектор для дитини,529,3178723386,"Дитячий нічник безпечний для дитини, Проектор нічник зоряне шоу, Світні нічники, NLG",1492,746,,0,Nordika,39,True,https://prom.ua/ua/p3178723386-svetyaschiesya-nochniki-proektor.html
нічник проектор для дитини,529,3178919645,"Настільні лампи-нічники, Світлодіодні нічники, Нічник у спальню для дитини, Нічник-проектор у спальню, Прикольні нічники, OLU",2048,1024,,0,Aluri,37,True,https://prom.ua/ua/p3178919645-nochnik-proektor-spalnyu.html
нічник проектор для дитини,529,3178919661,"Нічник для кімнати, Світлодіодний нічник-проектор, Лампа нічник для дому, Нічник для дитини, Лампа з проекцією зоряного неба, OLU",2048,1024,,0,Aluri,37,True,https://prom.ua/ua/p3178919661-svetodiodnyj-nochnik-proektor.html
нічник проектор для дитини,529,3178919729,"Нічник у дитячу, Нічник для маленької дитини, Дитячі настільні світильники та нічники, Нічник проектор галактика, OLU",1508,754,,0,Aluri,37,True,https://prom.ua/ua/p3178919729-nochnik-detskuyu-nochnik.html
нічник проектор для дитини,529,3178919736,"Проектор нічник зоряне шоу, Світні нічники, Дитячий нічник безпечний для дитини, OLU",1508,754,,0,Aluri,37,True,https://prom.ua/ua/p3178919736-detskij-nochnik-bezopasnyj.html
нічник проектор для дитини,529,3178959349,"Настільні лампи-нічники, Нічник у спальню для дитини, Світлодіодні нічники, Нічник-проектор у спальню, Прикольні нічники, PRE",2072,1036,,0,Kivo,39,True,https://prom.ua/ua/p3178959349-nochnik-spalnyu-dlya.html
нічник проектор для дитини,529,3178959365,"Лампа нічник для дому, Нічник для дитини, Нічник для кімнати, Світлодіодний нічник-проектор, Лампа з проекцією зоряного неба, PRE",2072,1036,,0,Kivo,39,True,https://prom.ua/ua/p3178959365-lampa-nochnik-dlya.html
нічник проектор для дитини,529,3178959432,"Нічник для маленької дитини, Нічник проектор галактика, Нічник у дитячу, Дитячі настільні світильники та нічники, PRE",1532,766,,0,Kivo,39,True,https://prom.ua/ua/p3178959432-detskie-nastolnye-svetilniki.html
нічник проектор для дитини,529,3180545122,"Нічник для маленької дитини, Нічник світильник дитячий, Проектор галактики лазерний астронавт, Нічник для підлітка, NNH",1964,982,,0,UMIO,49,True,https://prom.ua/ua/p3180545122-proektor-galaktiki-lazernyj.html
нічник проектор для дитини,529,3220967137,"Нічні світильники для дітей, Гарний нічник для дитини, Нічник для дружини Нічники дітей різні GS-54 NEW",740,366,,0,krossroom,74,True,https://prom.ua/ua/p3220967137-svetilnik-kosmonavt-detskij.html
нічник проектор для дитини,529,3099362281,Проектор нічник з обертанням 360 градусів 12 слайдів дитяча лампа зоряне небо світильник для спальні дитини,1092.60,764.80,,0,BuyBox,601,True,https://prom.ua/ua/p3099362281-proektor-nochnik-vrascheniem.html
нічник проектор для дитини,529,3016090190,"Якість! Лазерний проектор Star Master Зіркове небо, Нічник для дитини в спальню, Нічник для малюка - Гарантія! Сервіс!",398,199,,0,izMETALLA.com.ua,471,True,https://prom.ua/ua/p3016090190-kachestvo-lazernyj-proektor.html
нічник проектор для дитини,529,3129726942,"Нічні світильники для дітей, Гарний нічник для дитини, Нічник для дружини Нічники дітей різні GS-54 NEW",747,373,,0,wowkross,183,True,https://prom.ua/ua/p3129726942-svetilnik-kosmonavt-detskij.html
нічник проектор для дитини,529,3178723256,"Проектор справжнього зоряного неба, Світлодіодна лампа-нічник, Нічники космос, Дитячий нічник безпечний для дитини, NLG",1956,978,,0,Nordika,39,True,https://prom.ua/ua/p3178723256-svetodiodnaya-lampa-nochnik.html
нічник проектор для дитини,529,3197799584,"Світлодіодні нічники, Прикольні нічники, Настільні лампи-нічники, Нічник у спальню для дитини, Нічник-проектор у спальню, TFF",1692,846,,0,Господар+,18,True,https://prom.ua/ua/p3197799584-nastolnye-lampy-nochniki.html
нічник проектор для дитини,529,3178919606,"Проектор справжнього зоряного неба, Нічники космос, Світлодіодна лампа-нічник, Дитячий нічник безпечний для дитини, OLU",1972,986,,0,Aluri,37,True,https://prom.ua/ua/p3178919606-nochniki-kosmos-svetodiodnaya.html
нічник проектор для дитини,529,2667781879,"Нічник для дитини на ніч (Куб), Нічник-проектор, Нічник подарунок дружині, Кольорові нічники 3D, THO",912,456,,0,Тахо-Магазин,160,True,https://prom.ua/ua/p2667781879-nochnik-dlya-rebenka.html
нічник проектор для дитини,529,2826972057,"Нічник проектор зоряного неба Космонавт + пульт, Синій / Дитячий світильник з проекцією космосу / Нічник зоряне небо",778.57,545,,0,OnlineMarket,34582,True,https://prom.ua/ua/p2826972057-nochnik-proektor-zvezdnogo.html
нічник проектор для дитини,529,3027967193,"Унікальний нічник-проектор, Лазерний проектор для візуалізації зоряного неба, Нічник для дитини на ніч IY-53",1331,,,0,AERO GROUP,8,True,https://prom.ua/ua/p3027967193-nochnik-dlya-detej.html
нічник проектор для дитини,529,3180545198,"Прикольні нічники, Світлодіодні нічники, Нічник у спальню для дитини, Настільні лампи-нічники, Нічник-проектор у спальню, NNH",2040,1020,,0,UMIO,49,True,https://prom.ua/ua/p3180545198-svetodiodnye-nochniki-nochnik.html
нічник проектор для дитини,529,3180545283,"Нічник у дитячу, Нічник для маленької дитини, Нічник проектор галактика, Дитячі настільні світильники та нічники, NNH",1500,750,,0,UMIO,49,True,https://prom.ua/ua/p3180545283-detskie-nastolnye-svetilniki.html
нічник проектор для дитини,529,3180545290,"Проектор нічник зоряне шоу, Світні нічники, Дитячий нічник безпечний для дитини, NNH",1500,750,,0,UMIO,49,True,https://prom.ua/ua/p3180545290-svetyaschiesya-nochniki-detskij.html
нічник проектор для дитини,529,2143991752,"Нічник Олень кришталева куля в кімнату спальні, нічний світильник в дитячу для дитини",750,592.50,,0,K-Store,1290,True,https://prom.ua/ua/p2143991752-nochnik-olen-hrustalnyj.html
нічник проектор для дитини,529,2626828558,Дитячий нічник-проєктор з USB-підключенням та 12 фільмами HP227 магічні миті перед сном для вашої дитини,899,719,,0,For You,62,True,https://prom.ua/ua/p2626828558-detskij-nochnik-proektor.html
нічник проектор для дитини,529,2667545953,"Нічник для дитини на ніч, Нічник лампа, Світильник-проектор (Куб), Світлодіодний проектор неба, XTM",910,455,,0,X-Time,216,True,https://prom.ua/ua/p2667545953-nochnik-dlya-rebenka.html
захист від ударів для кутів меблів,7943,3150326391,Захист меблів від кігтів котів прозора плівка антицарапка для дивану та стін (без слідів),240,,5,1,"Інтернет магазин ""Твори диво""",638,True,https://prom.ua/ua/p3150326391-zahist-mebliv-vid.html
захист від ударів для кутів меблів,7943,3092109044,"Захисна плівка від кігтів 2 шт 30х40 см + подарунок, для меблів, диванів, ТОП ПРОДАЖІВ, антикіготь, Німеччина",150,135,,0,Cat Room,26,True,https://prom.ua/ua/p3092109044-zaschitnaya-plenka-kogtej.html
захист від ударів для кутів меблів,7943,1715575852,Шолом шапочка від ударів головою м'який захист для дітей Фіолетовий з вушками,275,,5,4,Модна Лама,1672,True,https://prom.ua/ua/p1715575852-shlem-shapochka-udarov.html
захист від ударів для кутів меблів,7943,2733414304,"Набір захисних накладок на кути меблів Bodasan дитячий захист від ударів, прозорі 4 шт (BCP02-L)",79,,4.5,2,"Інтернет-магазин ""4buy""",3039,True,https://prom.ua/ua/p2733414304-nabor-zaschitnyh-nakladok.html
захист від ударів для кутів меблів,7943,1924622426,"Силіконова накладка на кути меблів та віконні стулки, захист для дітей, набір 4 шт",31.90,22.40,4.8,6,«Fardous»,19477,True,https://prom.ua/ua/p1924622426-silikonovaya-nakladka-ugly.html
захист від ударів для кутів меблів,7943,1403917408,"Гранули потрійний удар ""Лускунчик"" ротендицит, отрута для гризунів, засіб від щурів, мишей (отрава для мышей)",168.75,135,5,11,💙💛 Інтернет-магазин Non-Stop 🎁% 🚚 ⤵,10140,True,https://prom.ua/ua/p1403917408-rodentitsid-granuly-schelkunchik.html
захист від ударів для кутів меблів,7943,2901557601,"М'які куточки на гострі кути столу для пом'якшення удару, набір 4шт, захист для дітей, молочні",110,,,0,BUBL_bunny,1274,True,https://prom.ua/ua/p2901557601-myagkie-ugolki-ostrye.html
захист від ударів для кутів меблів,7943,2630237014,Дверний стопер силіконовий Amaze (4 шт) / Захист стін від ударів дверної ручки,202,141.40,5,1,Жабка,2047,True,https://prom.ua/ua/p2630237014-dvernoj-stopper-silikonovyj.html
захист від ударів для кутів меблів,7943,3154982801,Чохол силіконовий Protective Case для MacBook Air 15 A2941 чорний із захистом від ударів і посиленими кутами Black HM-15973,1056,660,,0,HomeMix Market,480,True,https://prom.ua/ua/p3154982801-chehol-silikonovyj-protective.html
захист від ударів для кутів меблів,7943,2332439620,Захист від дітей на кути Насадки столу силіконові набір 10 шт,149,,,0,Yatka,1616,True,https://prom.ua/ua/p2332439620-zaschita-detej-ugly.html
захист від ударів для кутів меблів,7943,1561977593,Шолом від ударів головою м'який захист для дітей Яскраво рожевий,255,,5,2,Модна Лама,1672,True,https://prom.ua/ua/p1561977593-shlem-udarov-golovoj.html
захист від ударів для кутів меблів,7943,1121914352,"Силіконові куточки на меблі для захисту дітей від удару. куточок ""круглий""",10,,4.8,5,"магазин ""топ-малюк""",1735,True,https://prom.ua/ua/p1121914352-silikonovye-ugolki-mebel.html
захист від ударів для кутів меблів,7943,1552222076,"Стрічка кутова захисна на кути меблів. 2метри. Темно-коричнева. ""ЗБІЛЬШЕНА"" товщина",130,,,0,"магазин ""топ-малюк""",1735,False,https://prom.ua/ua/p1552222076-lenta-uglovaya-zaschitnaya.html
захист від ударів для кутів меблів,7943,297763570,"Силіконовий захист на кути, захист на меблі б/в",10,,,0,Сонечко365,1393,True,https://prom.ua/ua/p297763570-silikonovaya-zaschita-ugly.html
захист від ударів для кутів меблів,7943,2999183482,Силіконовий захист на гострі кути 10 шт дитячий захист силіконовий куточок на меблі із захистом від ударів Прозорі,200,195,,0,BORI,125,True,https://prom.ua/ua/p2999183482-silikonovaya-zaschita-ostrye.html
захист від ударів для кутів меблів,7943,2703944991,Набір блокаторів для меблів і техніки 10 шт дитячий замок блокіратор на клейкій основі 3M захист від дітей,200,149,4.6,12,Пікачу,1969,True,https://prom.ua/ua/p2703944991-nabor-blokiratorov-dlya.html
захист від ударів для кутів меблів,7943,2999183609,"Захисна силіконова стрічка на кути та торці меблів 2 м ширина 2 см прозорий захист для дітей, м'яка накладка-бампер на стіл",220,200,,0,BORI,125,True,https://prom.ua/ua/p2999183609-zaschitnaya-silikonovaya-lenta.html
захист від ударів для кутів меблів,7943,2703945635,Набір блокаторів для меблів і техніки 10 шт дитячий замок блокіратор на клейкій основі захист від дітей чорні,200,149,5,3,Пікачу,1969,True,https://prom.ua/ua/p2703945635-nabor-blokiratorov-dlya.html
захист від ударів для кутів меблів,7943,2626934338,"Кігтеточка килимок самоклейна для котів і собак - захист меблів від подряпин, антикіготь, 100*40*0.4 см, Темно-сіра, Кладовка",165,,5,18,КЛАДОВКА,13429,True,https://prom.ua/ua/p2626934338-kogtetochka-kovrik-samokleyuschayasya.html
захист від ударів для кутів меблів,7943,1807871874,"Силіконовий захист на кути від дітей, накладки на гострі кути, 4 шт, Захисний куточок, Куточки для столу від дітей",85,79,5,2,Laminda,428,True,https://prom.ua/ua/p1807871874-silikonovaya-zaschita-ugly.html
захист від ударів для кутів меблів,7943,1076345091,"Замок ""посилений"" блокіратор на меблі від дітей, універсальний білий",17,,4.6,9,"магазин ""топ-малюк""",1735,True,https://prom.ua/ua/p1076345091-zamok-usilennyj-blokirator.html
захист від ударів для кутів меблів,7943,1882764977,Набір накладок на гострі кути меблів 4 шт. Mumlove Бежевий,104,,,0,"ЕкоМама: Одяг для вагітних, білизна для годування, сумка у пологовий, одяг для новонароджених",2009,True,https://prom.ua/ua/p1882764977-nabor-nakladok-ostrye.html
захист від ударів для кутів меблів,7943,3046815927,"Захист голови дитини - Дитячий шолом для повзання, ходьби, бігу - М'яка подушка з захистом від ударів",450,,,0,Мегаплей,1115,False,https://prom.ua/ua/p3046815927-zahist-golovi-ditini.html
захист від ударів для кутів меблів,7943,1551495693,"Стрічка кутова захисна на кути меблів. 2метри. Світло-коричнева. ""СТАНДАРТНА"" товщина",100,,5,3,"магазин ""топ-малюк""",1735,True,https://prom.ua/ua/p1551495693-lenta-uglovaya-zaschitnaya.html
захист від ударів для кутів меблів,7943,2503600172,Захист на кути столу від дітей набір 10шт. Накладки силіконові прозорі для захисту кутів від ударів,962,144,5,1,Tik Top Shop,2143,True,https://prom.ua/ua/p2503600172-zaschita-ugly-stola.html
захист від ударів для кутів меблів,7943,2906924964,Шолом для немовлят від ударів . Захист голови дитини під час навчання ходьбі,1013,195,5,1,Tik Top Shop,2143,True,https://prom.ua/ua/p2906924964-shlem-dlya-mladentsev.html
захист від ударів для кутів меблів,7943,1121911181,"Силіконові куточки на меблі для захисту дітей від удару. куточок ""серце""",10,,5,2,"магазин ""топ-малюк""",1735,True,https://prom.ua/ua/p1121911181-silikonovye-ugolki-mebel.html
захист від ударів для кутів меблів,7943,2733414301,Набір захисних куточків для меблів Bodasan силіконові накладки на гострі кути прозорі 4 шт (BCP01),59,,5,3,"Інтернет-магазин ""4buy""",3039,True,https://prom.ua/ua/p2733414301-nabor-zaschitnyh-ugolkov.html
захист від ударів для кутів меблів,7943,401126339,"Замок на меблі захист від дітей, гачок на двері",22,,5,2,Сонечко365,1393,True,https://prom.ua/ua/p401126339-zamok-mebel-zaschita.html
захист від ударів для кутів меблів,7943,2433028195,Насадки Захист від дітей на кути столу силіконові набір 10 шт,149,,,0,FLIP-FLOP,1879,True,https://prom.ua/ua/p2433028195-nasadki-zaschita-detej.html
захист від ударів для кутів меблів,7943,1561977593,Шолом від ударів головою м'який захист для дітей Яскраво рожевий,255,,5,2,Модна Лама,1672,True,https://prom.ua/ua/p1561977593-shlem-udarov-golovoj.html
захист від ударів для кутів меблів,7943,1715576404,Шолом від ударів головою м'який захист для дітей Блакитний з вушками,275,,4.5,4,Модна Лама,1672,True,https://prom.ua/ua/p1715576404-shlem-udarov-golovoj.html
захист від ударів для кутів меблів,7943,2507818422,Силіконові куточки на меблі для захисту дітей від удару набір 10шт. Захист кутів накладки прозорі,718,116,5,3,Stylno,2165,True,https://prom.ua/ua/p2507818422-silikonovye-ugolki-kruglye.html
захист від ударів для кутів меблів,7943,2733414301,Набір захисних куточків для меблів Bodasan силіконові накладки на гострі кути прозорі 4 шт (BCP01),59,,5,3,"Інтернет-магазин ""4buy""",3039,True,https://prom.ua/ua/p2733414301-nabor-zaschitnyh-ugolkov.html
захист від ударів для кутів меблів,7943,1670481212,Дитячий м'який шолом захист від ударів головою арт 52021,255,,5,1,Модна Лама,1672,True,https://prom.ua/ua/p1670481212-detskij-myagkij-shlem.html
захист від ударів для кутів меблів,7943,2763401022,"Захисна стрічка на гострі кути меблів 3 метри довжина, прозора BabyOno",290,,1,2,Mataleo,2212,True,https://prom.ua/ua/p2763401022-zaschitnaya-lenta-ostrye.html
захист від ударів для кутів меблів,7943,2526390835,Силіконові захисні накладки на меблеві кути Kids Guard для захисту дітей від ударів і пошкоджень 8 шт,165,,5,1,"""Simba"" - інтернет магазин",839,True,https://prom.ua/ua/p2526390835-silikonovye-zaschitnye-nakladki.html
захист від ударів для кутів меблів,7943,2593300098,Силіконові захисні накладки на меблеві кути Kids Guard для захисту дітей від ударів і пошкоджень 4 шт,105,,5,1,"""Simba"" - інтернет магазин",839,True,https://prom.ua/ua/p2593300098-silikonovye-zaschitnye-nakladki.html
захист від ударів для кутів меблів,7943,1561955586,Шолом м'який дитячий для малюків від ударів головою захист,255,,5,1,Модна Лама,1672,True,https://prom.ua/ua/p1561955586-shlem-myagkij-detskij.html
захист від ударів для кутів меблів,7943,3123034563,"Захисні накладки на кути меблів Hoffenbach для дітей, 20 шт., самоклейні, білі",800,449,,0,MAVo,82,False,https://prom.ua/ua/p3123034563-zaschitnye-nakladki-ugly.html
захист від ударів для кутів меблів,7943,3126615431,"Силіконовий захист на кути від дітей 2,5 см 1 шт Коричневий Захисні накладки на гострі кути меблів М'який куточок для стола",45,40,,0,Laminda,428,True,https://prom.ua/ua/p3126615431-silikonovaya-zaschita-ugly.html
захист від ударів для кутів меблів,7943,3126616547,"Набір Силіконовий захист на кути від дітей 2,5 см 4 шт Коричневий Захисні накладки на гострі кути меблів М'який куточок для стола",180,160,,0,Laminda,428,True,https://prom.ua/ua/p3126616547-nabor-silikonovaya-zaschita.html
захист від ударів для кутів меблів,7943,3126804622,"Силіконовий захист на кути від дітей 3,5 см 1 шт Коричневий Захисні накладки на гострі кути меблів М'який куточок для стола",50,45,,0,Laminda,428,True,https://prom.ua/ua/p3126804622-silikonovaya-zaschita-ugly.html
захист від ударів для кутів меблів,7943,3126808025,"Набір силіконовий захист на кути від дітей 3,5 см 3 шт Коричневий Захисні накладки на гострі кути меблів М'який куточок для стола",200,180,,0,Laminda,428,True,https://prom.ua/ua/p3126808025-silikonovaya-zaschita-ugly.html
захист від ударів для кутів меблів,7943,2994645110,Одбійник для дверей силіконовий самоклеючий захист стін від ударів ручок набір 6 шт. XJ5910,179,,5,2,MalayShop,409,True,https://prom.ua/ua/p2994645110-otbojnik-dlya-dveri.html
захист від ударів для кутів меблів,7943,266346503,Захист на кути меблів від дітей. Сіра. (03010),18,,,0,"""Наша Радість""  Інтернет-магазин",1749,True,https://prom.ua/ua/p266346503-zaschita-ugly-mebeli.html
захист від ударів для кутів меблів,7943,1551495693,"Стрічка кутова захисна на кути меблів. 2метри. Світло-коричнева. ""СТАНДАРТНА"" товщина",100,,5,3,"магазин ""топ-малюк""",1735,True,https://prom.ua/ua/p1551495693-lenta-uglovaya-zaschitnaya.html
захист від ударів для кутів меблів,7943,1552118917,"Стрічка кутова захисна на кути меблів. 2метри. Чорна. ""ЗБІЛЬШЕНА"" товщина",130,,5,3,"магазин ""топ-малюк""",1735,True,https://prom.ua/ua/p1552118917-lenta-uglovaya-zaschitnaya.html
захист від ударів для кутів меблів,7943,3211349358,Захист кутів меблів для безпеки дітей,280,,,0,Click & Go,63,True,https://prom.ua/ua/p3211349358-zaschita-uglov-mebeli.html
захист від ударів для кутів меблів,7943,2003220478,Захисні куточки для меблів силіконові 12 шт,325,260,,0,MyTorg,10359,True,https://prom.ua/ua/p2003220478-zaschitnye-ugolki-dlya.html
захист від ударів для кутів меблів,7943,2018526005,Захисні куточки для меблів силіконові 16 шт,222,177.60,,0,MyTorg,10359,True,https://prom.ua/ua/p2018526005-zaschitnye-ugolki-dlya.html
захист від ударів для кутів меблів,7943,2502781585,Захист від гострих кутів для дітей набір 10шт. Накладка силіконова на кути меблів для дитячої безпеки,843,144,5,1,"Інтернет-магазин ""Dianora-Style""",2294,True,https://prom.ua/ua/p2502781585-zaschita-ostryh-uglov.html
захист від ударів для кутів меблів,7943,2003222240,Захисні куточки для меблів силіконові 12 шт,325,263.25,3,1,MyTorg-ukr,7189,True,https://prom.ua/ua/p2003222240-zahisni-kutochki-dlya.html
захист від ударів для кутів меблів,7943,2018566223,Захисні куточки для меблів силіконові 16 шт,222,179.82,4,1,MyTorg-ukr,7189,True,https://prom.ua/ua/p2018566223-zahisni-kutochki-dlya.html
захист від ударів для кутів меблів,7943,2630237014,Дверний стопер силіконовий Amaze (4 шт) / Захист стін від ударів дверної ручки,202,141.40,5,1,Жабка,2047,True,https://prom.ua/ua/p2630237014-dvernoj-stopper-silikonovyj.html
захист від ударів для кутів меблів,7943,3221589184,"Захисні прозорі накладки на кути меблів самоклейні 3,43×1,3 см, 4 шт (FCG-004)",50,,,0,TREND STORE,603,True,https://prom.ua/ua/p3221589184-zaschitnye-prozrachnye-nakladki.html
захист від ударів для кутів меблів,7943,1099678081,"Захист для дітей на меблі, замок від дітей, дитяча безпека Синій 10 см",26,,,0,ТИРИКА,618,True,https://prom.ua/ua/p1099678081-zaschita-dlya-detej.html
захист від ударів для кутів меблів,7943,622432691,"Захисна стрічка для кутів і торців меблів довжина 2 м, скотч в комплекті Дерево.",130,,5,3,Сонечко365,1393,True,https://prom.ua/ua/p622432691-lenta-zaschitnaya-ugly.html
блокатор розеток дитячий,16,3052915923,Набір дитячого захисту 27 шт заглушки для розеток замок блокатор на меблі захист від гострих кутів стопер для дверей Mega Zayka б,599,,,0,Shoppeshag,16,True,https://prom.ua/ua/p3052915923-nabor-detskoj-zaschity.html
блокатор розеток дитячий,16,2893878418,"Заглушка для розетки Springos 12 шт із 2 ключами безпеки, захист від дітей HA5136 Love&Life -online-multimarket-",279,,,0,🍓Love&Life🍓: Світ Здоров'я 💋,1098,True,https://prom.ua/ua/p2893878418-zaglushka-dlya-rozetki.html
блокатор розеток дитячий,16,2905742506,Заглушки для розеток BabyOno 950 з ключем захист від дітей блокатори розеток 6 шт,130,,,0,BabyBox,729,True,https://prom.ua/ua/p2905742506-zaglushki-dlya-rozetok.html
блокатор розеток дитячий,16,1772250976,Заглушка в розетку Springos 12 шт + 2 ключі безпеки HA5136 -UKMarket-,279,,,0,"💜 UKMarket: Товари для дому та саду: тенти, штори, м'які вікна, меблі. Товари для спорту. Техніка",946,True,https://prom.ua/ua/p1772250976-zaglushka-rozetku-springos.html
блокатор розеток дитячий,16,3202439964,Заглушки для розеток FreeON 10 шт захисні дитячі пластикові накладки для стандартних електророзеток безпека дітей,199,,,0,SXL,3383,True,https://prom.ua/ua/p3202439964-zaglushki-dlya-rozetok.html
блокатор розеток дитячий,16,2916676857,"Блокатор розетки Springos HA5136, набір 12 штук з 2 ключами для захисту від дітей GoodPlace -worry-free-shopping-",279,,,0,💙💛 Good Place,751,True,https://prom.ua/ua/p2916676857-blokirator-rozetki-springos.html
блокатор розеток дитячий,16,2930116836,"Заглушка в розетку Springos 12 шт + 2 ключі безпеки HA5136 ""TheOne""",279,,,0,TheOne,62,True,https://prom.ua/ua/p2930116836-zaglushka-rozetku-springos.html
блокатор розеток дитячий,16,2941304900,"Ковпачки для розеток Springos HA5136, 12 штук із 2 ключами для безпеки дітей AlterDeal -thrilling-unlimited-choice-",279,,,0,AlterDeal,274,True,https://prom.ua/ua/p2941304900-kolpachki-dlya-rozetok.html
блокатор розеток дитячий,16,2562673305,"Набір заглушок для розетки Springos HA5136, 12 шт з 2 ключами для зняття, захист UDstore -store-with-good-prices-",279,,,0,UDstore 💝,480,True,https://prom.ua/ua/p2562673305-nabor-zaglushek-dlya.html
блокатор розеток дитячий,16,2939467898,Набір дитячої безпеки MEGA Безпека коричневі замки блокатори для меблів заглушки для розеток,1199,,,0,Julka.Shop,278,False,https://prom.ua/ua/p2939467898-nabor-detskoj-bezopasnosti.html
блокатор розеток дитячий,16,3204038360,Заглушка в розетку Springos 12 шт + 2 ключі безпеки HA5136 :BRASIL:,286,,,0,BRASIL,229,False,https://prom.ua/ua/p3204038360-zaglushka-rozetku-springos.html
блокатор розеток дитячий,16,3138876999,Заглушки для розеток пластикові захисні універсальні 6 шт з ключем набір для безпеки дітей MGZ,105,,,0,✨✨Mivo✨✨,119,False,https://prom.ua/ua/p3138876999-zaglushki-dlya-rozetok.html
блокатор розеток дитячий,16,2993204709,Заглушки для розеток пластикові захисні набір 6 шт від дітей з ключем універсальні блокатор білі,412,,,0,💛🛒 DobroMarket 💛🛒 мережа інтернет-магазинів,292,False,https://prom.ua/ua/p2993204709-zaglushki-dlya-rozetok.html
блокатор розеток дитячий,16,3124809525,"Захист від дітей у розетки біло-блакитний із пластику, заглушки з ключем для безпеки малюка, 6 штук",104,,,0,💙💎 Sapphire 💙💎,157,False,https://prom.ua/ua/p3124809525-zaschita-detej-rozetki.html
блокатор розеток дитячий,16,3204312118,Заглушка в розетку Springos 12 шт + 2 ключі безпеки HA5136 GoodPlace -worry-free-shopping-,286,,,0,💙💛 Good Place,751,False,https://prom.ua/ua/p3204312118-zaglushka-rozetku-springos.html
блокатор розеток дитячий,16,3203787530,"Заглушка в розетку Springos 12 шт + 2 ключі безпеки HA5136 ""TheOne""",286,,,0,TheOne,62,False,https://prom.ua/ua/p3203787530-zaglushka-rozetku-springos.html
блокатор розеток дитячий,16,3052915923,Набір дитячого захисту 27 шт заглушки для розеток замок блокатор на меблі захист від гострих кутів стопер для дверей Mega Zayka б,599,,,0,Shoppeshag,16,True,https://prom.ua/ua/p3052915923-nabor-detskoj-zaschity.html
блокатор розеток дитячий,16,2893878418,"Заглушка для розетки Springos 12 шт із 2 ключами безпеки, захист від дітей HA5136 Love&Life -online-multimarket-",279,,,0,🍓Love&Life🍓: Світ Здоров'я 💋,1098,True,https://prom.ua/ua/p2893878418-zaglushka-dlya-rozetki.html
блокатор розеток дитячий,16,2905742506,Заглушки для розеток BabyOno 950 з ключем захист від дітей блокатори розеток 6 шт,130,,,0,BabyBox,729,True,https://prom.ua/ua/p2905742506-zaglushki-dlya-rozetok.html
блокатор розеток дитячий,16,1772250976,Заглушка в розетку Springos 12 шт + 2 ключі безпеки HA5136 -UKMarket-,279,,,0,"💜 UKMarket: Товари для дому та саду: тенти, штори, м'які вікна, меблі. Товари для спорту. Техніка",946,True,https://prom.ua/ua/p1772250976-zaglushka-rozetku-springos.html
блокатор розеток дитячий,16,3202439964,Заглушки для розеток FreeON 10 шт захисні дитячі пластикові накладки для стандартних електророзеток безпека дітей,199,,,0,SXL,3383,True,https://prom.ua/ua/p3202439964-zaglushki-dlya-rozetok.html
блокатор розеток дитячий,16,2916676857,"Блокатор розетки Springos HA5136, набір 12 штук з 2 ключами для захисту від дітей GoodPlace -worry-free-shopping-",279,,,0,💙💛 Good Place,751,True,https://prom.ua/ua/p2916676857-blokirator-rozetki-springos.html
блокатор розеток дитячий,16,2930116836,"Заглушка в розетку Springos 12 шт + 2 ключі безпеки HA5136 ""TheOne""",279,,,0,TheOne,62,True,https://prom.ua/ua/p2930116836-zaglushka-rozetku-springos.html
блокатор розеток дитячий,16,2941304900,"Ковпачки для розеток Springos HA5136, 12 штук із 2 ключами для безпеки дітей AlterDeal -thrilling-unlimited-choice-",279,,,0,AlterDeal,274,True,https://prom.ua/ua/p2941304900-kolpachki-dlya-rozetok.html
блокатор розеток дитячий,16,2562673305,"Набір заглушок для розетки Springos HA5136, 12 шт з 2 ключами для зняття, захист UDstore -store-with-good-prices-",279,,,0,UDstore 💝,480,True,https://prom.ua/ua/p2562673305-nabor-zaglushek-dlya.html
блокатор розеток дитячий,16,2939467898,Набір дитячої безпеки MEGA Безпека коричневі замки блокатори для меблів заглушки для розеток,1199,,,0,Julka.Shop,278,False,https://prom.ua/ua/p2939467898-nabor-detskoj-bezopasnosti.html
блокатор розеток дитячий,16,3204038360,Заглушка в розетку Springos 12 шт + 2 ключі безпеки HA5136 :BRASIL:,286,,,0,BRASIL,229,False,https://prom.ua/ua/p3204038360-zaglushka-rozetku-springos.html
блокатор розеток дитячий,16,3138876999,Заглушки для розеток пластикові захисні універсальні 6 шт з ключем набір для безпеки дітей MGZ,105,,,0,✨✨Mivo✨✨,119,False,https://prom.ua/ua/p3138876999-zaglushki-dlya-rozetok.html
блокатор розеток дитячий,16,2993204709,Заглушки для розеток пластикові захисні набір 6 шт від дітей з ключем універсальні блокатор білі,412,,,0,💛🛒 DobroMarket 💛🛒 мережа інтернет-магазинів,292,False,https://prom.ua/ua/p2993204709-zaglushki-dlya-rozetok.html
блокатор розеток дитячий,16,3124809525,"Захист від дітей у розетки біло-блакитний із пластику, заглушки з ключем для безпеки малюка, 6 штук",104,,,0,💙💎 Sapphire 💙💎,157,False,https://prom.ua/ua/p3124809525-zaschita-detej-rozetki.html
блокатор розеток дитячий,16,3204312118,Заглушка в розетку Springos 12 шт + 2 ключі безпеки HA5136 GoodPlace -worry-free-shopping-,286,,,0,💙💛 Good Place,751,False,https://prom.ua/ua/p3204312118-zaglushka-rozetku-springos.html
блокатор розеток дитячий,16,3203787530,"Заглушка в розетку Springos 12 шт + 2 ключі безпеки HA5136 ""TheOne""",286,,,0,TheOne,62,False,https://prom.ua/ua/p3203787530-zaglushka-rozetku-springos.html
масажний килимок,5440,1995390189,Акупунктурний масажний килимок для спини/ніг з подушкою (валик) ProSource Acupressure Mat Рожевий GS227,558,,5,5,GloboSelect,7170,True,https://prom.ua/ua/p1995390189-akupunkturnyj-massazhnyj-kovrik.html
масажний килимок,5440,3164309648,Аплікатор Кузнєцова масажний килимок 48×27 см для спини,201,,5,3,СКЛАД МЕДИЦИНСКИХ ИЗДЕЛИЙ,1036,True,https://prom.ua/ua/p3164309648-applikator-kuznetsova-massazhnyj.html
масажний килимок,5440,2104311968,"Ортопедичний масажний набір килимок TipTop Мікс Standart, 8 пазлів Ортек і 4 півсфери + Масажер ""Арахіс""",2485,2259,5,20,Altronic,315,True,https://prom.ua/ua/p2104311968-ortopedicheskij-massazhnyj-nabor.html
масажний килимок,5440,1900312926,Килимок для ніг Supretto рефлекторний масажний (8222),399,129,4.9,8,APRICE,3111,True,https://prom.ua/ua/p1900312926-kovrik-dlya-nog.html
масажний килимок,5440,2769201749,Масажний килимок для ніг з камінням 35x70 см,275,,5,3,sportatletika,1979,True,https://prom.ua/ua/p2769201749-massazhnyj-kovrik-dlya.html
масажний килимок,5440,2780412624,Набір ортопедичний масажний килимок пазли для дітей та дорослих у садок групи раннього розвитку додому Ортек Ortek,925,,5,8,Магазин mirdetstva.com.ua Одяг та взуття для дітей та підлітків,698,True,https://prom.ua/ua/p2780412624-nabor-ortopedicheskij-massazhnyj.html
масажний килимок,5440,2073964444,Масажний килимок Universal Eko-Max (10-108): Професійна рефлексотерапія,275,235,5,23,ГОЛКА - НИТКА,500,True,https://prom.ua/ua/p2073964444-kovrik-massazhnyj-applikator.html
масажний килимок,5440,3026700372,Килимок ортопедичний масажний магнітний з м'ячиком Gemini Sport MYG-4204,536,,,0,chuku-sports.com.ua,2167,True,https://prom.ua/ua/p3026700372-kovrik-ortopedicheskij-massazhnyj.html
масажний килимок,5440,2264800791,Акупунктурний килимок масажний аплікатор Кузнєцова з валиком подушкою ортопедичний набір масажер для спини Чорний,1098,549,4.9,18,Продавашка,2770,True,https://prom.ua/ua/p2264800791-akupunkturnyj-massazhnyj-kovrik.html
масажний килимок,5440,1814315089,Акупунктурний масажний килимок для спини/ніг з подушкою (валик) ProSource Acupressure Mat Рожевий,500,450,5,1,Вас вітає інтернет магазин SvetOn!,52476,True,https://prom.ua/ua/p1814315089-akupunkturnyj-massazhnyj-kovrik.html
масажний килимок,5440,2863940083,Eko-Lux (Еко-Люкс) Аплікатор Кузнєцова Килимок 0108 Масажний килимок для зняття напруги | Здоров'я та релаксація,239,229.44,4.9,9,Pharmex.club,3483,True,https://prom.ua/ua/p2863940083-kuznetsov-kuznetsov-applikator.html
масажний килимок,5440,2016698021,Акупунктурний масажний килимок для спини/ніг з подушкою (валик) ProSource Acupressure Mat Рожевий SV227,419,,4.6,17,SevenHome,22811,True,https://prom.ua/ua/p2016698021-akupunkturnyj-massazhnyj-kovrik.html
масажний килимок,5440,2104311961,"Масажний ортопедичний стимулюючий килимок Ortek Мікс 6 пазлів для дітей та дорослих + Масажний мʼячик 6,5см",1279,1163,5,19,Altronic,315,True,https://prom.ua/ua/p2104311961-massazhnyj-ortopedicheskij-stimuliruyuschij.html
масажний килимок,5440,2922802840,"Масажний килимок Аплікатор Кузнєцова Eko-Max 40х70х2 см + Чохол (Сірий, Гострий)",500,425,,0,ГОЛКА - НИТКА,500,True,https://prom.ua/ua/p2922802840-massazhnyj-kovrik-applikator.html
масажний килимок,5440,2104311969,"Ортопедичний масажний набір килимок TipTop Мікс Standart, 6 пазлів Ортек і 2 півсфери + Масажний м ячик",1686,1533,5,40,Altronic,315,True,https://prom.ua/ua/p2104311969-ortopedicheskij-massazhnyj-nabor.html
масажний килимок,5440,2264799986,Акупунктурний килимок масажний аплікатор Кузнєцова з валиком подушкою ортопедичний набір масажер для спини Синій,1098,549,4.9,8,Продавашка,2770,True,https://prom.ua/ua/p2264799986-akupunkturnyj-massazhnyj-kovrik.html
масажний килимок,5440,2264810110,Акупунктурний килимок масажний аплікатор Кузнєцова з валиком подушкою ортопедичний набір масажер для спини Бордовий,1058,529,4.4,19,Продавашка,2770,True,https://prom.ua/ua/p2264810110-akupunkturnyj-massazhnyj-kovrik.html
масажний килимок,5440,2626570318,Рефлексологічний масажний килимок для ніг/ для акупунктурних точок,245,,,0,"Інтернет магазин ""Потрібні покупки""",9953,True,https://prom.ua/ua/p2626570318-refleksologicheskij-massazhnyj-kovrik.html
масажний килимок,5440,1727050413,Масажний ортопедичний килимок доріжка для ніг дітей з кольоровим камінням 70см OSPORT (OF-0277),604,333,5,7,SPORTOPT.ORG.UA - Спортивні товари оптом та в роздріб,6361,True,https://prom.ua/ua/p1727050413-massazhnyj-ortopedicheskij-kovrik.html
масажний килимок,5440,2073691343,Килимок Масажний Аплікатор Кузнєцова Eko-Max (10-1081) Оливковий,275,235,5,3,"Інтернет-магазин ""ШАНС""",1423,True,https://prom.ua/ua/p2073691343-kovrik-massazhnyj-applikator.html
масажний килимок,5440,1441983791,Ортопедичний масажний килимок Ortek (Орктек),275,,5,4,Record Sport,2288,True,https://prom.ua/ua/p1441983791-ortopedicheskij-massazhnyj-kovrik.html
масажний килимок,5440,2606753437,Масажний килимок Аплікатор Кузнєцова + валик масажер для спини/шиї/ніг/стоп/голови/тіла OSPORT (n-0004),839.45,574,4.8,34,OSPORT.UA - інтернет магазин спортивних товарів,8427,True,https://prom.ua/ua/p2606753437-massazhnyj-kovrik-applikator.html
масажний килимок,5440,3050403226,"Килимок ортопедичний масажний, акупунктурний, Килимок із шипами, масажний килимок із подушкою. масажер для тіла килимок Кузнєцова",670,502.50,,0,Cathaus,57,True,https://prom.ua/ua/p3050403226-kovrik-ortopedicheskij-massazhnyjakupunkturnyj.html
масажний килимок,5440,2104311962,"Масажний ортопедичний стимулюючий килимок Ortek Мікс 8 пазлів для дітей та дорослих + Масажний мʼячик 6,5см",1672,1520,5,25,Altronic,315,True,https://prom.ua/ua/p2104311962-massazhnyj-ortopedicheskij-stimuliruyuschij.html
масажний килимок,5440,1788681491,Силіконовий масажний килимок для ніг протиковзкий килимок для ванної,307,153.50,4.7,9,ДешевшеMALL,3962,True,https://prom.ua/ua/p1788681491-massazhnyj-silikonovyj-kovrik.html
масажний килимок,5440,1855793179,"Масажний килимок з подушкою (мат акупунктурний-аплікатор Кузнєцова + валик-масажер для тіла: спини, попереку, шиї, ніг, ст",679,529,5,3,EMILY-NAILS,2862,True,https://prom.ua/ua/p1855793179-massazhnyj-kovrik-podushkoj.html
масажний килимок,5440,2619174278,Ортопедичний масажний килимок Пазли Мікс 4 елементи Ortek 07789,815,,4.5,2,"Магазин Розумних іграшок ""неЗнайка""",190,True,https://prom.ua/ua/p2619174278-ortopedicheskij-massazhnyj-kovrik.html
масажний килимок,5440,2749648731,Масажний ортопедичний килимок-пазл 10 модулів з різними фактурами,1599,,4.8,6,sportatletika,1979,True,https://prom.ua/ua/p2749648731-massazhnyj-ortopedicheskij-kovrik.html
масажний килимок,5440,2934040397,Масажний килимок з подушкою (аплікатор Кузнєцова) фіолетовий,785,545,,0,Аксесуари для йоги,13,True,https://prom.ua/ua/p2934040397-masazhnij-kilimok-podushkoyu.html
масажний килимок,5439,3107870307,"Масажний килимок для ніг для йоги акупунктурний круглий з м'ячем 54×60 см з таймером для масажу стоп і тіла, бірюзовий",750,,,0,ArtСollection,670,True,https://prom.ua/ua/p3107870307-massazhnyj-kovrik-dlya.html
масажний килимок,5439,2914520189,"Акупресурний масажний килимок OrthoMechanik OrthoMatte з вібрацією, масажна подушка, USB-C, 68×42 см, 7425 шипів",4500,3600,,0,МегаБайт,2847,False,https://prom.ua/ua/p2914520189-akupressurnyj-massazhnyj-kovrik.html
масажний килимок,5439,1074998635,Масажний ортопедичний килимок доріжка для ніг дітей з камінням 177см OSPORT (OF-0279),1034,712,5,4,SPORTOPT.ORG.UA - Спортивні товари оптом та в роздріб,6361,True,https://prom.ua/ua/p1074998635-massazhnyj-ortopedicheskij-kovrik.html
масажний килимок,5439,1218199778,"Килимок Ляпко Народний Розмір 95 х 320 мм Аплікатор Голчастий Масажний Для Спини, Рук, Ніг 7,0 Ag Синій",826,786,,0,Інтернет-магазин «Здорове Життя»,285,True,https://prom.ua/ua/p1218199778-kovrik-lyapko-narodnyj.html
масажний килимок,5439,2264803083,Акупунктурний килимок масажний аплікатор Кузнєцова з валиком подушкою ортопедичний набір масажер для спини Рожевий,1098,549,5,3,Продавашка,2770,True,https://prom.ua/ua/p2264803083-akupunkturnyj-massazhnyj-kovrik.html
масажний килимок,5439,3123447934,"Килимок з голками / Масажний килимок з голками, з подушкою 37×15 см NJ-102 Чорний / Акупунктурний масажний килимок 66×41 см",627.14,439,,0,HomeMix,2432,True,https://prom.ua/ua/p3123447934-kovrik-iglami-massazhnyj.html
масажний килимок,5439,2264807505,Акупунктурний килимок масажний аплікатор Кузнєцова з валиком подушкою ортопедичний набір масажер для спини Сірий,1098,549,4.6,11,Продавашка,2770,True,https://prom.ua/ua/p2264807505-akupunkturnyj-massazhnyj-kovrik.html
масажний килимок,5439,3001435432,"Масажний килимок пазли, 8 елементів, 24.5х24.5см / Килимок пазл / Ортопедичний килимок для дітей",1426.22,998.35,,0,Be Store,880,True,https://prom.ua/ua/p3001435432-massazhnyj-kovrik-pazly.html
масажний килимок,5439,1268497148,Універсальний акупунктурний масажний килимок ProSource Acupressure Mat,500,440,,0,Вас вітає інтернет магазин SvetOn!,52476,True,https://prom.ua/ua/p1268497148-universalnyj-akupunkturnyj-massazhnyj.html
масажний килимок,5439,2028601471,Масажний килимок Acupressure mat - аплікатор Кузнєцова,1300,999,,0,"""АКУПУНКТУРА"" магазин акупунктурных товаров",210,True,https://prom.ua/ua/p2028601471-massazhnyj-kovrik-acupressure.html
масажний килимок,5439,3149798625,Килимок пазл масажний для ніг масажні ортопедичні килимки ортек килимок із масажним ефектом для здоров'я дитини,1815.49,1289,,0,Shoptoschool,68,True,https://prom.ua/ua/p3149798625-kovrik-pazl-massazhnyj.html
масажний килимок,5439,3043469163,Масажний килимок аплікатор Кузнєцова з валиком голчастий акупунктурний для спини шиї попереку ніг розслаблення м язів,600,425,5,3,Tenlav,14,True,https://prom.ua/ua/p3043469163-massazhnyj-kovrik-applikator.html
масажний килимок,5439,2623361385,Масажний килимок Аплікатор Кузнєцова + валик масажер для спини шиї ніг стоп голови тіла OSPORT (n-0142) Синьо-білий,777,586,5,8,Sklad24.org - Оптовий інтернет магазин склад,816,True,https://prom.ua/ua/p2623361385-massazhnyj-kovrik-applikator.html
масажний килимок,5439,2291084314,"Масажний килимок Ортек Пазли ""Математика"" 32 шт Розвиває дрібну моторику, сенсорні відчуття й навички в рахуванні",2338,1169,,0,"VitaMed - Медтехніка для дому, товари для здоров'я та краси!",270,True,https://prom.ua/ua/p2291084314-modulnyj-massazhnyj-kovrik.html
масажний килимок,5439,2934034658,Масажний килимок з подушкою (аплікатор Кузнєцова) синій,785,545,,0,Аксесуари для йоги,13,True,https://prom.ua/ua/p2934034658-masazhnij-kilimok-podushkoyu.html
масажний килимок,5439,2016698020,Акупунктурний масажний килимок для спини/ніг з подушкою (валик) ProSource Acupressure Mat Синій SV227,419,,4.8,21,SevenHome,22811,True,https://prom.ua/ua/p2016698020-akupunkturnyj-massazhnyj-kovrik.html
масажний килимок,5439,2993184669,"Масажний килимок Ortek Mega Mix 12 елементів для стоп, пазли, різні текстури (11024)",2495,2248,5,1,ВДАЛО,97,True,https://prom.ua/ua/p2993184669-massazhnyj-kovrik-ortek.html
масажний килимок,5439,592825227,"Масажний килимок із натурального каменю (гальки) з підігрівом, 53*83 см",9000,,,0,"ІНТЕРНЕТ МАГАЗИН ""GREENKOD.COM.UA""",203,False,https://prom.ua/ua/p592825227-massazhnyj-kovrik-naturalnogo.html
масажний килимок,5439,1995816089,"Масажний килимок із натурального каменю (гальки) з підігрівом, 53*43 см",5000,,5,1,"ІНТЕРНЕТ МАГАЗИН ""GREENKOD.COM.UA""",203,False,https://prom.ua/ua/p1995816089-massazhnyj-kovrik-naturalnogo.html
масажний килимок,5439,2395669911,Масажний ортопедичний килимок трикутник для дітей та дорослих у садок групи раннього розвитку додому Ортек Ortek,98,,5,1,Магазин mirdetstva.com.ua Одяг та взуття для дітей та підлітків,698,True,https://prom.ua/ua/p2395669911-massazhnyj-ortopedicheskij-kovrik.html
масажний килимок,5439,1674102789,"Дитячий ортопедичний масажний килимок для ніг Ortek, 6 пазлів",1163,,5,1,Simba&Nala,1458,True,https://prom.ua/ua/p1674102789-detskij-ortopedicheskij-massazhnyj.html
масажний килимок,5439,1539896136,"Масажний килимок акупунктурний Zen Guru - аплікатор Кузнєцова , магнітотерапія",1699,1190,,0,"""АКУПУНКТУРА"" магазин акупунктурных товаров",210,True,https://prom.ua/ua/p1539896136-massazhnyj-kovrik-akupunkturnyj.html
масажний килимок,5439,2745003668,Масажний килимок розвиваючий дитячий ортопедичний коврик для розвитку стопи 1 елемент ШИПИ,384,192,,0,PazlyShop,70,True,https://prom.ua/ua/p2745003668-massazhnyj-ortopedicheskij-kovrik.html
масажний килимок,5439,2492370127,Масажний килимок акупунктурний для точкового масажу з подушкою Trizand + 2 масажні кульки (23375) Польща,1455,1250,5,1,EuroAGD,723,False,https://prom.ua/ua/p2492370127-masazhnij-kilimok-akupunkturnij.html
масажний килимок,5439,3188870275,"Масажний килимок для ніг Foot Massager 8R з USB, 8 режимів / Акупунктурний масажер для стоп",212.86,149,,0,Homstera,2309,True,https://prom.ua/ua/p3188870275-massazhnyj-kovrik-dlya.html
масажний килимок,5439,2483744591,Акупунктурний масажний килимок Acupressure Mat NEW SV227,419,,4.3,3,SevenHome,22811,True,https://prom.ua/ua/p2483744591-akupunkturnyj-massazhnyj-kovrik.html
масажний килимок,5439,2854738938,"Силіконовий масажний килимок 45×45 см для душу й ванни: антиковзний, водостійкий, з присосками, середньої жорсткості сірий",575,475,,0,MIX-SHOP,265,True,https://prom.ua/ua/p2854738938-silikonovyj-massazhnyj-kovrik.html
масажний килимок,5439,2287210892,"Килимок масажний ""Пазли Мікс"" 6 елементів Орто пазл Активно впливає на поліпшення кровообігу Покращує тонус",2338,1169,5,1,"VitaMed - Медтехніка для дому, товари для здоров'я та краси!",270,True,https://prom.ua/ua/p2287210892-kovrik-massazhnyj-pazly.html
масажний килимок,5439,2940702413,"Масажний килимок голчастий великий плюс 6,2 Ag",3350,,,0,SumMed,663,True,https://prom.ua/ua/p2940702413-masazhnij-kilimok-golchastij.html
гантелі розбірні,6072,3119886928,Гантелі EVG-SPORT 2х5 кг гриф 350 мм,740,,5,1,EVSPORT - обирай шлях сильних!,77,True,https://prom.ua/ua/p3119886928-ganteli-evg-sport.html
гантелі розбірні,6072,3119886926,Гантель EVG-SPORT 5 кг гриф 350 мм,390,,5,3,EVSPORT - обирай шлях сильних!,77,True,https://prom.ua/ua/p3119886926-ganteli-evg-sport.html
гантелі розбірні,6072,3111735289,Набір розбірних Гантелі для спорту Розбірні Гантелі для дому силових тренувань Прогумовані Гантелі для чоловіків Розбірна штанга,4798,2399,5,2,ProSellerShop,68,True,https://prom.ua/ua/p3111735289-shtangi-metallicheskie-dlya.html
гантелі розбірні,6072,2728931626,"Гантелі розбірні Besport PowerPro 2х13,5кг",1713,1489,5,3,SyperGym,84,True,https://prom.ua/ua/p2728931626-ganteli-razbornye-besport.html
гантелі розбірні,6072,43986831,Комплект гантелей NEO-SPORT - 2 шт по 11 кг розбірних із змінними дисками,1899,1349,5,10,NEO-SPORT.UA,804,True,https://prom.ua/ua/p43986831-komplekt-gantelej-neo.html
гантелі розбірні,6072,2728948770,"Гантелі розбірні Besport PowerPro 2х13,5кг",1720,1495,4.8,18,🦾 HS Sport  - Офіційний дистриб'ютор тренажерів Hop-Sport,361,True,https://prom.ua/ua/p2728948770-ganteli-razbornye-besport.html
гантелі розбірні,6072,1718473381,Гантелі набірні-розбірні (набір гантелей) композитні OSPORT Lite 2шт по 18 кг (OF-0176),2335,1783,5,2,SPORTOPT.ORG.UA - Спортивні товари оптом та в роздріб,6361,True,https://prom.ua/ua/p1718473381-ganteli-nabornye-razbornye.html
гантелі розбірні,6072,385735285,Комплект розбірних гантелей - 2 шт по 15 кг,2249,,5,1,4Market.com.ua,535,True,https://prom.ua/ua/p385735285-komplekt-razbornyh-gantelej.html
гантелі розбірні,6072,411837857,Гантелі розбірні 2 шт по 16 кг M-SPORT зі змінними дисками,2299,1540,4.9,53,MaleStore,1094,True,https://prom.ua/ua/p411837857-ganteli-razbornye-sht.html
гантелі розбірні,6072,2939025416,Розбірна гантель бітумна WCG 1 шт. 25 кг. пластиковий гриф з металевим стрижнем для силових тренувань спортом,1109,998.10,5,2,zybi_zyb_lviv,428,True,https://prom.ua/ua/p2939025416-razbornaya-gantel-bitumnaya.html
гантелі розбірні,6072,2282494748,Розбірні гантелі NEO-SPORT - 2 шт по 16 кг з варіативними вагами,1800,1549,1,1,"SMART SHOP l ""Товари для дому та активного відпочинку""",3647,True,https://prom.ua/ua/p2282494748-razbornye-ganteli-neo.html
гантелі розбірні,6072,1978315936,Гантелі розбірні Neo Sport - 2шт по 11кг,1350,,,0,PrideShop,230,True,https://prom.ua/ua/p1978315936-ganteli-razbornye-neo.html
гантелі розбірні,6072,1201516941,"Розбірні гантелі 2 по 25 кілограмів (Набірні, покриття пластиком, бітумні, гантелі для будинку) WCG",3345,1946,4,1,"Магазин спортивних товарів ""PLANETSPORT""",2784,True,https://prom.ua/ua/p1201516941-razbornye-ganteli-nabornye.html
гантелі розбірні,6072,3141508306,Гантель розбірна сталева хромована Zelart TA-5451-15 15кг для тренувань вдома,3047.71,,,0,Misfit,897,True,https://prom.ua/ua/p3141508306-gantel-razbornaya-stalnaya.html
гантелі розбірні,6072,2984333903,Комплект розбірних гантелей Equip Athle 12 кг (2 шт по 6 кг) + з'єднувач із змінними дисками,1423,1098,5,6,Equip Athlet,2102,True,https://prom.ua/ua/p2984333903-komplekt-razbornyh-gantelej.html
гантелі розбірні,6072,3049124115,Гантелі набірні по 10 кг розбірні гантелі вагою по 10 кг,940,,,0,Dancoshop,1154,True,https://prom.ua/ua/p3049124115-ganteli-nabornye-razbornye.html
гантелі розбірні,6072,3083027767,Гантеля 10 кг набірна розбірна гантеля вагою 10 кг,470,,5,4,Dancoshop,1154,True,https://prom.ua/ua/p3083027767-gantelya-nabornaya-razbornaya.html
гантелі розбірні,6072,3052929001,Гантелі збірні по 15 кг розбірні гантелі вагою по 15 кг.,1260,,4.5,2,Dancoshop,1154,True,https://prom.ua/ua/p3052929001-ganteli-nabornye-razbornye.html
гантелі розбірні,6072,3042126487,Набір гантелі-штанга 2 в 1 розбірні 32 кг (2 шт. по 16 кг) зі з'єднувачем та пластиковими дисками,3798,1899,5,2,HyperShop,353,True,https://prom.ua/ua/p3042126487-nabor-ganteli-shtanga.html
гантелі розбірні,6072,1697790886,Розбірні гантелі 2х26кг Клікшоп,2649,1949,5,1,Інтернет-Магазин КлікШоп - Купівля всього в один клік,170,True,https://prom.ua/ua/p1697790886-razbornye-ganteli-2h26kg.html
гантелі розбірні,6072,2328876536,Гантелі з функцією штанги 22 кг для Дому 3в1 Комплект Гантелей Розбірних NeoSport Змінні Диски з Металевим Грифом для Дому,2500,1650,5,8,EURONEXT - нові товари для дому із Європи за найкращими цінами,1410,True,https://prom.ua/ua/p2328876536-ganteli-funktsiej-shtangi.html
гантелі розбірні,6072,2021693895,Набір 2в1 гантелі 2 шт по 16 кг + зєднювач для штанги M-SPORT розбірні із змінними дисками,2299,1790,5,1,MaleStore,1094,True,https://prom.ua/ua/p2021693895-nabor-2v1-ganteli.html
гантелі розбірні,6072,2446763813,Гантелі набірні для фітнесу Relax рожеві 2 кг х 2 шт,968,,5,6,Спортивні товари Artemic,1402,True,https://prom.ua/ua/p2446763813-ganteli-nabornye-dlya.html
гантелі розбірні,6072,2756924128,Гантелі розбірні Besport PowerPro для тренувань по 16 кг Love&Life -online-multimarket-,1647,,4.9,16,🍓Love&Life🍓: Світ Здоров'я 💋,1098,True,https://prom.ua/ua/p2756924128-ganteli-razbornye-besport.html
гантелі розбірні,6072,769315181,Розбірні гантелі 2х21кг Neo Sport,2645,1744,4.9,99,"Магазин спортивних товарів ""PLANETSPORT""",2784,True,https://prom.ua/ua/p769315181-razbornye-ganteli-2h21kg.html
гантелі розбірні,6072,2141829373,Комплект гантелей розбірних 52 кг (2 × 26 кг) зі з'єднувачем та змінними дисками,2519,2194,5,23,Equip Athlet,2102,True,https://prom.ua/ua/p2141829373-komplekt-gantelej-razbornyh.html
гантелі розбірні,6072,1333408412,"Гантелі розбірні (2 шт. по 12,5 кг) хромовані",3100,,,0,Спорт-Тема,432,True,https://prom.ua/ua/p1333408412-ganteli-razbornye-2sht.html
гантелі розбірні,6072,1382796113,Гантелі розбірні (2 шт. х 10 кг) хромовані 20 кг,2700,,5,3,Спорт-Тема,432,True,https://prom.ua/ua/p1382796113-ganteli-razbornye-2sht.html
гантелі розбірні,6027,1687452966,Гантелі 2 шт по 15 кг розбірні в пластиковому кейсі + з'єднувач для штанги. Набір 30 кг GymBeam,5589,5170,4.9,17,Sport-Home.com.ua Інтернет-магазин спортивних товарів для дому та спортзалів,1396,True,https://prom.ua/ua/p1687452966-ganteli-sht-razbornye.html
гантелі розбірні,6027,2669388333,Гантелі розбірні 15 кг з дисками для тренувань універсальний снаряд для дому і залу,799,,5,2,"Mshop-Sport — Все для Сили, Форми та Результату",73,True,https://prom.ua/ua/p2669388333-razbornye-ganteli-diskami.html
гантелі розбірні,6027,3224132718,Гантелі розбірні сталеві хромовані 2 по 15 кг SP-Sport TA-8052-30 Хром,5500,5335,,0,"Інтернет - магазин ""Спортплюс""",864,True,https://prom.ua/ua/p3224132718-ganteli-rozbirni-stalevi.html
гантелі розбірні,6027,3224132722,Гантелі розбірні сталеві хромовані 2 по 12.5 кг SP-Sport TA-8054-25 Хром,3775,3661.75,,0,"Інтернет - магазин ""Спортплюс""",864,True,https://prom.ua/ua/p3224132722-ganteli-rozbirni-stalevi.html
гантелі розбірні,6027,2756924128,Гантелі розбірні Besport PowerPro для тренувань по 16 кг Love&Life -online-multimarket-,1647,,4.9,16,🍓Love&Life🍓: Світ Здоров'я 💋,1098,True,https://prom.ua/ua/p2756924128-ganteli-razbornye-besport.html
гантелі розбірні,6027,2400824285,Гантелі розбірні з хромованим грифом WCG 2 х 13 кг,2477,2353.15,,0,E-insportline.com.ua,208,True,https://prom.ua/ua/p2400824285-ganteli-rozbirni-hromovanim.html
гантелі розбірні,6027,2400824288,Гантелі розбірні з хромованим грифом WCG 2 х 15 кг,2654,2521.30,,0,E-insportline.com.ua,208,True,https://prom.ua/ua/p2400824288-ganteli-rozbirni-hromovanim.html
гантелі розбірні,6027,2400824291,Гантелі розбірні з хромованим грифом WCG 2 х 18 кг,2831,2689.45,,0,E-insportline.com.ua,208,True,https://prom.ua/ua/p2400824291-ganteli-rozbirni-hromovanim.html
гантелі розбірні,6027,2400824294,Гантелі розбірні з хромованим грифом WCG 2 х 20 кг,3008,2857.60,,0,E-insportline.com.ua,208,True,https://prom.ua/ua/p2400824294-ganteli-rozbirni-hromovanim.html
гантелі розбірні,6027,2400824298,Гантелі розбірні з хромованим грифом WCG 2 х 23 кг,3127,2970.65,,0,E-insportline.com.ua,208,True,https://prom.ua/ua/p2400824298-ganteli-rozbirni-hromovanim.html
гантелі розбірні,6027,1581136616,Гантелі набірні-розбірні (набір гантелей) композитні OSPORT Lite 2шт по 8 кг (OF-0173),1691,1208,,0,OSPORT.UA - інтернет магазин спортивних товарів,8427,True,https://prom.ua/ua/p1581136616-ganteli-nabornye-razbornye.html
гантелі розбірні,6027,1723664337,Гантелі набірні-розбірні (набір гантелей) композитні OSPORT Lite 2шт по 15.5 кг (OF-0175),2058.50,1610,,0,OSPORT.UA - інтернет магазин спортивних товарів,8427,True,https://prom.ua/ua/p1723664337-ganteli-nabornye-razbornye.html
гантелі розбірні,6027,308113343,ШТАНГА + ГАНТЕЛІ НАБІР STRONG 140 КГ,6599,,5,10,"Інтернет-магазин ""TRENAZHERY""",1751,True,https://prom.ua/ua/p308113343-shtanga-ganteli-nabor.html
гантелі розбірні,6027,3208609166,Гантелі набірні по 15 кг розбірні гантелі по 15 кг,1440,,,0,JulielizabethShop,412,True,https://prom.ua/ua/p3208609166-ganteli-nabornye-razbornye.html
гантелі розбірні,6027,3211413887,Гантелі набірні по10 кг розбірні гантелі вагою по 10 кг,1340,,,0,JulielizabethShop,412,True,https://prom.ua/ua/p3211413887-ganteli-nabornye-razbornye.html
гантелі розбірні,6027,3211423403,Гантеля набірна вагою 10 кг розбірна гантеля вагою 10 кг,670,,,0,JulielizabethShop,412,True,https://prom.ua/ua/p3211423403-gantelya-nabornaya-razbornaya.html
гантелі розбірні,6027,316373969,Штанга + Гантелі Набір 90 кг,4149,,5,3,"Інтернет-магазин ""TRENAZHERY""",1751,True,https://prom.ua/ua/p316373969-shtanga-ganteli-nabor.html
гантелі розбірні,6027,2021693895,Набір 2в1 гантелі 2 шт по 16 кг + зєднювач для штанги M-SPORT розбірні із змінними дисками,2299,1790,5,1,MaleStore,1094,True,https://prom.ua/ua/p2021693895-nabor-2v1-ganteli.html
гантелі розбірні,6027,3209380426,Гантеля набірна 15 кг розбірна гантеля вагою 15 кг,720,,,0,JulielizabethShop,412,True,https://prom.ua/ua/p3209380426-gantelya-nabornaya-razbornaya.html
гантелі розбірні,6027,1883357833,Набір гантель 2 по 15 (30 кг) розбірні в пластиковому кейсі + штани 30 кг,5170,,5,1,GRIFKO | ГРИФИ ДЛЯ CrossFit | БАМПЕРНІ ДИСКИ | ГАНТЕЛІ,207,True,https://prom.ua/ua/p1883357833-nabor-gantel-30kg.html
гантелі розбірні,6027,1907507184,Гантелі розбірні хромовані SP-Sport TA-8059-5 2шт по 5кг,2110,2004.50,,0,"Інтернет - магазин ""Спортплюс""",864,True,https://prom.ua/ua/p1907507184-ganteli-rozbirni-hromovani.html
гантелі розбірні,6027,3121667561,"Гантель розбірна регульована 24 кг, збірна з підставкою, розумна спортивна гантель для фітнесу та домашніх тренувань",6248.75,4999,,0,ШО market,855,True,https://prom.ua/ua/p3121667561-gantel-razbornaya-reguliruemaya.html
гантелі розбірні,6027,768979719,Розбірні гантелі 2х13кг Neo Sport,2445,1544,4.7,7,"Магазин спортивних товарів ""PLANETSPORT""",2784,True,https://prom.ua/ua/p768979719-razbornye-ganteli-2h13kg.html
гантелі розбірні,6027,769331982,Розбірні гантелі 2х23кг Neo Sport,2745,1844,,0,"Магазин спортивних товарів ""PLANETSPORT""",2784,True,https://prom.ua/ua/p769331982-razbornye-ganteli-2h23kg.html
гантелі розбірні,6027,3068346908,Атлетичний комплект для фітнесу | Розбірні гантелі та штанга 2 в 1 на 22 кг,3498,1749,,0,YourFavShop,24,True,https://prom.ua/ua/p3068346908-atleticheskij-komplekt-dlya.html
гантелі розбірні,6027,2322461573,Гантелі розбірні 2x30 кг зі змінними дисками GanteliSport,5400,,5,5,Gantelisport Інтернет-магазин,184,True,https://prom.ua/ua/p2322461573-ganteli-razbornye-2x30.html
гантелі розбірні,6027,690191125,"Гантель металева розбірна з покриттям розбірна гантель для тренувань гантель для будинок Newt Home 13,5 кг",2075,,,0,Sportinvent - спортивний інтернет магазин,1998,True,https://prom.ua/ua/p690191125-gantel-metallicheskaya-razbornaya.html
гантелі розбірні,6027,690191127,"Гантель металева розбірна з покриттям розбірна гантель для тренувань гантель для дому Newt Home 17,5кг",2626,,,0,Sportinvent - спортивний інтернет магазин,1998,True,https://prom.ua/ua/p690191127-gantel-metallicheskaya-razbornaya.html
гантелі розбірні,6027,690191130,"Гантель металева розбірна з покриттям розбірна гантель для тренувань гантель для дому Newt Home 31,5кг",4555,,,0,Sportinvent - спортивний інтернет магазин,1998,True,https://prom.ua/ua/p690191130-gantel-metallicheskaya-razbornaya.html
еспандер для рук,5852,2444077178,"Еспандер кистьовий регульований пружинний 10-90 кг TaRGo, колір чорний",474.60,306.91,2.3,3,Інтернет-магазин ПОЛЬ,1573,True,https://prom.ua/ua/p2444077178-espander-kistevoj-reguliruemyj.html
еспандер для рук,5852,1388831815,Еспандер кистьовий (З лічильником) пружинний з регульованим навантаженням 10 - 60 кг Black,350,289,4.8,37,CN SPORT,916,True,https://prom.ua/ua/p1388831815-espander-kistevoj-schetchikom.html
еспандер для рук,5852,2738005501,"Набір кистьових еспандерів 5 в 1 для рук і пальців, регульований тренажер еспандер 5 60 кг, , Блакитні",289,,4.9,12,HomeBox,432,True,https://prom.ua/ua/p2738005501-nabor-kistevyh-espanderov.html
еспандер для рук,5852,1766028711,Набір кистьових еспандерів гумове кільце Newt Power Grip Set 30-70 кг TI-1590-5,247,234.65,4.5,18,Newt,851,True,https://prom.ua/ua/p1766028711-nabor-kistevyh-espanderov.html
еспандер для рук,5852,2738011353,"Набір кистьових еспандерів 5 в 1 для рук і пальців, регульований тренажер еспандер 5 60 кг, чорний",299,,5,22,HomeBox,432,True,https://prom.ua/ua/p2738011353-nabor-kistevyh-espanderov.html
еспандер для рук,5852,2491348994,"Кистьовий гіроскопічний еспандер гіробол, ручний тренажер GYRO BALL круглий Platinum",299,,5,55,HomeBox,432,True,https://prom.ua/ua/p2491348994-kistevoj-giroskopicheskij-espander.html
еспандер для рук,5852,1939423977,Еспандер кистьовий кільце навантаження 31.75-36.28 кг (70-80LB) чорний,250,,5,8,Інтернет-магазин «Gadgetarium»,4190,True,https://prom.ua/ua/p1939423977-espander-kistevoj-koltso.html
еспандер для рук,5852,1517533514,Еспандер кистьовий кільце гумовий для кистей та пальців рук 8x2.5см Profi (MS 3408),270.35,202,,0,OSPORT.UA - інтернет магазин спортивних товарів,8427,True,https://prom.ua/ua/p1517533514-espander-kistevoj-koltso.html
еспандер для рук,5852,2031900010,"Еспандер кистьовий пружинний 45 кг (100lb) з накладками, колір сірий",270,229,4.5,8,Центр топ,2724,True,https://prom.ua/ua/p2031900010-espander-kistevoj-pruzhinnyj.html
еспандер для рук,5852,2904246696,"Еспандер кистьовий гумове кільце Power Grip 60 кг, еспандер тренажер для кисті рук круглий гумовий",380,,,0,April Whisper,36,True,https://prom.ua/ua/p2904246696-espander-kistevoj-rezinovoe.html
еспандер для рук,5852,2155357438,Набір кистьових еспандерів для рук тренажери гумові еспандери кільце 9 шт для пальців пензлів передпліччя,499,,5,18,Art Planet,1252,True,https://prom.ua/ua/p2155357438-nabor-kistevyh-espanderov.html
еспандер для рук,5852,2396643035,Еспандер кистьовий тренажер для рук і пальців та зап'ястя ергономічний силіконовий кільце з опором 32-36-41 кг Hand Grip 3в1,439,395.10,5,3,Веселка,194,True,https://prom.ua/ua/p2396643035-espander-kistevoj-trenazher.html
еспандер для рук,5852,3072850588,Еспандер для пальців руки 13-21LB тренажер кисті хвата для музикантів спортсменів реабілітації,399,239.40,,0,Інтернет магазин Sport-Kvartal.com.ua № 1  по спортивним товарам.,343,True,https://prom.ua/ua/p3072850588-espander-dlya-paltsev.html
еспандер для рук,5852,3008663775,Еспандер для пальців руки ZLQ7259 12736,250,,,0,SportTAK88,134,True,https://prom.ua/ua/p3008663775-espander-dlya-paltsev.html
еспандер для рук,5852,2155351246,Набір кистьових еспандерів 5 шт еспандер тренажер для рук кисті пальців передпліччя регульований 60 кг,286,,4.8,38,Art Planet,1252,True,https://prom.ua/ua/p2155351246-nabor-kistevyh-espanderov.html
еспандер для рук,5852,2252541428,"Еспандер кистьовий пружинний з регульованим навантаженням 5-100 кг, еспандер для кисті рук",600,456,4.8,25,Grok,1650,True,https://prom.ua/ua/p2252541428-espander-kistevoj-pruzhinnyj.html
еспандер для рук,5852,2936492328,Еспандер EasyFit Elliptic кистьовий 18 кг зелений,139,134.83,,0,Інтернет-магазин товарів для фітнесу Easy4Fit,84,True,https://prom.ua/ua/p2936492328-espander-easyfit-elliptic.html
еспандер для рук,5852,1075392628,Еспандер кистьовий Heavy Grips 150 LBS Intermediate (Проміжний) 68 кг. Усі номери в наявності. Гарантія,490,,5,1,Аскон,283,True,https://prom.ua/ua/p1075392628-espander-kistevoj-heavy.html
еспандер для рук,5852,2295715392,"Тренажер для рук, зап'ястя, кисті та передпліччя Gyro Ball, гіроскопічний кистьовий тренажер, ручний еспандер, Powerball",410,348.50,5,5,TechShop,899,True,https://prom.ua/ua/p2295715392-trenazher-dlya-ruk.html
еспандер для рук,5852,49389029,Еспандер-палиця силовий пружинний 80 кг | тренажер для грудей та рук | металевий прут 68 см,795,,5,2,"СТАРТ, магазин спортивних товарів",1787,True,https://prom.ua/ua/p49389029-espander-palka-silovoj.html
еспандер для рук,5852,1075393851,Еспандер кистьовий Heavy Grips 200 LBS Advanced (Просунутий) 91 кг. Усі номери в наявності. Гарантія,490,,5,1,Аскон,283,True,https://prom.ua/ua/p1075393851-espander-kistevoj-heavy.html
еспандер для рук,5852,3174384711,"Силіконовий еспандер для розробки пальців руки, Hand Puller, Сірий / Тренажер для пальців",127.14,89,,0,HomeMix,2432,True,https://prom.ua/ua/p3174384711-silikonovyj-espander-dlya.html
еспандер для рук,5852,2487361982,Еспандер-кільце кистьовий тренажер для рук і пальців та зап'ястя ергономічний із силікону з різним опором 18-23-27кг Hand Grip 3в1,405,348.30,5,1,Веселка,194,True,https://prom.ua/ua/p2487361982-espander-koltso-kistevoj.html
еспандер для рук,5852,1978147874,"Кістовий еспандер-ножиці 5-165 кг. Пружинний еспандер кистьовий. Тренажери для рук, передпліччя, кисті, пальців",547,448,4.4,8,Интернет магазин GoGoShop,2639,True,https://prom.ua/ua/p1978147874-kistevoj-espander-nozhnitsy.html
еспандер для рук,5852,1888836010,Еспандер для рук пружинний із лічильником. Еспандери для рук. Кістовий еспандер 60кг. Еспандер чорний,1002,184,5,1,Tik Top Shop,2143,True,https://prom.ua/ua/p1888836010-espander-dlya-ruk.html
еспандер для рук,5852,1075382129,Еспандер кистьовий Heavy Grips 100 LBS Beginner (Новичок) 46 кг. Усі номери в наявності. Гарантія,490,,5,1,Аскон,283,True,https://prom.ua/ua/p1075382129-espander-kistevoj-heavy.html
еспандер для рук,5852,1889824784,Еспандер гіроскопічний гіробол павербол тренажер для хвату рук пальців запʼястя передпліччя з кейсом,499,,5,11,Art Planet,1252,True,https://prom.ua/ua/p1889824784-espander-giroskopicheskij-girobol.html
еспандер для рук,5852,2781661495,"Еспандер кистьовий, тренажер для рук з регульованим навантаженням, ручний еспандер для зміцнення хвату арт. 719402",405.01,204.02,5,1,Сливка,329,True,https://prom.ua/ua/p2781661495-espander-kistevoj-trenazher.html
еспандер для рук,5852,2782678273,Еспандер кистьовий для рук пальців еспандери фітнесу кісті пружинний ручний передпліччя ножиці на пальці,230,,5,12,Art Planet,1252,True,https://prom.ua/ua/p2782678273-espander-kistevoj-dlya.html
еспандер для рук,6070,2351221393,Еспандер кистьовий для рук кистьовий гумове кільце Power Grip в асортименті нагрузка від 30 до 70 кг,200,99,3.7,3,Green Lifee,810,True,https://prom.ua/ua/p2351221393-espander-dlya-kisti.html
еспандер для рук,6070,2989023027,Багатофункціональний тренажер для рук Еспандер для грудей Тренажер для чоловіків Еспандер силовий Пружинний еспандер I&S,1560,780,5,3,ART-Shop,683,True,https://prom.ua/ua/p2989023027-mnogofunktsionalnyj-trenazhyor-dlya.html
еспандер для рук,6070,3119935666,Еспандер для рук,274,213.72,,0,Big-Lavka,9956,True,https://prom.ua/ua/p3119935666-espander-dlya-ruk.html
еспандер для рук,6070,1688854495,"Тренажер-еспандер Метелик для рук та ніг універсальний, фіолетовий",249,,,0,Hot opt,397,True,https://prom.ua/ua/p1688854495-trenazher-espander-babochka.html
еспандер для рук,6070,3214135740,Набір кистьових еспандерів гумових для тренування рук та зміцнення м'язів з опором 30-70 кг. FLAME,816,544,,0,Flame,11,True,https://prom.ua/ua/p3214135740-nabor-kistevyh-espanderov.html
еспандер для рук,6070,1239786432,Набір трубчастих еспандерів для фітнесу та спорту 5 джгутів Бубновського чохол фітнес-резинки Power Bands,450,325,3.6,5,Prime Choice - Кращий вибір,6502,True,https://prom.ua/ua/p1239786432-nabor-trubchatyh-espanderov.html
еспандер для рук,6070,2852503934,Набір еспандерів для тренування пальців рук Hop-Sport HS-M003FT розмір M buzyna,367,293,,0,Бузина,546,True,https://prom.ua/ua/p2852503934-nabor-espanderov-dlya.html
еспандер для рук,6070,3010693195,Еспандер для рук Grip Strengthener тренажер із регулюванням навантаження й лічильником,323,,,0,Diamond,502,True,https://prom.ua/ua/p3010693195-espander-dlya-ruk.html
еспандер для рук,6070,2782678273,Еспандер кистьовий для рук пальців еспандери фітнесу кісті пружинний ручний передпліччя ножиці на пальці,230,,5,12,Art Planet,1252,True,https://prom.ua/ua/p2782678273-espander-kistevoj-dlya.html
еспандер для рук,6070,2080646986,Еспандер для пальців рук чорний із трьома режимами. Тренажер для розроблення пальців рук і розвитку пальців,779,80,5,1,"Інтернет-магазин ""Dianora-Style""",2294,True,https://prom.ua/ua/p2080646986-espander-dlya-paltsev.html
еспандер для рук,6070,2916677064,Еспандер для рук Cornix XR-0146 регульований діапазон навантаження 5-60 кг GoodPlace -worry-free-shopping-,358,199,,0,💙💛 Good Place,751,True,https://prom.ua/ua/p2916677064-espander-dlya-ruk.html
еспандер для рук,6070,2798245935,"Еспандер кистьовий гіроскопічний Gyro Ball Power 10 100 кг з підсвіткою, ручний круглий тренажер для рук, зап ясть і передпліччя",690,,5,2,GROKMR,133,True,https://prom.ua/ua/p2798245935-espander-kistevoj-giroskopicheskij.html
еспандер для рук,6070,2893346301,"Еспандер гіробол 10-100кг обертовий,, еспандер для кисті рук передпліччя круглий обертовий регульоване навантаження",790,590,,0,April Whisper,36,True,https://prom.ua/ua/p2893346301-espander-girobol-100kg.html
еспандер для рук,6070,3057291778,Тренажер для пальців пензля силіконовий еспандер для рук і зап'ястя 13LB / 17LB / 21LB сила схоплення реабілітація кисті,199.99,,,0,GEFESH.COM.UA,2139,True,https://prom.ua/ua/p3057291778-trenazher-dlya-paltsev.html
еспандер для рук,6070,2344567439,"Еспандер для фітнесу, еспандер гумка для рук, еспандер вісімка для йоги",327,163.50,,0,Lemu,1396,True,https://prom.ua/ua/p2344567439-espander-dlya-fitnesa.html
еспандер для рук,6070,1925355610,"Еспандер для рук та пальців, силіконовий кистьовий еспандер із зручним хватом, JELLO, навантаження 40LB, 18 кг",180,171,4.5,2,NEWDAY™,3087,True,https://prom.ua/ua/p1925355610-espander-dlya-ruk.html
еспандер для рук,6070,2534694124,"Еспандер кистьовий з регульованим навантаженням 5-100 кг, тренажер для рук",398,199,5,3,BigSmile.UA,2333,True,https://prom.ua/ua/p2534694124-espander-kistevojs-reguliruemoj.html
еспандер для рук,6070,2897760878,Еспандер для рук із регульованим навантаженням з лічильником повторень для кистей та передпліч для тренування сили зап'ястя,900,630,,0,TopShopper - твій надійний магазин,644,True,https://prom.ua/ua/p2897760878-espander-dlya-ruk.html
еспандер для рук,6070,2916676833,"Еспандер для рук Cornix XR-0068, 113 кг, посилений металевий для сили хвата GoodPlace -worry-free-shopping-",718,399,,0,💙💛 Good Place,751,True,https://prom.ua/ua/p2916676833-espander-dlya-ruk.html
еспандер для рук,6070,2016699242,Педальний тренажер Supretto AND246 з портативним цифровим датчиком SV227,758,,5,4,SevenHome,22811,True,https://prom.ua/ua/p2016699242-pedalnyj-trenazher-supretto.html
еспандер для рук,6070,2854106587,Еспандер пружинний металевий для рук EVAPOL 90 кг чорний,369,,,0,EVAPOL,309,True,https://prom.ua/ua/p2854106587-espander-pruzhinnyj-metallicheskij.html
еспандер для рук,6070,3163971394,VS Кістовий еспандер Hand Give Every Grip PRO 70 кг сірий еспандер для тренування рук та реабілітації після трав 32T8_V1,427,307,,0,TVS Інтернет магазин,563,False,https://prom.ua/ua/p3163971394-kistevoj-espander-hand.html
еспандер для рук,6070,3110594677,Еспандер кільце для рук блакитний тренажер кистьовий 18/22 кг для зап ясть і сили хвату (bs0013),300,199,5,1,Пікачу,1969,True,https://prom.ua/ua/p3110594677-espander-koltso-dlya.html
еспандер для рук,6070,795070414,Еспандер Метелик (тренажер для рук) OSPORT (MS-0565),366,232,4.5,2,SPORTOPT.ORG.UA - Спортивні товари оптом та в роздріб,6361,True,https://prom.ua/ua/p795070414-espander-babochka-trenazher.html
еспандер для рук,6070,2622346562,Гіроскопічний кистьовий тренажер з LED та лічильником оборотів - гіробол еспандер для рук DFR003,1999,1899.05,,0,⭐️ Mega-ShopUA.com.ua,4608,True,https://prom.ua/ua/p2622346562-giroskopicheskij-kistevoj-trenazher.html
еспандер для рук,6070,2893881651,Еспандер для рук регульований Hop-Sport HS-P060HG з навантаженням 5-60кг чорно-червоний Love&Life -online-multimarket-,188,,,0,🍓Love&Life🍓: Світ Здоров'я 💋,1098,True,https://prom.ua/ua/p2893881651-espander-dlya-ruk.html
еспандер для рук,6070,2751824501,"Еспандер силіконовий овальний 18,1кг Hop-Sport HS-S018OG синій,Еспандер для рук, Еспандер кистьовий силіконовий",198,,5,1,⭐️Sportcompany⭐️ Інтернет магазин спортивних товарів⭐️,829,True,https://prom.ua/ua/p2751824501-espander-silikonovyj-ovalnyj.html
еспандер для рук,6070,2293113461,"Тренажер-еспандер для пальців рук і кисті 6 рівнів стійкості, силіконовий підсилювач FINGER RELAX mnb YU227",102,,5,2,YouShine,7040,True,https://prom.ua/ua/p2293113461-trenazher-espander-dlya.html
еспандер для рук,6070,2310455742,Еспандер для рук чорний. Еспандер з лічильником кистьовий. Еспандер регульований пружинний. Еспандер 60 кг,292,193,5,1,Интернет магазин GoGoShop,2639,True,https://prom.ua/ua/p2310455742-espander-dlya-ruk.html
ролик для преса,5231,3095852044,Ролик для пресу подвійний Gymtek чорний,658,572,,0,🦾 HS Sport  - Офіційний дистриб'ютор тренажерів Hop-Sport,361,True,https://prom.ua/ua/p3095852044-rolik-dlya-pressa.html
ролик для преса,5231,1272349648,Колесо (диск) для преса AIRM HEALTH,399,299,5,4,APRICE,3111,True,https://prom.ua/ua/p1272349648-koleso-rolik-dlya.html
ролик для преса,5231,3014837262,"Ролик для преса гімнастичне колесо Trizand ABS Roller Wheel сталевий сердечник, протектор для зчеплення + килимок EVA (27668)",400,388,5,3,"""АвтоДім""",5867,True,https://prom.ua/ua/p3014837262-rolik-dlya-pressa.html
ролик для преса,5231,1971595175,Ролик для преса Одинарний «Міць» фітнес колесо Біле,390,,5,1,Міць,937,True,https://prom.ua/ua/p1971595175-rolik-dlya-pressa.html
ролик для преса,5231,3118304423,Ролик для преса одинарний нековзкий для тренування м язів живота BR-015 Black/Grey,188.50,145,5,2,"Оптово-роздрібний інтернет-магазин ""SmartBuyOnline""",2369,True,https://prom.ua/ua/p3118304423-rolik-dlya-pressa.html
ролик для преса,5231,3087505297,"Набір для тренувань вдома 5 в 1 - ролик для преса, упори для віджимань, скакалка, кистьовий еспандер та еспандер-вісімка",686.25,549,5,1,MriyaSpace,200,True,https://prom.ua/ua/p3087505297-nabor-dlya-trenirovok.html
ролик для преса,5231,2866339965,Ролик гімнастичний для преса MaxIQ-MD1402,399,249,,0,Алба стрім Медичний текстиль для лікування та профілактикиктики,747,True,https://prom.ua/ua/p2866339965-rolik-gimnasticheskij-dlya.html
ролик для преса,5231,2821147193,Тренажер для преса та спини Ab Trainer з регулюванням кута та м'якими валиками,4800,2950,5,2,Інтернет-магазин Khoztovar.com.ua,10006,True,https://prom.ua/ua/p2821147193-trenazhyor-dlya-pressa.html
ролик для преса,5231,2675732499,"Колесо для м'язів преса,якісний ролик для тренування живота,міцне фітнес коліщатко",698,550,,0,SPORTS FITNESS STORE,23,True,https://prom.ua/ua/p2675732499-koleso-dlya-myshts.html
ролик для преса,5231,3071002374,Роликове колесо для тренування пресу з килимком Trizand 27668,540,486,,0,"ІМ ""Sobi""",1009,True,https://prom.ua/ua/p3071002374-rolikovoe-koleso-dlya.html
ролик для преса,5231,2936492460,Ролик EasyFit BLM для пресу подвійний чорний,599,581.03,,0,Інтернет-магазин товарів для фітнесу Easy4Fit,84,True,https://prom.ua/ua/p2936492460-rolik-easyfit-blm.html
ролик для преса,5231,2606206081,Електричний міостимулятор для спалювання жиру Тренажер для преса та живота електричний Пояс для схуднення EQ-66,745,596,5,1,TOPSHOP1000,299,True,https://prom.ua/ua/p2606206081-elektricheskij-miostimulyator-dlya.html
ролик для преса,5231,2948549382,Колесо (ролик) для пресу EasyFit EF-1357 зі зворотним механізмом та лічильником,824,719,,0,Интернет-магазин U-Way — в один клік до мети.,84,True,https://prom.ua/ua/p2948549382-koleso-rolik-dlya.html
ролик для преса,5231,2730583017,Ролик для пресу EasyFit BLM подвійний чорний EF-1356,599,581.03,,0,IdeaMarket - завжди прекрасна ідея!,868,True,https://prom.ua/ua/p2730583017-rolik-dlya-pressa.html
ролик для преса,5231,3156803763,"Набір для фітнесу AND XL-1889 5 в 1 для домашніх тренувань, ролик для преса, упори для віджимань, еспандер, скакалка та килимок",722,649.80,,0,PREMIER.4IK,377,True,https://prom.ua/ua/p3156803763-nabor-dlya-fitnesa.html
ролик для преса,5231,2948550103,Колесо (ролик) для пресу EasyFit EF-1355 Ab Carver PRO. зі зворотним механізмом,950,829,,0,Интернет-магазин U-Way — в один клік до мети.,84,True,https://prom.ua/ua/p2948550103-koleso-rolik-dlya.html
ролик для преса,5231,2606753568,Колесо для преса (ролик гімнастичний) на підшипнику посилений подвійний OSPORT Pro+ (OF-0092),1103,919,,0,OSPORT.UA - інтернет магазин спортивних товарів,8427,True,https://prom.ua/ua/p2606753568-koleso-dlya-pressa.html
ролик для преса,5231,1414866863,Колесо для преса подвійне ролик для преса Zelart 1773 Black-Blue d-15 см,562,,,0,MegaSale - інтернет-супермаркет,2856,True,https://prom.ua/ua/p1414866863-koleso-dlya-pressa.html
ролик для преса,5231,2933127805,Ролик для преса металевий із гумовим покриттям SV227,223,,4.6,5,SevenHome,22811,True,https://prom.ua/ua/p2933127805-rolik-dlya-pressa.html
ролик для преса,5231,1814059618,Тренажер для преса та гіперексенція регульована лава гіперексенція Домашній тренажер для спини,6598,3299,,0,Твій Магазин,629,True,https://prom.ua/ua/p1814059618-trenazher-dlya-pressa.html
ролик для преса,5231,2957121965,Тренажер для преса сідниць та спини складний регульований Кардіотренажер 4 рівні навантаження гіперекстензія домашній до 120 кг,3995,2595,,0,🌟 Zahid Shop - найкраще з Європи 🌟,70,True,https://prom.ua/ua/p2957121965-trenazher-dlya-pressa.html
ролик для преса,5231,1216392383,"Тренажер для преса Revoflex Xtreme Роликовий тренажер, 40 вправ",335,,,0,"Інтернет-магазин  ""Mak7""",3430,True,https://prom.ua/ua/p1216392383-trenazher-dlya-pressa.html
ролик для преса,5231,580763607,Тренажер колесо для преса (ролик для преса) Profi (MS 0873),580.10,381,5,3,OSPORT.UA - інтернет магазин спортивних товарів,8427,True,https://prom.ua/ua/p580763607-trenazher-koleso-dlya.html
ролик для преса,5231,3129796090,Ролик для преса двоколісний ВВВ-2 з пластику і металу з килимком під коліна для тренувань живота спини та рук,378,265,,0,Вісім,146,True,https://prom.ua/ua/p3129796090-rolik-dlya-pressa.html
ролик для преса,5231,3176977608,"Тренажер-еспандер Pedal Puller, багатофункціональний тренажер для преса, Фітнес еспандер для тренувань, Педальний еспандер",465,418.50,,0,bestprices,5583,True,https://prom.ua/ua/p3176977608-trenazher-espander-pedal.html
ролик для преса,5231,3085805643,Ролик (гімнастичне колесо) для преса Actiget Ab Wheel ACT0111 Black/Red,824,639,,0,ProstoGo,103,True,https://prom.ua/ua/p3085805643-rolik-gimnasticheskoe-koleso.html
ролик для преса,5231,250958061,Тренажер для преса та спини ABS | Advanced Body System,415,,,0,Інтернет-магазин Khoztovar.com.ua,10006,True,https://prom.ua/ua/p250958061-trenazher-dlya-pressa.html
ролик для преса,5231,3108922090,Набір для домашніх тренувань 5в1 ролик для преса упори для віджимань скакалка килимок і гріппер,1004,703,,0,Господарочка,157,True,https://prom.ua/ua/p3108922090-nabor-dlya-domashnih.html
ролик для преса,5231,3027365969,Ролик для пресу HOJEANA з автоповерненням і упором для ліктів,2499,2374.05,,0,iHelper.vn,574,False,https://prom.ua/ua/p3027365969-rolik-dlya-presu.html
ролик для преса,5182,2937282013,Ролик для преса металевий із гумовим покриттям Топ продаж,295,,5,1,Kozak Hookah - Магазин техніки та аксесуарів,12795,True,https://prom.ua/ua/p2937282013-rolik-dlya-pressa.html
ролик для преса,5182,2179955056,Ролик для преса EasyFit Ab Carver PRO Колесо для гімнастики та вправ на прес,759,,,0,3. ForFit Інтернет-магазин спортивних товарів,913,True,https://prom.ua/ua/p2179955056-rolik-dlya-pressa.html
ролик для преса,5182,2198357722,"Ролик колесо тренажер для преса трикутний WCG S1 + Килимок для колін 37.5х23х10,5 см із навантаженням до 150 кг",920,539,,0,3. ForFit Інтернет-магазин спортивних товарів,913,True,https://prom.ua/ua/p2198357722-rolik-koleso-trenazher.html
ролик для преса,5182,1647333599,Ролик для преса подвійний (Profi Sports) з килимком Тренажер колесо для преса Ролик із ручками для преса,893,375,,0,🔥 𝐁𝐎𝐍𝐔𝐒-𝐌𝐀𝐑𝐊𝐄𝐓 🔥 – Трендові товари по найкращім цінам,17159,True,https://prom.ua/ua/p1647333599-rolik-dlya-pressa.html
ролик для преса,5182,2821058223,Ролик для пресу Hop-Sport з килимком чорно-червоний brooklyn,712,569,,0,Brooklyn,573,True,https://prom.ua/ua/p2821058223-rolik-dlya-pressa.html
ролик для преса,5182,2821059341,Ролик для преса York Fitness Deluxe Ab brooklyn,898,718,,0,Brooklyn,573,True,https://prom.ua/ua/p2821059341-rolik-dlya-pressa.html
ролик для преса,5182,3158051912,Ролик для преса York Fitness Exercise brooklyn,797,637,,0,Brooklyn,573,True,https://prom.ua/ua/p3158051912-rolik-dlya-pressa.html
ролик для преса,5182,3158052282,Ролик для пресу подвійний Gymtek червоний brooklyn,869,695,,0,Brooklyn,573,True,https://prom.ua/ua/p3158052282-rolik-dlya-pressa.html
ролик для преса,5182,3158272371,Ролик для преса Ecofit MD1485 PP+ABS+TPR+Steel К00021973 brooklyn,870,696,,0,Brooklyn,573,True,https://prom.ua/ua/p3158272371-rolik-dlya-pressa.html
ролик для преса,5182,2821147206,"Набір для фітнесу та тренувань 7 в 1 | Ролик для преса, еспандер, скакалка, упори для віджимань",900,520,5,5,Інтернет-магазин Khoztovar.com.ua,10006,True,https://prom.ua/ua/p2821147206-nabor-dlya-fitnesa.html
ролик для преса,5182,3089539623,Ролик для преса подвійний металевий (66654347),899,299,,0,Viktormilan,988,True,https://prom.ua/ua/p3089539623-rolik-dlya-pressa.html
ролик для преса,5182,2190315339,"Тренажер ролик для преса з поворотним механізмом і ліктьовими упорами, колесо для преса з таймером і тримачем для телефона",1100,685,,0,DetskiyGorodok,2758,True,https://prom.ua/ua/p2190315339-trenazher-rolik-dlya.html
ролик для преса,5182,2310475895,"Ролик для преса з ліктьовою підтримкою та таймером, тренажер для преса з інерційним механізмом і тримачем телефона",1100,685,,0,DetskiyGorodok,2758,True,https://prom.ua/ua/p2310475895-rolik-dlya-pressa.html
ролик для преса,5182,3050982449,Колесо для преса ролик для преса подвійний SP-Sport FI-2538 чорний-червоний для тренування м'язів преса,1828.24,,,0,Monark,673,True,https://prom.ua/ua/p3050982449-koleso-dlya-pressa.html
ролик для преса,5182,3050982450,Колесо для преса ролик для преса подвійний SP-Sport FI-7146 металевий для тренування преса,548.41,,,0,Monark,673,True,https://prom.ua/ua/p3050982450-koleso-dlya-pressa.html
ролик для преса,5182,3050982453,Колесо для преса ролик для преса подвійний SP-Sport FI-8675 чорний для тренування м'язів,1132.15,,,0,Monark,673,True,https://prom.ua/ua/p3050982453-koleso-dlya-pressa.html
ролик для преса,5182,3050982454,Колесо для преса ролик для преса подвійний SP-Sport FI-9839 для тренування м'язів,555.86,,,0,Monark,673,True,https://prom.ua/ua/p3050982454-koleso-dlya-pressa.html
ролик для преса,5182,3050982455,Колесо для преса ролик для преса подвійний SP-Sport FI-9840 для тренування м'язів,476.88,,,0,Monark,673,True,https://prom.ua/ua/p3050982455-koleso-dlya-pressa.html
ролик для преса,5182,2344088121,Колесо ролик для преса одинарне Record FI-0905,690,440,,0,Greenberg Store,1246,True,https://prom.ua/ua/p2344088121-koleso-rolik-dlya.html
ролик для преса,5182,2668317870,Роликовий тренажер AD3-9 / Ролик для преса / Гімнастичний тренажер для преса / Колесо для преса,1499.14,1049.40,,0,RedMoon,31713,True,https://prom.ua/ua/p2668317870-rolikovij-trenazher-ad3.html
ролик для преса,5182,2356620344,"Ролик для преса з ліктьовою підтримкою й автоматичним поверненням, домашній тренажер для м'язів живота та спини з таймером",1100,630,5,1,ShoppiKids,1766,True,https://prom.ua/ua/p2356620344-rolik-dlya-pressa.html
ролик для преса,5182,3141340813,Ролики для пресу Adidas Core Rollers чорний Уні One Size ADAC-11604GR,2967,,,0,military_clothes.ua,177,True,https://prom.ua/ua/p3141340813-roliki-dlya-pressa.html
ролик для преса,5182,1010809016,Ролик (гімнастичне колесо) для преса 4FIZJO Ab Wheel Black/Green (P-5907222931523),734,489,,0,SportVida - офіційний інтернет-магазин,1006,True,https://prom.ua/ua/p1010809016-rolik-gimnasticheskoe-koleso.html
ролик для преса,5182,1944437516,Ролик (гімнастичне колесо) для преса 4FIZJO Ab Wheel Black/Blue (P-5907739314857),824,549,,0,SportVida - офіційний інтернет-магазин,1006,True,https://prom.ua/ua/p1944437516-rolik-gimnasticheskoe-koleso.html
ролик для преса,5182,3151093335,Ролик (гімнастичне колесо) для преса Actiget Ab Wheel ACT0111 Black/Red,824,639,,0,SportVida - офіційний інтернет-магазин,1006,True,https://prom.ua/ua/p3151093335-rolik-gimnasticheskoe-koleso.html
ролик для преса,5182,3172122455,Ролик (гімнастичне колесо) для преса Actiget Ab Wheel ACT0110 Black,524,399,,0,SportVida - офіційний інтернет-магазин,1006,True,https://prom.ua/ua/p3172122455-rolik-gimnasticheskoe-koleso.html
ролик для преса,5182,2498552889,Ролик для преса зі зворотним механізмом 16 x 41,1039,841.59,,0,MyTorg-ukr,7189,True,https://prom.ua/ua/p2498552889-rolik-dlya-presa.html
ролик для преса,5182,1895357910,"Ролик для преса одинарний Newt NE-F-001, Land of Toys",731,599,,0,Територія Іграшок,1797,True,https://prom.ua/ua/p1895357910-rolik-dlya-pressa.html
ролик для преса,5182,2338286389,"Ролик для преса одинарний Ab Roller Newt NE-F-01BK, Land of Toys",592,485,,0,Територія Іграшок,1797,True,https://prom.ua/ua/p2338286389-rolik-dlya-pressa.html
універсальний ключ для кришок,137,973000056,Ключ для відкривання закручених банок 3-в-1 | Відкривачка для кришок різних діаметрів | Універсальний кухонний інструмент з ПП пла,36,,5,1,"Best Home Goods - ""Кращі товари для дому, подарунки, дрібниці""",3966,True,https://prom.ua/ua/p973000056-klyuch-dlya-otkryvaniya.html
універсальний ключ для кришок,137,2010733863,Безвідмовний відкривач банок | універсальний стрічковий ключ | багатофункціональна відкривачка,399,297,5,1,zhi-shi.ua ✅,4970,True,https://prom.ua/ua/p2010733863-bezotkaznyj-otkryvatel-banok.html
універсальний ключ для кришок,137,1791159136,Ключ для задньої кришики годинника Регульований,220,200,3,2,Едельвейс_юа,1792,True,https://prom.ua/ua/p1791159136-klyuch-dlya-zadnej.html
універсальний ключ для кришок,137,1050649180,Універсальний ключ-відкривалка для гвинтових кришок твіст-офф та пляшок 4 в 1,79.90,,5,4,Hozmagazin,2492,True,https://prom.ua/ua/p1050649180-universalnyj-klyuch-otkryvalka.html
універсальний ключ для кришок,137,2922307284,Відкривачка для банок Євро 3 в 1 універсальний ключ для кришок,30,,,0,happy-host,785,True,https://prom.ua/ua/p2922307284-vidkrivachka-dlya-banok.html
універсальний ключ для кришок,137,1135504319,Універсальний ключ для відкривання кришок,72,,5,1,"Интернет магазин ""Силикон-Молд""",4277,False,https://prom.ua/ua/p1135504319-universalnyj-klyuch-dlya.html
універсальний ключ для кришок,137,3125119186,Універсальний ключ для відкривання задніх кришок годинника з нарізним кріпленням до 56 мм. для самостійного ремонту арт. 08921,160,152,,0,"Інтернет-магазин ""Magnit""",2870,True,https://prom.ua/ua/p3125119186-universalnyj-klyuch-dlya.html
універсальний ключ для кришок,137,2112493808,"Універсальний ключ для кришок, банок, пляшок 7в1",59,,,0,Gardeniya Store - із турботою про ваш затишок!,639,True,https://prom.ua/ua/p2112493808-universalnyj-klyuch-dlya.html
універсальний ключ для кришок,137,2798953486,"Ключ для відкривання гвинтових кришок пластик в асорт., пластиковий ключ для консервації",18.90,,,0,SAMEVIN - оптово-роздрібний інтернет-магазин,2742,True,https://prom.ua/ua/p2798953486-klyuch-dlya-otkryvaniya.html
універсальний ключ для кришок,137,2434536087,Ключ пластмасовий для відкривання/закривання гвинтових кришок твіст (28 мм 70 мм) для банок пляшок,38,,4.5,4,"Інтернет-магазин ""ТАУТОРГ""",1701,True,https://prom.ua/ua/p2434536087-klyuch-plastmassovyj-dlya.html
універсальний ключ для кришок,137,3000597913,Універсальна відкривачка для банок та пляшок 4 в 1 (кухонний ключ для кришок),270,,5,6,КрутіШтучки,14,True,https://prom.ua/ua/p3000597913-universalnaya-otkryvalka-dlya.html
універсальний ключ для кришок,137,2922301623,Відкривачка для банок «Євро» 3 в 1 універсальний ключ для кришок,40,,,0,happy-host,785,True,https://prom.ua/ua/p2922301623-vidkrivachka-dlya-banok.html
універсальний ключ для кришок,137,1547830437,"50 мм універсальний ключ для відкривання задніх кришок годинника, інструмент для відкриття годинника",150,,4.9,7,Radius - інтернет магазин.,1602,True,https://prom.ua/ua/p1547830437-universalnyj-klyuch-dlya.html
універсальний ключ для кришок,137,1547821239,"Ключ 50 мм для відкриття і зняття задньої кришки годинників, Інструмент для розбору годинників",125,,5,5,Parcel - інтернет магазин.,2988,True,https://prom.ua/ua/p1547821239-klyuch-dlya-otkrytiya.html
універсальний ключ для кришок,137,1971884269,Ключ універсальний для зняття кришки паливного насоса і бака 30-160 мм. SATRA S-90303,518,,,0,TootTools,1197,True,https://prom.ua/ua/p1971884269-klyuch-universalnyj-dlya.html
універсальний ключ для кришок,137,2980376561,Відкривачка для банок та пляшок (відкривач) ключ для гвинтових кришок регульований сталевий 2.5-10см Білий,190,140,5,3,Lovable,878,True,https://prom.ua/ua/p2980376561-otkryvalka-dlya-banok.html
універсальний ключ для кришок,137,3188981957,"Універсальний ключ для аератора змішувача та відкривачка для кришок 16,5-24 мм",82.35,65.88,,0,Trend-opt,21,True,https://prom.ua/ua/p3188981957-universalnij-klyuch-dlya.html
універсальний ключ для кришок,137,2441252332,Універсальний ключ для відкривання задніх кришок годинників з різьбовим кріпленням до 56 мм для самостійного ремонту,199,149,3.6,10,Lots24.com.ua,19013,True,https://prom.ua/ua/p2441252332-universalnyj-instrument-dlya.html
універсальний ключ для кришок,137,1868995584,"56 мм універсальний ключ для відкривання задніх кришок годинника, інструмент для відкриття годинника",110,,4.2,5,Radius - інтернет магазин.,1602,True,https://prom.ua/ua/p1868995584-universalnyj-klyuch-dlya.html
універсальний ключ для кришок,137,2112389333,Ключ для кришок Твіст-офф універсальний,59,,,0,AGRO-MART,2867,True,https://prom.ua/ua/p2112389333-klyuch-dlya-kryshek.html
універсальний ключ для кришок,137,3193760223,Універсальний ключ для зняття кришки паливного бака QUATROS QS12498,510,,,0,LuxPrice Shop,190,True,https://prom.ua/ua/p3193760223-universalnyj-klyuch-dlya.html
універсальний ключ для кришок,137,3187629256,"Універсальний ключ для аератора змішувача та відкривачка для кришок, мм",100.65,71.46,,0,PARADISE-SHOP,56,True,https://prom.ua/ua/p3187629256-universalnij-klyuch-dlya.html
універсальний ключ для кришок,137,1969418776,Універсальний стрічковий ключ | знімач фільтрів | відкривач банок | робота з фітингами і трубами,399,297,,0,zhi-shi.ua ✅,4970,True,https://prom.ua/ua/p1969418776-universalnyj-lentochnyj-klyuch.html
універсальний ключ для кришок,137,2785089678,"Універсальний ключ 56мм для відкривання задніх кришок годинника, інструмент для відкриття годинника",200,,1,1,Radius - інтернет магазин.,1602,True,https://prom.ua/ua/p2785089678-universalnyj-klyuch-56mm.html
універсальний ключ для кришок,137,3081760307,"Victorinox ключ універсальний для кришок різного розміру, 18776HM58",1019,712.98,,0,NetLab,225,True,https://prom.ua/ua/p3081760307-victorinox-klyuch-nerzhavejki.html
універсальний ключ для кришок,137,2342963803,Євро ключ твіст для відкривання банок і кришок із закруткою Відкривачка для гвинтових кришок L 16 cm,68,,,0,VarioMarket,613,True,https://prom.ua/ua/p2342963803-evro-klyuch-tvist.html
універсальний ключ для кришок,137,3153597630,Кришка для бака без ключа універсальний пластиковий захист від забруднень і пошкоджень для зручності використання,153.75,123,,0,Інтернет-магазин First OFF,35,True,https://prom.ua/ua/p3153597630-kryshka-dlya-baka.html
універсальний ключ для кришок,137,3147927138,"Універсальний ключ для зняття кришки паливного бака SATRA S-90303, 30-160 мм, 1/2"", 21 мм",518,,,0,VinMix,61,True,https://prom.ua/ua/p3147927138-universalnyj-klyuch-dlya.html
універсальний ключ для кришок,137,3136273048,Універсальний ключ для зняття кришки паливного бака QUATROS QS12498,560,,,0,Toolexpert,25,True,https://prom.ua/ua/p3136273048-universalnyj-klyuch-dlya.html
універсальний ключ для кришок,137,3149384226,Ключ для відкривання єврокришок гвинтових кришок твіст універсальний,200,,,0,Zento,39,True,https://prom.ua/ua/p3149384226-klyuch-dlya-otkryvaniya.html
універсальний ключ для кришок,137,3224184878,"Універсальний ключ для відкручування кришок A-PLUS, 8A71BK4593",89,,,0,UniVerse,191,True,https://prom.ua/ua/p3224184878-plus-5582-instrument.html
універсальний ключ для кришок,137,1925859576,Ключ-знімач для кришок Twist-off на 3 розміри,39,,,0,KitchenWare - кухонні аксесуари,849,True,https://prom.ua/ua/p1925859576-klyuch-semnik-dlya.html
універсальний ключ для кришок,137,2104268927,"Універсальна відкривачка для банок із закручувальними кришками різного діаметра, міцний пластиковий ключ 22 см",62,,5,1,"Best Home Goods - ""Кращі товари для дому, подарунки, дрібниці""",3966,True,https://prom.ua/ua/p2104268927-universalnaya-otkryvashka-dlya.html
універсальний ключ для кришок,137,3192617301,Ключ для кришки паливного насоса універсальний 4159 JTC,2489,,,0,TWIST AUTO - інструмент за доступною ціною,2629,True,https://prom.ua/ua/p3192617301-klyuch-dlya-kryshki.html
універсальний ключ для кришок,137,2871899597,Універсальний ключ-відкривачка для гвинтових кришок 27-35 мм. Aivory,140,,,0,Aivory,366,True,https://prom.ua/ua/p2871899597-universalnyj-klyuch-otkryvalka.html
універсальний ключ для кришок,137,3056225513,Ключ для кришки паливного насоса універсальний HESHITOOLS SKTN0349,793,,,0,Toolsline — Твоя лінія інструменту,898,True,https://prom.ua/ua/p3056225513-klyuch-dlya-kryshki.html
універсальний ключ для кришок,137,637859422,Ключ для кришки паливного насоса універсальний 148-199мм JTC 4159 JTC,2480,,,0,"ТОВ ""ПРОФЛАЙН 2000""",3398,True,https://prom.ua/ua/p637859422-klyuch-dlya-kryshki.html
універсальний ключ для кришок,137,2285664494,Ключ для кришки паливного насоса універсальний HESHITOOLS SKTN0349,1217,974,,0,BestPrice,634,True,https://prom.ua/ua/p2285664494-klyuch-dlya-krishki.html
універсальний ключ для кришок,137,3052324455,Ключ для кришки паливного насоса універсальний 122-199 мм метал чорний,1266.25,1023.13,,0,BestMix,259,True,https://prom.ua/ua/p3052324455-klyuch-dlya-kryshki.html
універсальний ключ для кришок,137,3105931069,Ключ для кришки паливного насоса (знімач паливного бака) Alloid 89-170 мм регульований універсальний,1040,890,,0,Lovable,878,True,https://prom.ua/ua/p3105931069-klyuch-dlya-kryshki.html
універсальний ключ для кришок,137,2376734471,Ключ для кришки паливного насосу універсальний Geko G02696,571,553.87,5,4,Магазин АВІНС автоінструмент для СТО,2956,True,https://prom.ua/ua/p2376734471-klyuch-dlya-kryshki.html
універсальний ключ для кришок,137,2006758026,Ключ для кришки паливного насоса універсальний HESHITOOLS SKTN0349,793,,,0,Інтернет магазин SHOP TOOLS,3363,True,https://prom.ua/ua/p2006758026-klyuch-dlya-kryshki.html
універсальний ключ для кришок,137,1576636866,Ключ для кришки паливного насоса універсальний HESHITOOLS SKTN0349,793,,,0,Інструмент-Про,1004,True,https://prom.ua/ua/p1576636866-klyuch-dlya-kryshki.html
універсальний ключ для кришок,137,2980375881,"Відкривачка універсальна 4 в 1 для банок та пляшок, ключ для кришок (консервний ніж) Бірюзова",140,110,5,1,Lovable,878,True,https://prom.ua/ua/p2980375881-otkryvalka-universalnaya-dlya.html
універсальний ключ для кришок,137,2770516849,"Універсальний ключ + знімач 2 в 1 для зняття кареток Shimano Hollowtech II та кришок шатунів, велосипедний",194,,5,1,MOSFET,999,True,https://prom.ua/ua/p2770516849-universalnyj-klyuch-semnik.html
універсальний ключ для кришок,137,3011013566,KI Ключ для кришки паливного Feel Happy насоса STANDART універсальний інструмент для автосервісів знімач для кри FIR41_R,1203.84,912,,0,KingFire,1305,True,https://prom.ua/ua/p3011013566-klyuch-dlya-kryshki.html
універсальний ключ для кришок,137,3187732722,"Універсальний ключ для аератора змішувача та відкривачка для кришок 16,5-24 мм",73.20,54.90,,0,Buketov,29,True,https://prom.ua/ua/p3187732722-universalnij-klyuch-dlya.html
універсальний ключ для кришок,137,2939375920,"Відкривачка банок Benson BN-089, універсальна, для пляшок/банк із кришками 2.5-10.2 см, ключ для кришок. Код BN089ZBV",422,211,,0,SKAZKA,982,True,https://prom.ua/ua/p2939375920-otkryvalka-banok-benson.html
універсальний ключ для кришок,137,1168714665,Ключ для кришки паливного насоса універсальний HESHITOOLS SKTN0349,793,,5,2,Toptul Shop,4727,True,https://prom.ua/ua/p1168714665-klyuch-dlya-kryshki.html
універсальний ключ для кришок,137,1470194629,Євро ключ твіст для відкривання банок і кришок із закруткою Відкривачка для гвинтових кришок L 16 cm,77,,,0,Интернет-магазин IKA,627,True,https://prom.ua/ua/p1470194629-evro-klyuch-tvist.html
універсальний ключ для кришок,137,3212943128,Ключ для кришки паливного насоса універсальний HESHITOOLS SKTN0349 санлайт,793,,,0,SunLight,343,True,https://prom.ua/ua/p3212943128-klyuch-dlya-kryshki.html
універсальний ключ для кришок,137,3004925900,Ключ для кришки паливного насоса універсальний 148-199 мм 4159 JTC,2490,,,0,JTC TOOLS COMPANY,616,True,https://prom.ua/ua/p3004925900-klyuch-dlya-kryshki.html
універсальний ключ для кришок,137,2068123053,"Ключ для кришки паливного насоса універсальний HESHITOOLS Стандарт 12,2-19,9 см CL0005438",1350,1080,,0,dewelt,244,True,https://prom.ua/ua/p2068123053-klyuch-dlya-kryshki.html
універсальний ключ для кришок,137,2999439169,TS Ключ для кришки паливного насоса Extra Line STANDART універсальний для авто майстерень знімач для гайок баків SHT55_Q,1231.20,913,,0,Toptul-shop інтернет магазин,1206,True,https://prom.ua/ua/p2999439169-klyuch-dlya-kryshki.html
універсальний ключ для кришок,137,2932678069,FS Ключ для кришки Flex Set паливного насоса HESHITOOLS універсальний знімач для авто майстерень та се SET18-F,1185.60,916,,0,Престиж,388,True,https://prom.ua/ua/p2932678069-klyuch-dlya-kryshki.html
універсальний ключ для кришок,137,3021456695,Кришка паливного бака автозапчастина під ключ хром жигулі для ваз класична модель з замком універсальний монтаж,385.54,185.54,,0,AllyGift,834,True,https://prom.ua/ua/p3021456695-kryshka-benzobaka-avtozapchast.html
універсальний ключ для кришок,137,2852291839,Реалістична модель каменю 10x7x7 см із заглибленням та кришкою під ключ сіро-білий Місце для зберігання ключів,250,,,0,Dream 3D UA,62,True,https://prom.ua/ua/p2852291839-realistichnaya-model-kamnya.html
універсальний ключ для кришок,137,3013415199,Універсальний ключ для металевих та пластикових кришок Victorinox 187765H8K,1019,712.98,,0,"База скидок ""ПромоКот""",694,True,https://prom.ua/ua/p3013415199-krasnaya-otkryvashka-76912.html
степлер будівельний,6548,1734752802,Степлер будівельний під скобу 11.3*0.70*4-14 мм INTERTOOL RT-0103,453,399,5,10,LuxPrice - Інтернет магазин інструментів і автоаксесуарів,5426,True,https://prom.ua/ua/p1734752802-stepler-stroitelnyj-pod.html
степлер будівельний,6548,3016863848,"Бездротовий акумуляторний степлер 2 в 1 для скоб тип 53 і цвяхів 10 мм, електростеплер будівельний, меблевий та ремонтний",1548,1161,4.5,2,Domovyonok,809,True,https://prom.ua/ua/p3016863848-besprovodnoj-akkumulyatornyj-stepler.html
степлер будівельний,6548,2929882793,"Степлер будівельний INTERTOOL RT-0102, під скобу 11,3×0,7×4-14 мм, прогумоване руків я",269,224,5,20,Континент,1099,True,https://prom.ua/ua/p2929882793-stepler-stroitelnyj-intertool.html
степлер будівельний,6548,2929860550,"Степлер будівельний, під скобу 11,3×0,7×4-14мм INTERTOOL RT-0101",199,164,4.8,38,Континент,1099,True,https://prom.ua/ua/p2929860550-stepler-stroitelnyj-pod.html
степлер будівельний,6548,1606032659,Степлер будівельний під скобу 11.3*0.70*4-14 мм INTERTOOL RT-0103,499,395,5,42,MINISTROYMARKET,6465,True,https://prom.ua/ua/p1606032659-stepler-budivelnij-pid.html
степлер будівельний,6548,3113972804,"Степлер будівельний ручний Tolsen 43022 металевий під скоби 4-8 мм для меблевих, оздоблювальних робіт та оббивки тканини",287.64,,,0,FurniBaza,735,True,https://prom.ua/ua/p3113972804-stepler-stroitelnyj-ruchnoj.html
степлер будівельний,6548,691213781,Степлер БС-614/3М,720,,5,3,"ПП ""Таволга"" - магазин запчастин та інструментів",946,True,https://prom.ua/ua/p691213781-stepler-budivelnij-dnipro.html
степлер будівельний,6548,1646543468,"Степлер будівельний 3 в 1, під скобу 11.3*0.7*6-14 мм, цвях 14мм, шпилька 14мм. INTERTOOL RT-0104",599,479.20,5,53,Віллоас,16561,True,https://prom.ua/ua/p1646543468-stepler-budivelnij-pid.html
степлер будівельний,6548,2592662522,Степлер будівельний ресорсного типу з регулятором металевий для скоб оббивний механічний для меблів Sigma 6-14 мм,1318,659,5,3,Plumbmarket,407,True,https://prom.ua/ua/p2592662522-stepler-stroitelnyj-resorsnogo.html
степлер будівельний,6548,1655235201,Степлер будівельний Workpro W023001,479,464.63,,0,"Інтернет-магазин інструментів ""R-Tools""",3195,True,https://prom.ua/ua/p1655235201-stepler-stroitelnyj-workpro.html
степлер будівельний,6548,2668490466,Потужний електричний будівельний степлер Parkside мережевий електростеплер для дерева,2100,1050,4.6,9,AKT,783,True,https://prom.ua/ua/p2668490466-moschnyj-elektricheskij-stroitelnyj.html
степлер будівельний,6548,3147561989,"Будівельний степлер SIGMA 4в1 (хром, з регулятором)",534.90,347.68,5,1,ZenMag,47,True,https://prom.ua/ua/p3147561989-stroitelnyj-stepler-sigma.html
степлер будівельний,6548,2571865508,"Степлер будівельний, під скобу 11,3×0,7×4-14 мм, прогумоване руків я INTERTOOL RT-0102",280,,,0,Інтернет магазин Scotch-Rubin,3522,True,https://prom.ua/ua/p2571865508-stepler-stroitelnyj-pod.html
степлер будівельний,6548,1908589986,Степлер будівельний Intertool (RT-0104),549,494.10,,0,Pobuduj,3299,True,https://prom.ua/ua/p1908589986-stepler-stroitelnyj-intertool.html
степлер будівельний,6548,2029182322,Степлер будівельний ресорний 4-в-1 Vitals PAK Master (Скоби та цвяхи) Степлер будівельний для дерева,1162,,4.4,12,Папа Карло,4539,True,https://prom.ua/ua/p2029182322-stepler-stroitelnyj-ressornyj.html
степлер будівельний,6548,2630956052,Alloid. Степлер будівельний для скоб 3 в 1 + 600 скоб (хром),410,369,5,2,Marburg,317,True,https://prom.ua/ua/p2630956052-alloid-stepler-stroitelnyj.html
степлер будівельний,6548,60472129,Степлер для скоб 4-14мм Intertool RT-0102,269,229,4.6,22,"Autosklad.ua – фарби, автоемалі, герметики, лаки, набори інструментів, компресори",21879,True,https://prom.ua/ua/p60472129-stepler-dlya-skob.html
степлер будівельний,6548,3099331753,(62001) Степлер будівельний 4-14мм тип Т50 проф.+600 скоб (new) СТАЛЬ,586.74,,,0,ДропТоп,54,True,https://prom.ua/ua/p3099331753-62001-stepler-stroitelnyj.html
степлер будівельний,6548,2028556496,Степлер будівельний Dnipro-M BS-610P 6-10 мм,450,,,0,Торговая площадка Гидротехпро,493,False,https://prom.ua/ua/p2028556496-stepler-stroitelnyj-dnipro.html
степлер будівельний,6548,3147556479,"Будівельний степлер SIGMA універсальний 6-14 мм (ресорного типу, з регулятором)",1044.11,678.67,,0,ZenMag,47,True,https://prom.ua/ua/p3147556479-stroitelnyj-stepler-sigma.html
степлер будівельний,6548,1986068284,"Степлер будівельний професійний пневматичний 12.80x16мм INTERTOOL, Пневмостеплер, SLK",2826,1413,5,1,🇺🇦 DIOSHOP Інтернет-магазин,1674,True,https://prom.ua/ua/p1986068284-stepler-stroitelnyj-professionalnyj.html
степлер будівельний,6548,2334299546,Alloid. Степлер будівельний для скоб 3 в 1 + 600 скоб (хром) (SG-41404),429,386.10,,0,Avtoshop,1934,True,https://prom.ua/ua/p2334299546-alloid-stepler-stroitelnyj.html
степлер будівельний,6548,769189822,Степлер будівельний SIGMA 4-14 мм синій,383,,,0,ТД Укрсервіс,4123,True,https://prom.ua/ua/p769189822-stepler-stroitelnyj-sigma.html
степлер будівельний,6548,3175676220,"Пневмо степлер будівельний під скоби і цвяхи Parkside (Німеччина), Пневмостеплер для меблів, Скобозабивні пневмостеплери, WQN",6308,3154,,0,HomeSpace,19,True,https://prom.ua/ua/p3175676220-pnevmo-stepler-stroitelnyj.html
степлер будівельний,6548,2529189760,Степлер будівельний під скобу 11.3*0.70*4-14 мм (синій) INTERTOOL RT-0101,199,,4.6,7,"Інтернет-магазин ""KrazAuto""",4534,True,https://prom.ua/ua/p2529189760-stepler-stroitelnyj-pod.html
степлер будівельний,6548,2074879948,Alloid. Степлер будівельний для скоб 3 в 1 + 600 скоб (хром) (SG-41404),494.50,484.61,,0,AUTO-LINE.in.ua,3910,True,https://prom.ua/ua/p2074879948-alloid-stepler-stroitelnyj.html
степлер будівельний,6548,2900671408,Степлер будівельний 53 тип 4-14мм HAISSER,550,,,0,Побутмаркет,174,True,https://prom.ua/ua/p2900671408-stepler-budivelnij-tip.html
степлер будівельний,6548,2029182663,Степлер будівельний 3-в-1 Vitals TSH Степлер будівельний для дерева,480,,5,2,Toolshub,7544,True,https://prom.ua/ua/p2029182663-stepler-stroitelnyj-vitals.html
степлер будівельний,6548,2592663081,Степлер будівельний ресорсного типу з регулятором металевий для скоб оббивний механічний для меблів Sigma 4-14 мм,1264,632,5,1,Plumbmarket,407,True,https://prom.ua/ua/p2592663081-stepler-stroitelnyj-resorsnogo.html
степлер будівельний,6302,2743278395,Степлер будівельний DeWALT MULTI TACKER 5 в 1 (скоба/возд) (DWHT0-TR510),2329,,,0,ТД Укрсервіс,4123,True,https://prom.ua/ua/p2743278395-stepler-stroitelnyj-dewalt.html
степлер будівельний,6302,3151703441,"Будівельний степлер електричний під скоби і цвяхи Parkside (Німеччина), Пістолет для цвяхів для палет, TFF",3072,1536,,0,ONEStore,96,True,https://prom.ua/ua/p3151703441-stroitelnyj-stepler-elektricheskij.html
степлер будівельний,6302,2336874816,Степлер будівельний для скоб 4-14мм + 200скоб 8мм (хром) Alloid,349,,,0,АВТОМОЛ,1430,True,https://prom.ua/ua/p2336874816-alloid-stepler-stroitelnyj.html
степлер будівельний,6302,2630956048,Alloid. Степлер будівельний для скоб 4-8 мм,211,189.90,5,3,Marburg,317,True,https://prom.ua/ua/p2630956048-alloid-stepler-stroitelnyj.html
степлер будівельний,6302,2074879948,Alloid. Степлер будівельний для скоб 3 в 1 + 600 скоб (хром) (SG-41404),494.50,484.61,,0,AUTO-LINE.in.ua,3910,True,https://prom.ua/ua/p2074879948-alloid-stepler-stroitelnyj.html
степлер будівельний,6302,1657742822,"Степлер будівельний під скобу 11.3 х 0.7 х 4-14 мм STORM INTERTOOL RT-0103, cтеплер меблевий механічний",499,,,0,КОНСТРУКТОР онлайн-магазин,3996,True,https://prom.ua/ua/p1657742822-stepler-stroitelnyj-pod.html
степлер будівельний,6302,3042545838,"Степлер меблевий сталевий 4-8 мм, Будівельний скобозабивний пістолет для швидкого кріплення матеріалів і ремонту",1196,598,,0,Дім Текстиль,75,True,https://prom.ua/ua/p3042545838-stepler-mebelnyj-stalnoj.html
степлер будівельний,6302,2592663081,Степлер будівельний ресорсного типу з регулятором металевий для скоб оббивний механічний для меблів Sigma 4-14 мм,1264,632,5,1,Plumbmarket,407,True,https://prom.ua/ua/p2592663081-stepler-stroitelnyj-resorsnogo.html
степлер будівельний,6302,1986068284,"Степлер будівельний професійний пневматичний 12.80x16мм INTERTOOL, Пневмостеплер, SLK",2826,1413,5,1,🇺🇦 DIOSHOP Інтернет-магазин,1674,True,https://prom.ua/ua/p1986068284-stepler-stroitelnyj-professionalnyj.html
степлер будівельний,6302,1477166323,"Степлер будівельний 4-14 мм проф.+600 скоб Сталь (62001), Степлер професійний",568,,5,2,Hadi,526,True,https://prom.ua/ua/p1477166323-stepler-stroitelnyj-14mm.html
степлер будівельний,6302,3099331753,(62001) Степлер будівельний 4-14мм тип Т50 проф.+600 скоб (new) СТАЛЬ,586.74,,,0,ДропТоп,54,True,https://prom.ua/ua/p3099331753-62001-stepler-stroitelnyj.html
степлер будівельний,6302,2900671408,Степлер будівельний 53 тип 4-14мм HAISSER,550,,,0,Побутмаркет,174,True,https://prom.ua/ua/p2900671408-stepler-budivelnij-tip.html
степлер будівельний,6302,769189822,Степлер будівельний SIGMA 4-14 мм синій,383,,,0,ТД Укрсервіс,4123,True,https://prom.ua/ua/p769189822-stepler-stroitelnyj-sigma.html
степлер будівельний,6302,2529189760,Степлер будівельний під скобу 11.3*0.70*4-14 мм (синій) INTERTOOL RT-0101,199,,4.6,7,"Інтернет-магазин ""KrazAuto""",4534,True,https://prom.ua/ua/p2529189760-stepler-stroitelnyj-pod.html
степлер будівельний,6302,1782995743,"Степлер 4-14 мм, тип J 53 HOEGERT (HT2C002)",688,,,0,"Інтернет-магазин інструменту ""РЕЗЕРВ""",3905,True,https://prom.ua/ua/p1782995743-stepler-tip-hoegert.html
степлер будівельний,6302,1998956035,"Степлер будівельний 3 в 1 Vitals + 600 шт витратних матеріалів (скоба тип 140, U-подібна скоба тип 36, цвяхи тип 300)",480,450,,0,benzodom.com.ua,1732,True,https://prom.ua/ua/p1998956035-stepler-stroitelnyj-vitals.html
степлер будівельний,6302,2858375330,"Степлер будівельний Tolsen металевий для ремонту, рамковий механічний під скоби 4-8 мм номер 53",423,338,,0,AVERAGE - Магазин Без предоплати,1654,True,https://prom.ua/ua/p2858375330-stepler-stroitelnyj-tolsen.html
степлер будівельний,6302,3192118127,"Степлер будівельний електричний професійний під скоби і цвяхи Parkside (Німеччина), JMM",3364,1682,,0,Footmarket,421,True,https://prom.ua/ua/p3192118127-stepler-stroitelnyj-elektricheskij.html
степлер будівельний,6302,2645227676,"Alloid Pro. Цвяхи для будівельного степлера 15 мм х 1.2 мм, тип 8 (1000 шт.)",51,45.90,5,1,Avtoshop,1934,True,https://prom.ua/ua/p2645227676-alloid-pro-gvozdi.html
степлер будівельний,6302,2107403504,Степлер будівельний ресорний 4 в 1 Vitals Master,1394.40,1162,,0,Mirrek-towar,685,True,https://prom.ua/ua/p2107403504-stepler-stroitelnyj-ressornyj.html
степлер будівельний,6302,3147365670,Степлер будівельний Voltronic 4-8 mm (FM-SrBg/4-8) (y651937),321,,,0,MAMS,6957,True,https://prom.ua/ua/p3147365670-stepler-stroitelnyj-voltronic.html
степлер будівельний,6302,3202061359,Степлер будівельний під скобу 6-10 мм синій Apro (пластиковий корпус),510,433,,0,Device store,92,True,https://prom.ua/ua/p3202061359-stepler-stroitelnyj-pod.html
степлер будівельний,6302,3188167645,"Степлер будівельний механічний INTERTOOL RT-0101, метал, під скобу 4-14 мм (тип 53)",190,,,0,Iнструменти,28,True,https://prom.ua/ua/p3188167645-stepler-stroitelnyj-mehanicheskij.html
степлер будівельний,6302,2989907253,Степлер будівельний 3-в-1 Vitals 189329,410,,,0,"Інтернет-магазин ""ЦЕПОК""",2241,True,https://prom.ua/ua/p2989907253-stepler-stroitelnyj-vitals.html
степлер будівельний,6302,3136198876,Степлер будівельний IRIMO 4-в-1 HEAVY DUTY (інструмент для видалення скоб та скоби 1000 штук) (560-41LP-1),1685,,,0,"""ПРОФІ-ІНСТРУМЕНТ""",562,True,https://prom.ua/ua/p3136198876-stepler-stroitelnyj-irimo.html
степлер будівельний,6302,2871085493,Степлер будівельний під скобу 4-14мм червоний Intertool,303,,,0,RedCar,3384,True,https://prom.ua/ua/p2871085493-stepler-stroitelnyj-pod.html
степлер будівельний,6302,2114337404,Степлер будівельний ресорний 4 в 1 Vitals Master,1162,1062,5,1,Агротория,807,True,https://prom.ua/ua/p2114337404-stepler-stroitelnyj-ressornyj.html
степлер будівельний,6302,3208450765,Степлер будівельний Airkraft пневмо під шпильку 0.64;12-30 P630 brooklyn,2668,2134,,0,Brooklyn,573,True,https://prom.ua/ua/p3208450765-stepler-stroitelnyj-airkraft.html
степлер будівельний,6302,3042537862,"Степлер будівельний механічний для скоб 4-8 мм, Металевий меблевий степлер для оббивки та ремонту будинку",1200,600,,0,Дім Текстиль,75,True,https://prom.ua/ua/p3042537862-stepler-stroitelnyj-mehanicheskij.html
набір для чищення труб,139,2889499376,"Набір для чищення димоходу вентканалу Aiming обертовa гнучка нейлонова щітка 100 мм + ручка 9×600 мм, насадка під дриль",950,791,5,8,"интернет-магазин ""PRINTWOOD""",764,True,https://prom.ua/ua/p2889499376-nabor-dlya-chistki.html
набір для чищення труб,139,2665731699,"Набір щіток для чищення пляшок, трубочок і поїлок, 10 шт., гнучкі нейлонові йоржики 21 см",210,,5,2,DuoBox,852,True,https://prom.ua/ua/p2665731699-nabor-schyotok-dlya.html
набір для чищення труб,139,3175209974,Комплект гнучких ручок для чищення димоходу 6 шт по 1 м набір палиць для димохідних труб та вентиляції,1457.10,1020,,0,OStore - купуй онлайн!,894,True,https://prom.ua/ua/p3175209974-komplekt-gibkih-ruchek.html
набір для чищення труб,139,1716649767,Набір для очищення труб Stihl 15 м,1766,1713.02,,0,"""СТИМУЛ"" - інструменти для дому та роботи.",2693,True,https://prom.ua/ua/p1716649767-nabor-dlya-ochistki.html
набір для чищення труб,139,3027596602,"Набір: засіб для чищення унітазу «Антиналіт» 750 г + засіб для прочистки каналізаційних труб 1000 мл, GALAX PowerClean",151,,,0,ОптомТУТ,927,True,https://prom.ua/ua/p3027596602-nabor-sredstvo-dlya.html
набір для чищення труб,139,3082361891,"Набір для чищення труб і димоходу Савент 6 гнучких ручок, E655P5273",1458,1019.98,,0,"Интернет-катал​ог ск​​​​ид​​ок ""OBNOVKA""",705,True,https://prom.ua/ua/p3082361891-gibkie-shtangi-dlya.html
набір для чищення труб,139,1819380005,Набір для чищення жолобів і водостічних труб Parkside PDRS 10 A1,2500,,,0,ДОМПОБУТ,1841,False,https://prom.ua/ua/p1819380005-nabir-dlya-chischennya.html
набір для чищення труб,139,2747804518,"Набір для миття пляшечок,Щітки, Набір для чищення курильних трубок, Щітка для чищення труб, чашок, соломинок",150,127.50,5,4,MedFed,150,True,https://prom.ua/ua/p2747804518-jorshik-nabor-dlya.html
набір для чищення труб,139,3153924952,Набір для чищення труб Karcher 7.5м 2.637-729.0,4503,,,0,Livico - інтернет магазин,29,True,https://prom.ua/ua/p3153924952-nabor-dlya-chistki.html
набір для чищення труб,139,1789071590,Набір тросів для чищення зливних труб DRAIN WEASEL PLUS,97,,4,1,MY.Opt,1225,True,https://prom.ua/ua/p1789071590-nabor-trosov-dlya.html
набір для чищення труб,139,3181246470,Нейлонова роторна щітка для очищення димоходів від сажі 10 м професійний набір для чищення труб шоп1,4778.70,3584,,0,Dream Shop,2228,True,https://prom.ua/ua/p3181246470-nejlonovaya-rotornaya-schetka.html
набір для чищення труб,139,3181255823,Роторний набір для чищення димоходів 10 м комплект з гнучкими ручками та щіткою для димарних труб Гал1,7661.60,5593,,0,GalArt - домашній затишок,1705,True,https://prom.ua/ua/p3181255823-rotornyj-nabor-dlya.html
набір для чищення труб,139,3153795968,Аксесуар для пральних машин Karcher PC 20 набір для чищення ринв і труб,5557,,,0,Livico - інтернет магазин,29,True,https://prom.ua/ua/p3153795968-aksessuar-dlya-stiralnyh.html
набір для чищення труб,139,3174316843,Аксесуар для пральних машин Karcher набір для чищення труб 15м 200 бар,6815,,,0,Kivaro - інтернет магазин,19,True,https://prom.ua/ua/p3174316843-aksessuar-dlya-stiralnyh.html
набір для чищення труб,139,3223083454,Роторний набір 8 м для очищення димоходів щітка для чищення труб та комплектуючі димохідної системи,4329,3809.50,,0,YOYO - Закрутить у вихорі веселощів,2,True,https://prom.ua/ua/p3223083454-rotornyj-nabor-dlya.html
набір для чищення труб,139,3175209961,Набір для чищення димоходів роторний 7 м щітка нейлонова гнучкі ручки для димоходу механічне очищення труб,6185.70,4330,,0,OStore - купуй онлайн!,894,True,https://prom.ua/ua/p3175209961-nabor-dlya-chistki.html
набір для чищення труб,139,3175209965,Роторний набір для чищення димоходів 9 м щітка для димаря набір для очищення труб від сажі димохідна щітка,4731.40,3312,,0,OStore - купуй онлайн!,894,True,https://prom.ua/ua/p3175209965-rotornyj-nabor-dlya.html
набір для чищення труб,139,3175209968,Набір для чищення димоходів 8 м роторний комплект для димаря щітка для чищення труб димохідна система,5440,3808,,0,OStore - купуй онлайн!,894,True,https://prom.ua/ua/p3175209968-nabor-dlya-chistki.html
набір для чищення труб,139,3222946429,Роторний комплект для чищення димоходів 4 м набір для механічної очистки труб щітка для димаря турбо,3411.10,3070,,0,"Vendo - Все, що потрібно — в одному місці",128,True,https://prom.ua/ua/p3222946429-rotornyj-nabor-dlya.html
набір для чищення труб,139,3222946435,Комплект для механічного чищення димоходів 4 м щітка для димових труб набір роторного типу,2724.40,2452,,0,"Vendo - Все, що потрібно — в одному місці",128,True,https://prom.ua/ua/p3222946435-komplekt-dlya-mehanicheskoj.html
набір для чищення труб,139,3222946442,Набір нейлонових щіток для чищення димоходів 10 м роторна система для видалення сажі у трубах,3981.10,3583,,0,"Vendo - Все, що потрібно — в одному місці",128,True,https://prom.ua/ua/p3222946442-komplekt-nejlonovyh-schetok.html
набір для чищення труб,139,3200945368,Набір для чищення труб Drain Weasel Plus 7345 пластикові троси 31 см і 46 см ручка 15.5 см,335,268,,0,"Інтернет-магазин ""LOVE""",11,True,https://prom.ua/ua/p3200945368-nabor-dlya-chistki.html
набір для чищення труб,139,2791413581,Набір інструментів для чищення засоров каналізаційних труб вантуз вакуумний трос з сантехнічний щупом BRS Помаранчевий,580,290,5,1,BRS SHOP,230,True,https://prom.ua/ua/p2791413581-nabor-instrumentov-dlya.html
набір для чищення труб,139,3223083426,Роторний набір для чищення димоходів 10 м комплект щітка для труб та гнучкі ручки інструмент,6354,5591.50,,0,YOYO - Закрутить у вихорі веселощів,2,True,https://prom.ua/ua/p3223083426-rotornyj-nabor-dlya.html
набір для чищення труб,139,3223083430,Набір гнучких щіток для чищення димоходу 6 шт по 1 м комплект стрижнів для вентиляційних труб,1160.80,1021.50,,0,YOYO - Закрутить у вихорі веселощів,2,True,https://prom.ua/ua/p3223083430-komplekt-gibkih-schetok.html
набір для чищення труб,139,3223083437,Роторний набір для чищення димоходів 5 м зі щіткою під дриль комплект для догляду за димовими трубами,3967.60,3491.50,,0,YOYO - Закрутить у вихорі веселощів,2,True,https://prom.ua/ua/p3223083437-rotornyj-nabor-dlya.html
набір для чищення труб,139,3222948860,Роторний набір 10 м для чищення димоходів щітка для труб з гнучкими ручками інструмент для димаря,6577.10,5590.50,,0,MaDe Store - твій надійний продавець,20,True,https://prom.ua/ua/p3222948860-rotornyj-komplekt-dlya.html
набір для чищення труб,139,3222948877,Роторний комплект для чищення димарів 10 м набір для видалення сажі щітка для димоходу йорж для труб,5278.20,4486.50,,0,MaDe Store - твій надійний продавець,20,True,https://prom.ua/ua/p3222948877-rotornyj-komplekt-dlya.html
набір для чищення труб,139,3181246460,Набір нейлонових щіток для чищення димохідних труб діаметром 450 мм видалення сажі та нальоту смоли шоп1,1245.30,934,,0,Dream Shop,2228,True,https://prom.ua/ua/p3181246460-nabor-nejlonovyh-schetok.html
набір для чищення труб,139,3171915331,Набір Galax das PowerClean: засіб для прочищення каналізаційних труб 1000 г + гель для чищення унітазу «Антиналіт» 750 г,165,,,0,Comby маркет,252,True,https://prom.ua/ua/p3171915331-nabor-galax-das.html
набір для чищення труб,139,2982694973,"Шланг для чищення каналізації та труб Ruhhy 26133 (20 м) Набір для промивання під тиском, 4 адаптери, 138 бар (Чорний)",1199,,,0,EkoSam,104,True,https://prom.ua/ua/p2982694973-shlang-dlya-chistki.html
набір для чищення труб,139,3021853246,"Екодим набір для механічного чищення димохідних труб, 8988E169E",4732,3311.98,,0,NetLab,225,True,https://prom.ua/ua/p3021853246-rotornaya-chistka-dymohoda.html
набір для чищення труб,139,3004371188,Savent набір для механічного чищення димохідних труб знизу вгору 2E66544A5X,3503,2451.98,,0,DiscountDepot,174,True,https://prom.ua/ua/p3004371188-savent-komplekt-dlya.html
набір для чищення труб,139,3181701695,Роторний набір для чищення димоходів 5 м комплект щіток під дриль для обслуговування димарних труб ext1,5139.70,3495,,0,"Екстазія - місце, де народжуються насолоди",315,True,https://prom.ua/ua/p3181701695-rotornyj-nabor-dlya.html
набір для чищення труб,139,3175209979,Роторний набір для чищення димоходів 4 м щітка для димаря інструмент для механічного очищення димохідних труб,3502.90,2452,,0,OStore - купуй онлайн!,894,True,https://prom.ua/ua/p3175209979-rotornyj-nabor-dlya.html
набір для чищення труб,139,3138123125,"Набір GALAX Засіб для чищення унітазу ""Антиналіт"" 750г + Засіб для прочищення труб 1кг",232,,,0,Юзон,2777,True,https://prom.ua/ua/p3138123125-nabir-galax-zasib.html
набір для чищення труб,139,3063651521,Щітки YATO для чищення мідних труб 15/22 мм у наборі 2 шт. зі сталевого дроту для паяння,2749,1374.50,,0,CraftPoint,299,True,https://prom.ua/ua/p3063651521-schetki-yato-dlya.html
набір для чищення труб,139,2464993917,Аксесуар для пральних машин Karcher zestaw do czyszczenia rynien i rur 2.642-240.0,6481,,,0,Giga.LUXE- оригінальна техніка,121,True,https://prom.ua/ua/p2464993917-aksessuar-dlya-stiralnyh.html
набір для чищення труб,139,3181254590,Комплект роторний для очищення димарів 6 м щітка для механічного видалення сажі з димохідних каналів Гал1,5360.30,3913,,0,GalArt - домашній затишок,1705,True,https://prom.ua/ua/p3181254590-rotornyj-komplekt-dlya.html
набір для чищення труб,139,3181254614,Комплект роторний для очищення димоходу 7 м щітка механізована для витяжних каналів під дриль Гал1,3798.60,2773,,0,GalArt - домашній затишок,1705,True,https://prom.ua/ua/p3181254614-rotornyj-komplekt-dlya.html
набір для чищення труб,139,3181254636,Комплект для механічного очищення димарів 9 м набір щіток для видалення сажі з труб димохідна система Гал1,4541.10,3315,,0,GalArt - домашній затишок,1705,True,https://prom.ua/ua/p3181254636-komplekt-dlya-mehanicheskoj.html
набір для чищення труб,139,3175209986,Роторний набір для чищення димоходів 6 м пристосування для сажотрусів щітка для димохідних труб очищувач,4471.40,3130,,0,OStore - купуй онлайн!,894,True,https://prom.ua/ua/p3175209986-rotornyj-nabor-dlya.html
набір для чищення труб,139,2819859345,Роторний набір для чищення димоходів Ecodym Турбощітка 1 м 9 шт (104675) D15-2025,3312,,,0,🔥 ТУТ Є ВСЕ,1588,True,https://prom.ua/ua/p2819859345-rotornyj-nabor-dlya.html
набір для чищення труб,139,3084059232,Набір нейлонових ручок 6 шт для чищення труб будь-якої довжини 2K665447M,4472,3129.98,,0,Mix,373,True,https://prom.ua/ua/p3084059232-schetka-gibkimi-shtangami.html
набір для чищення труб,139,3006347595,Набір Екодим 104672 для чищення сендвіч-труб та цегли 8988164EEK,3570,2498.98,,0,DigitalHub,223,True,https://prom.ua/ua/p3006347595-nabor-dlya-obsluzhivaniya.html
набір для чищення труб,139,3044988395,Набір засобів Galax PowerClean для чищення унітаза Антиналіт 750 г + для прочищення труб 1000 г,141,,,0,АРС - Будівельний інтернет-гіпермаркет,10971,True,https://prom.ua/ua/p3044988395-nabor-sredstv-galax.html
набір для чищення труб,139,3182898635,"Набір для очищення димарів VOREL шнур Ø8мм 10м йорж Ø250мм гиря 2,5кг для чищення димарів та труб SKU_73035",2271.60,1893,,0,YAVOTOOLS,12,True,https://prom.ua/ua/p3182898635-nabor-dlya-ochistki.html
набір для чищення труб,139,3063145234,Ecodym базовий набір 4м для чищення пічних труб 89881M6K5,2796,1956.98,,0,BalluMBA,176,True,https://prom.ua/ua/p3063145234-nabor-gibkih-shtang.html
набір для чищення труб,139,3151187248,Палички від засмічення труб Sani Sticks набір 12 шт для чищення зливу раковини та каналізації,92,,,0,MagicShine – Чарівне сяйво у кожному виробі,157,True,https://prom.ua/ua/p3151187248-palochki-zasora-trub.html
набір для чищення труб,139,3185640513,Гнучкі троси для чищення труб зі щіточками Набір Drain Weasel Plus 7345 для усунення засмічень,329,,,0,Інтернет-магазин Like Of,8,False,https://prom.ua/ua/p3185640513-gibkie-trosy-dlya.html
набір для чищення труб,139,3014815400,Комплект для прочищення каналізації 10/20 м зі шлангом до 40 МПа / Набір насадок для очищення труб високого тиску,1659,1321,,0,Gipo,1621,True,https://prom.ua/ua/p3014815400-komplekt-dlya-prochistki.html
набір для чищення труб,139,3014522113,"Набір щіток для чищення свічок і труб, 38 предметів, неіржавка сталь, латунь, нейлон, пластиковий кейс",4096,2048,,0,ДімОпт,431,True,https://prom.ua/ua/p3014522113-nabor-schetok-dlya.html
набір для чищення труб,139,1692921847,"Паличкb для чищення труб, Sani Sticks, ензимні, багаторазові, набір 12 шт, 9.5 см, синя",134,112.75,,0,Angar-butik товари для дому та побуту,1665,True,https://prom.ua/ua/p1692921847-palochki-dlya-chistki.html
набір для чищення труб,139,3193584104,Набір для чищення дренажних труб Rolson,3117,,,0,М А К О В І Й,0,True,https://prom.ua/ua/p3193584104-nabir-dlya-chischennya.html
набір для чищення труб,139,2741554467,Набір із 9 інструментів для очищення труб MisFun Pack Спіральні гачки з пластику для прочищення труб і стоків,961,,,0,Stock Hub,3902,True,https://prom.ua/ua/p2741554467-nabor-instrumentov-dlya.html
набір для чищення труб,139,3181255813,Роторний комплект для очищення димоходів 9 м гнучкі ручки щітка для видалення сажі з димаря Гал1,7086.30,5173,,0,GalArt - домашній затишок,1705,True,https://prom.ua/ua/p3181255813-rotornyj-komplekt-dlya.html
набір для чищення труб,139,3084198084,"Щітка для димоходу Vevor, нейлонова, 6 метрів, професійні фітинги з нержавіючої сталі, гнучка",6408,5126.40,,0,⭐️⭐️⭐️⭐️⭐️ SHOPPEEE,26,True,https://prom.ua/ua/p3084198084-schetka-dlya-dymohoda.html
набір для чищення труб,139,3084198085,"Щітка для димоходу Vevor, 8 метрів, нейлонова, гнучка, з нержавіючої сталі, для печі",7326,5860.80,,0,⭐️⭐️⭐️⭐️⭐️ SHOPPEEE,26,True,https://prom.ua/ua/p3084198085-schetka-dlya-dymohoda.html
сітка від комах на вікна,1722,1839439913,"Москітні сітки на вікна, антимоскітні сітки ! Сітки від комах! Москітні сітки!",26,,4.5,2,vsepakety,377,True,https://prom.ua/ua/p1839439913-moskitni-sitki-vikna.html
сітка від комах на вікна,1722,1164868222,"Москітні сітки на замовлення будь-які! Антимоскітні сітки, сітки на вікна,сітки від комарів і мошок, москітні сітки",200,,,0,Prostoprint,150,False,https://prom.ua/ua/p1164868222-moskitnye-setki-pod.html
сітка від комах на вікна,1722,2293748682,"Москітна сітка на вікно 1,5*1,8 м на стрічці липучці /Антимоскітна сітка для вікон/Віконна сітка",175,110,4.8,61,"""Клімат-Озон"" Інтернет магазин послуг опалювального та кліматичного обладнання",1243,True,https://prom.ua/ua/p2293748682-moskitnaya-setka-okno.html
сітка від комах на вікна,1722,3097945949,Москітна сітка на вікно 150×150 см біла,139,,5,2,Інтернет-магазин Онмаркет Україна,273,True,https://prom.ua/ua/p3097945949-moskitnaya-setka-okno.html
сітка від комах на вікна,1722,1611089127,"Москітна сітка на метраж 120 см від 1 метра Сітка від Комарів, мух, комах. На вікна і двері",89,,5,2,www.mirkleenki.shop,1675,True,https://prom.ua/ua/p1611089127-setka-moskitnaya-metrazh.html
сітка від комах на вікна,1722,2181666553,"Біла Москітна сітка на метраж 90 см від 1 метра Сітка від Комарів, мух, комах. На вікна і двері",68,,4.7,7,www.mirkleenki.shop,1675,True,https://prom.ua/ua/p2181666553-belaya-setka-moskitnaya.html
сітка від комах на вікна,1722,2998634747,"Антимоскитні сітки, москитні сітки, сітки на вікна, ціна залежить від розміру виробу Дніпро",100,90,5,9,AirRest,35,True,https://prom.ua/ua/p2998634747-antimoskitnye-setkimoskitnye-setki.html
сітка від комах на вікна,1722,2823961009,"Сітка на вікно Антикішка з нержавіючої сталі | Захист від котів, комах, пуху і пилу",1300,,5,1,Дом Комфорт,62,True,https://prom.ua/ua/p2823961009-sitka-vikno-antikishka.html
сітка від комах на вікна,1722,2984450485,"Москітна сітка на вікно 150x150 см на липучках DIY, легкий монтаж",101,92,4.8,6,"Інтернет-магазин ""МадівіС""",4006,True,https://prom.ua/ua/p2984450485-moskitnaya-setka-okno.html
сітка від комах на вікна,1722,2627757057,"Москітна сітка на вікно, самоклеюча, 1,3x1,5м, Біла (Сітка від комарів на липучці)",160,121.60,4.8,21,Інтернет-магазин Bigs,3352,True,https://prom.ua/ua/p2627757057-moskitnaya-setka-okno.html
сітка від комах на вікна,1722,2293748669,Москітна сітка на вікно 1.5х2.0 метра на самоклейній стрічці липучці /Антимоскітна сітка для вікон/Віконна сітка,180,,4.6,31,"""Клімат-Озон"" Інтернет магазин послуг опалювального та кліматичного обладнання",1243,True,https://prom.ua/ua/p2293748669-moskitnaya-setka-okno.html
сітка від комах на вікна,1722,2216725886,Москітна сітка 2.4 м × 1м для вікон та дверей від комах антимоскітна,246,186,5,1,Файний Господар,387,True,https://prom.ua/ua/p2216725886-moskitnaya-setka-dlya.html
сітка від комах на вікна,1722,2499092164,Сітка від комах на вікно на липучках 60*80 (є дропшиппінг та знижки),141,,3.5,2,Интернет магазин «БЕЗ НАКРУТОК»,6516,True,https://prom.ua/ua/p2499092164-setka-nasekomyh-okno.html
сітка від комах на вікна,1722,2818349729,"MLEJU - Магнітна сітка 100x100 см від комах для вікон, антимоскітна сітка зі скловолокна з магнітною рамкою, без свердління",490,441,,0,KOMOPA,1109,True,https://prom.ua/ua/p2818349729-magnitnaya-setka-mleju.html
сітка від комах на вікна,1722,3038886689,"Москітна штора сітка на магнітах 100х210 см для дверей розсувна від комах, мух і комарів",402,201,5,8,SuperShop,912,True,https://prom.ua/ua/p3038886689-moskitnaya-shtora-setka.html
сітка від комах на вікна,1722,3105585240,Антимоскітна сітка зі скловолокна в рулоні 1.2х30 м сірого кольору для захисту вікон та дверей стор1,1871.70,1310.20,,0,Dream Store,1994,True,https://prom.ua/ua/p3105585240-antimoskitnaya-setka-steklovolokna.html
сітка від комах на вікна,1722,1897533665,Магнітна сітка на двері від комах Homitt HTHM580 100×220,490,465.50,5,4,Мегаплей,1115,True,https://prom.ua/ua/p1897533665-magnitnaya-setka-dver.html
сітка від комах на вікна,1722,2844083980,"Антимоскітна сітка на кепку, капелюх. Універсальний захист від комах на природі",926,108,5,2,Tik Top Shop,2143,True,https://prom.ua/ua/p2844083980-antimoskitnaya-setka-kepke.html
сітка від комах на вікна,1722,2969033627,Сітка від комах розсувна на вікно tectake 110×160 см,4970,,,0,Domo,134,True,https://prom.ua/ua/p2969033627-setka-nasekomyh-razdvizhnaya.html
сітка від комах на вікна,1722,3208814077,"Москітна сітка на пластикові вікна за індивідуальними розмірами (Антикошка, Стандарт, Плісе)",250,,,0,Velo & Frame,0,True,https://prom.ua/ua/p3208814077-moskitnaya-setka-plastikovye.html
сітка від комах на вікна,1722,3126893259,Москітна сітка 1.2х30 м рулонна сітка для вікон та дверей захисна сітка від комах антимоскітне полотно,1910.90,1337.60,,0,BoxyBay,251,True,https://prom.ua/ua/p3126893259-moskitnaya-setka-12h30.html
сітка від комах на вікна,1722,1427409129,"Мішок від ос на виноград 3 кг, 25*38 см (мішечок для винограду, сітка від ос, мошок, птахів, опіків, перезагару)",4.10,,5,2,СПАНБЕГ,1758,True,https://prom.ua/ua/p1427409129-meshok-vinograd-2538.html
сітка від комах на вікна,1722,3166620116,"Антимоскітна сітка 1,4х30 м скловолоконна сітка від комах на вікна рулонна сітка для захисту від комарів",2353.40,1647.40,,0,SexyBox,218,True,https://prom.ua/ua/p3166620116-antimoskitnaya-setka-14h30.html
сітка від комах на вікна,1722,2344160799,Москітна сітка на вікно 1.5х метра 1.5 м на стрічці липучці / Антимоскітна сітка для вікон/Оконна сітка,165,105,4.5,4,"""Клімат-Озон"" Інтернет магазин послуг опалювального та кліматичного обладнання",1243,True,https://prom.ua/ua/p2344160799-moskitnaya-setka-okno.html
сітка від комах на вікна,1722,2760107725,"Магнітна віконна сітка NeatiEase універсальний захист від комах для вікон, що обрізається за розміром",974,,,0,Houzee,2131,False,https://prom.ua/ua/p2760107725-magnitnaya-okonnaya-setka.html
сітка від комах на вікна,1722,2865695832,"Москітна сітка YANGTE для вікон (130x150 см | Чорна, 2 шт.)",500,,,0,Technomagic,428,True,https://prom.ua/ua/p2865695832-moskitnaya-setka-yangte.html
сітка від комах на вікна,1722,3045300768,"Москітна сітка для вікон на липучці Repest на 150 x 130 см захист від комах, можливість підрізування (27405)",195,189.15,,0,"""АвтоДім""",5867,True,https://prom.ua/ua/p3045300768-moskitnaya-setka-dlya.html
сітка від комах на вікна,1722,3104469992,"Сітка від комах на вікна з магнітним кріпленням, розмір 130х120 см, чорна / Антимоскітна сітка / Віконна сітка",170,119,,0,RedMoon,31713,True,https://prom.ua/ua/p3104469992-setka-nasekomyh-okna.html
сітка від комах на вікна,1722,3183969404,Сітка від комах на вікно на липучках 60*80,226,214.70,,0,MALL IO,15,True,https://prom.ua/ua/p3183969404-setka-nasekomyh-okno.html
сітка від комах на вікна,1722,3097736523,"Москітна сітка на вікна 5 шт. 130×150 см, самоклеюча від комах із стрічкою, захист від мух, поліестер високої щільності",600,480,,0,MixBox,234,True,https://prom.ua/ua/p3097736523-moskitnaya-setka-okna.html
сітка від комах на вікна,1722,3108119425,"Набір сіток від комах YANGTE 4 шт 130×150 см, чорна москітна сітка на вікно без свердління зі стрічкою, захист від комарів",1500,1200,,0,MixBox,234,True,https://prom.ua/ua/p3108119425-nabor-setok-nasekomyh.html
сітка від комах на вікна,1722,3045414123,Москітна сітка 160 на металопластикове вікно антимоскітна сітка від мух і комарів на липучках шторка від комах на вікна захист,270,,,0,Noventra,91,True,https://prom.ua/ua/p3045414123-moskitnaya-setka-160.html
сітка від комах на вікна,1722,3214557803,Антимоскітна сітка на вікно 150х180 см універсальна легка установка захист від комах BROWN,753,502,,0,Kiwi,6,True,https://prom.ua/ua/p3214557803-antimoskitnaya-setka-okno.html
сітка від комах на вікна,1722,3214606709,Антимоскітна сітка на вікно універсальна для захисту від комах легка установка і довговічність. FLAME,753,502,,0,Flame,11,True,https://prom.ua/ua/p3214606709-antimoskitnaya-setka-okno.html
сітка від комах на вікна,1722,2861594598,"Магнітна сітка для вікон, 100 x 130 см, віконний захист від комах, захист від мух, кріплення на липучці, з міцною сіткою",1000,850,,0,Universal Techno,327,False,https://prom.ua/ua/p2861594598-magnitnaya-setka-dlya.html
сітка від комах на вікна,1722,2181668213,"Синя Москітна сітка на метраж 90 см від 1 метра Сітка від Комарів, мух, комах. На вікна і двері",68,,,0,www.mirkleenki.shop,1675,True,https://prom.ua/ua/p2181668213-sinyaya-setka-moskitnaya.html
сітка від комах на вікна,1722,2181671062,"Зелена Москітна сітка на метраж 90 см від 1 метра Сітка від Комарів, мух, комах. На вікна і двері",68,,,0,www.mirkleenki.shop,1675,True,https://prom.ua/ua/p2181671062-zelenaya-setka-moskitnaya.html
сітка від комах на вікна,1722,2181691027,"Синя Москітна сітка на метраж 120 см від 1 метра Сітка від Комарів, мух, комах. На вікна і двері",89,,,0,www.mirkleenki.shop,1675,True,https://prom.ua/ua/p2181691027-sinyaya-setka-moskitnaya.html
сітка від комах на вікна,1722,2621723428,Сітка антимоскітна 1.3х1.5м на липучках захист від комах на вікно (біла),198,93.06,,0,FlashShop,1320,True,https://prom.ua/ua/p2621723428-setka-antimoskitnaya-13h15m.html
сітка від комах на вікна,1722,2921933687,Москітна сітка на вікно (210 x 123 см) Захисна сітка від комах на липучці Монтаж без свердління Чорна,499,449.10,,0,Електроніка з Європи,78,True,https://prom.ua/ua/p2921933687-moskitnaya-setka-okno.html
сітка від комах на вікна,1722,2592532494,Москітна сітка 0.9х30 м сіра антимоскітна сітка на вікна рулонна від комарів і комах,2080.89,1342.51,,0,Подарунок по Українськи,289,True,https://prom.ua/ua/p2592532494-moskitnaya-setka-09h30.html
сітка від комах на вікна,1722,3008850902,"Антимоскітна сітка для захисту від комарів, ефективний захист від комах на вікнах та дверях",1550,1240,,0,ПростоShop🛒 - онлайн магазин простих товарів💡,412,True,https://prom.ua/ua/p3008850902-antimoskitnaya-setka-kachestvennyj.html
сітка від комах на вікна,1722,2818357150,"MLEJU - Москітна сітка на вікно від комах 130x150 см із покращеним інноваційним кріпленням, без свердління",880,792,,0,KOMOPA,1109,True,https://prom.ua/ua/p2818357150-mleju-moskitnaya-setka.html
сітка від комах на вікна,1722,2761090485,"Москітна сітка Fesoar для вікон 130x150 см біла, що обрізається на липучці, захист від комах.",981,,,0,OnWay,779,False,https://prom.ua/ua/p2761090485-moskitnaya-setka-fesoar.html
сітка від комах на вікна,1722,3050441772,Сітка на вікно від комах tectake 90 × 160 см біло-чорна з рамою,4840,,,0,Sfera,47,True,https://prom.ua/ua/p3050441772-setka-okno-nasekomyh.html
сітка від комах на вікна,1722,2770336771,"Антимоскітна сітка, штора від комах з кріпленням на магнітах, захисний екран на двері та вікна мод. 7410932",276.04,140.08,,0,Для тебе,410,True,https://prom.ua/ua/p2770336771-antimoskitnaya-setka-shtora.html
сітка від комах на вікна,1722,2326375693,Сітка антимоскітна на липучках EL-1106 захист від комах на вікно з самоклеючою стрічкою для кріплення 1.5 х 1.5 м,215,,,0,AltsBuy,119,True,https://prom.ua/ua/p2326375693-setka-antimoskitnaya-lipuchkah.html
сітка від комах на вікна,1722,3103484002,Антимоскітна сітка на липучках для захисту від комах на вікно 150см*150см з самоклеючою стрічкою для кріплення,215,,,0,AltsBuy,119,True,https://prom.ua/ua/p3103484002-antimoskitnaya-setka-lipuchkah.html
сітка від комах на вікна,1722,3040322412,Біла сітка від комах на вікна Tops 1.5x1.5 метра 7P816246A,175,,,0,"Интер​​нет-кат​алог с​​ки​​док ""Модна Лавка""",649,True,https://prom.ua/ua/p3040322412-beloe-moskitnoe-polotno.html
сітка від комах на вікна,1722,2976082438,ІВ Москітна сітка на Ultra Line вікно NeatiEase магнітна саморобна регульована для захисту від комах в ЕMN_PS,948,,,0,Click,178,False,https://prom.ua/ua/p2976082438-moskitnaya-setka-ultra.html
сітка від комах на вікна,1722,2746801209,"Москітна сітка на вікна від комарів і мух Біла 1.5 х 1.3 м, антимоскітна сітка на липучці для захисту від комах і пилу qwr",119,,,0,MeestShop,92,True,https://prom.ua/ua/p2746801209-moskitnaya-setka-okna.html
сітка від комах на вікна,1722,2823960761,Сітка на вікна Антикішка нержавіюча сталь. Захист від комах та випадіння котів,1300,,,0,Дом Комфорт,62,True,https://prom.ua/ua/p2823960761-setka-okna-antikoshka.html
сітка від комах на вікна,1722,2823961030,"Сталева захисна сітка на вікна антикішка захист від випадіння тварин та попадання комах, металева решітка",1300,,,0,Дом Комфорт,62,True,https://prom.ua/ua/p2823961030-stalnaya-zaschitnaya-setka.html
сітка від комах на вікна,1722,2208493863,Антимоскітні штори на магнітах Анти москітна дверна сітка на вікна пластикові двері Шторка від мух комах VZL,480,240,2.5,2,🔱 «Iron Shop» Компетентність! Якість товару! Швидка відправка! ✅,422,True,https://prom.ua/ua/p2208493863-shtory-antimoskitnye-magnitah.html
сітка від комах на вікна,1722,2675009833,Сітка москітна на липучках 150х150см для захисту від комах на вікно HMD 428-42718163 White,620,310,,0,BRS SHOP,230,True,https://prom.ua/ua/p2675009833-setka-moskitnaya-lipuchkah.html
сітка від комах на вікна,1722,2675009834,Сітка антимоскітна на липучках захист від комах на вікно AMZ 428-42718163 White,598,299,,0,BRS SHOP,230,True,https://prom.ua/ua/p2675009834-setka-antimoskitnaya-lipuchkah.html
сітка від комах на вікна,1722,2675009840,Сітка антимоскітна 1.5х1.5м на липучках захист від комах на вікно BRS White,670,335,,0,BRS SHOP,230,True,https://prom.ua/ua/p2675009840-setka-antimoskitnaya-15h15m.html
сітка від комах на вікна,1722,2675009841,Сітка антимоскітна 1.5х2м із самоклеючою стрічкою захист від комах на вікно VeryGoods White,780,390,,0,BRS SHOP,230,True,https://prom.ua/ua/p2675009841-setka-antimoskitnaya-15h2m.html
електричний насос для матраца,878,3203158991,"Портативний акумуляторний електричний насос Morpilot AP6-L для матраців, човнів та надувних виробів.",498,483.06,,0,MyStockHouse,298,True,https://prom.ua/ua/p3203158991-portativnyj-akkumulyatornyj-elektricheskij.html
електричний насос для матраца,878,1761376513,"Насос для матраца електричний, для ліжка, човна, басейну, Intex 66640 від мережі (220-240 V, 650 л/хв)",658,539.56,5,5,🌞ALLBABY магазин товарів для дітей,2953,True,https://prom.ua/ua/p1761376513-nasos-dlya-matrasa.html
електричний насос для матраца,878,2808225396,Електричний насос HT-196 220-240 В 50 Вт для надувних виробів матраців човнів басейнів 3 насадки,381.88,305.50,5,3,Techline,1575,True,https://prom.ua/ua/p2808225396-elektricheskij-nasos-196.html
електричний насос для матраца,878,2906337789,"Портативний електричний насос для надувних матраців AKSOUL, на батарейках",599,,,0,iHelper.vn,574,False,https://prom.ua/ua/p2906337789-portativnij-elektrichnij-nasos.html
електричний насос для матраца,878,3050235575,"Акумуляторний насос портативний з ліхтариком, електричний міні насос для матраців, компресор з насадками",735,585,5,11,TOP-shop,154,True,https://prom.ua/ua/p3050235575-akkumulyatornyj-nasos-portativnyj.html
електричний насос для матраца,878,1760787927,Насос Intex електричний 12V (66636 (6)),525,,4.8,13,Лунтик,2643,True,https://prom.ua/ua/p1760787927-nasos-intex-elektricheskij.html
електричний насос для матраца,878,2527549185,Портативний акумуляторний насос помпа для води поливу надувних меблів повітряний насос компресор для матраца,1093,1016.49,4.3,3,MilitariPro,1170,True,https://prom.ua/ua/p2527549185-portativnyj-akkumulyatornyj-nasos.html
електричний насос для матраца,878,3092005656,Надувний матрац з вбудованим електричним насосом Односпальний матрац для сну та відпочинку 99х191х42 см,1766,1640,5,1,Jasny OnlineShop - Незламні бо єдині,606,True,https://prom.ua/ua/p3092005656-naduvnoj-matras-vstroennym.html
електричний насос для матраца,878,3214161562,Акумуляторний електричний насос для надування матраців і іграшок 2400 mAh з 5 насадками BROWN,1594.50,1063,,0,Kiwi,6,True,https://prom.ua/ua/p3214161562-akkumulyatornyj-elektricheskij-nasos.html
електричний насос для матраца,878,3198819045,"Електричний насос Nestling 150 Вт для матраців і басейнів, надування/здування, 3 насадки, EU вилка, чорний",799,639.20,,0,SIMONIX,41,True,https://prom.ua/ua/p3198819045-elektricheskij-nasos-nestling.html
електричний насос для матраца,878,3076300320,"Насос електричний для матрацу акумуляторний Intex 66647 портативний насос для надувного матрасу електронасос 3,7 В з ліхтариком",984,799,4.8,5,Topturism,1728,True,https://prom.ua/ua/p3076300320-nasos-elektricheskij-dlya.html
електричний насос для матраца,878,3026302909,"Електричний насос компресор в прикурювач Air Pump 12V 40W для надувних матраців, басейнів та човнів",379,299,5,3,𝐄-𝐒𝐡𝐨𝐩𝐢𝐧𝐠,9086,True,https://prom.ua/ua/p3026302909-elektricheskij-nasos-kompressor.html
електричний насос для матраца,878,2919618554,"Електричний насос від 230В та 12В, для надувних меблів, човнів, матрасів, кругів, Intex 66634",750,644,,0,Берто,651,True,https://prom.ua/ua/p2919618554-elektricheskij-nasos-230v.html
електричний насос для матраца,878,2317810337,"Електронасос для матраців, розкурювач для кальяну, універсальний насос Чорний",449,,5,4,Shidnyi express,2696,True,https://prom.ua/ua/p2317810337-elektronasos-dlya-matrasov.html
електричний насос для матраца,878,2472360256,Портативний електричний насос FreeLionVon 2 в 1 USB з 5 насадками для матраців човнів чорний,1307,,,0,Spot,1796,False,https://prom.ua/ua/p2472360256-portativnyj-elektricheskij-nasos.html
електричний насос для матраца,878,2670447047,"Насос Trizand 20790 акумуляторний, USB-C, 3 насадки",1333,1199.70,5,2,HotBuy Інтернет-магазин,679,True,https://prom.ua/ua/p2670447047-nasos-trizand-20790.html
електричний насос для матраца,878,2659633059,Електричний насос Intex 66634 Насос для матраца від мережі Електронасос для човна від прикурювача Електронасос 2в1,899,749,3,2,TOP Shop,659,True,https://prom.ua/ua/p2659633059-elektricheskij-nasos-intex.html
електричний насос для матраца,878,3117824328,Акумуляторний насос для матраца Intex Насос для матраців електричний 12v Intex 220V 12V 650 л,2000,1780,,0,Jasny OnlineShop - Незламні бо єдині,606,True,https://prom.ua/ua/p3117824328-akkumulyatornyj-nasos-dlya.html
електричний насос для матраца,878,3005403488,"Універсальний електричний насос для надування матраців, човнів, басейнів, а також для вакуумних пакетів від прикурювача Чорний",529,502.55,,0,KOMORKA 24,786,True,https://prom.ua/ua/p3005403488-universalnyj-elektricheskij-nasos.html
електричний насос для матраца,878,1810149551,Насос електричний для надування матраців ліжок акумуляторний Intex 66642,1499,,,0,"Інтернет-магазин дитячих товарів та товарів для дому ""Твій Кіндер""",2199,True,https://prom.ua/ua/p1810149551-nasos-elektricheskij-dlya.html
електричний насос для матраца,878,3078155437,"Портативний акумуляторний насос Mojimdo AP200 USB-C для матраців, басейнів та вакуумних пакетів",699,,,0,КрісталШоп,175,False,https://prom.ua/ua/p3078155437-portativnyj-akkumulyatornyj-nasos.html
електричний насос для матраца,878,3135256052,Електричний насос 650 л хв для накачування матраців і басейнів 220 В чорний Intex GN-13961,1321,777,,0,NovaGoods,252,False,https://prom.ua/ua/p3135256052-elektricheskij-nasos-650.html
електричний насос для матраца,878,3005415241,Електричний насос для надування та здування різних виробів від мережі,535,508.25,1,1,KOMORKA 24,786,True,https://prom.ua/ua/p3005415241-elektricheskij-nasos-dlya.html
електричний насос для матраца,878,2630208423,"Насос туристичний електричний бездротовий 3в1 з акумулятором 1300 мА·год і ліхтариком для човнів, матраців",1085,895,,0,Техносвіт,497,True,https://prom.ua/ua/p2630208423-nasos-turisticheskij-elektricheskij.html
електричний насос для матраца,878,2546429797,Електричний акумуляторний повітрянний насос високого тиску ATJ-8666 для човнів та SUP дошок від прикурювача авто,5200,4600,5,1,Trip_UA,300,True,https://prom.ua/ua/p2546429797-elektricheskij-akkumulyatornyj-vozdushnyj.html
електричний насос для матраца,878,2352084987,Електричний насос 12в від прикурювача для надувних виробів Intex 600 л/хв,703,505,,0,Берто,651,True,https://prom.ua/ua/p2352084987-elektricheskij-nasos-12v.html
електричний насос для матраца,878,2201606772,"Насос електричний 12V автомобільний для матраців, басейнів і човнів 600 л/хв з насадками",768.20,641,,0,"""Kids Klaus""",402,True,https://prom.ua/ua/p2201606772-nasos-elektricheskij-12v.html
електричний насос для матраца,878,3043425218,Повітряний електричний насос 220 вольтів для надування матраца приватного басейну інтекс intex quick fill dc,1346,673,,0,"Інтернет магазин ""Select Store"" 🛒 Тільки якісні товари за найкращими цінами ✅",306,True,https://prom.ua/ua/p3043425218-vozdushnyj-elektricheskij-nasos.html
електричний насос для матраца,878,2505853403,"Насос для човнів, матраців, басейнів LW-A-2004 5200mAh USB чорний",780,,5,2,НЕОБХОДИМО,2747,True,https://prom.ua/ua/p2505853403-nasos-dlya-lodok.html
електричний насос для матраца,878,2625220495,"Електричний насос для надувних виробів Rechargeable Mini Pump M001C бездротовий портативний з підсвічуванням для матраца 0,5 кг",1197,,,0,Spot,1796,False,https://prom.ua/ua/p2625220495-elektricheskij-nasos-dlya.html
електричний насос для матраца,878,1892740964,Насос-компресор електричний портативний Дротовий,1400,1000,,0,Vugidno.in.ua,5107,True,https://prom.ua/ua/p1892740964-nasos-kompressor-elektricheskij.html
електричний насос для матраца,878,2454847353,Електричний повітряний насос Micro Electric Air Pump H9726 Акумуляторний мінінасос для надувних виробів,1302,,,0,Stock Hub,3902,False,https://prom.ua/ua/p2454847353-elektricheskij-vozdushnyj-nasos.html
електричний насос для матраца,878,2630207445,Насос електричний портативний для надувних виробів кемпінгу 3в1 Tiny Pump X Акумуляторний повітряний насос,1085,895,,0,Техносвіт,497,True,https://prom.ua/ua/p2630207445-nasos-elektricheskij-portativnyj.html
електричний насос для матраца,878,1865562323,"Електричний насос Intex 68609 для надування матраців басейнів човнів кульок від мережі, прикурювача 1100 л/хв",4398,2199,,0,Interflow,784,True,https://prom.ua/ua/p1865562323-elektricheskij-nasos-intex.html
електричний насос для матраца,878,3102025773,Електричний насос для басейну та матраца Intex 66636 від прикурювача 12V автонасос для надування здування,1480,740,,0,Pixel,77,True,https://prom.ua/ua/p3102025773-elektricheskij-nasos-dlya.html
електричний насос для матраца,878,2906833476,Портативний насос для матраців Baseus PocketGo Portable Air Pump Stellar White,1755,1435,,0,✅Euro-Tech™,2069,True,https://prom.ua/ua/p2906833476-portativnyj-nasoso-dlya.html
електричний насос для матраца,878,3083517036,"Електричний насос Intex 66636 12V від прикурювача для надування та здування матраців, басейнів, човнів і кіл",610,,5,2,Place,77,True,https://prom.ua/ua/p3083517036-elektricheskij-nasos-intex.html
електричний насос для матраца,878,3157177894,"Насос 12 В для матраца від прикурювача, Intex Quick-Fill 66636 від прикурювача (12 V, 600 л/хв)",731,599.42,,0,🌞ALLBABY магазин товарів для дітей,2953,True,https://prom.ua/ua/p3157177894-nasos-dlya-matrasa.html
електричний насос для матраца,878,3092005656,Надувний матрац з вбудованим електричним насосом Односпальний матрац для сну та відпочинку 99х191х42 см,1766,1640,5,1,Jasny OnlineShop - Незламні бо єдині,606,True,https://prom.ua/ua/p3092005656-naduvnoj-matras-vstroennym.html
електричний насос для матраца,878,3064844324,Насос інфлятор електричний Jsdoin 50 Вт 220 В для матраца і надувних виробів 3 насадки чорний портативний,499,,,0,⭐⭐⭐⭐⭐  Best Shop,34,False,https://prom.ua/ua/p3064844324-nasos-inflyator-elektricheskij.html
електричний насос для матраца,878,2078406888,"Електричний насос для наповнення матраців, що працює від розетки 220В і автомобільної розетки 12В",665,,3.7,3,"Інтернет-магазин ""МегаОптЗапчастини""",681,True,https://prom.ua/ua/p2078406888-elektricheskij-nasos-dlya.html
електричний насос для матраца,878,2623738998,"Електричний насос Intex 66634, для надувних виробів, від мережі 220 В і прикурювача 12 В, у наборі 3 насадки",1728,864,5,2,Топ. Чик. Товари,1988,True,https://prom.ua/ua/p2623738998-elektricheskij-nasos-intex.html
електричний насос для матраца,878,2946684988,"Електричний насос для надування Intex 66640 від мережі (220-240 V, 650 л/хв) чорний",750,,,0,"""Комфорт Продукт""",2664,False,https://prom.ua/ua/p2946684988-elektricheskij-nasos-dlya.html
електричний насос для матраца,878,2808225396,Електричний насос HT-196 220-240 В 50 Вт для надувних виробів матраців човнів басейнів 3 насадки,381.88,305.50,5,3,Techline,1575,True,https://prom.ua/ua/p2808225396-elektricheskij-nasos-196.html
електричний насос для матраца,878,3127470911,Електричний портативний бездротовий мінінасос для надувних матраців на акумуляторі 3 в 1,720,,,0,Ескімоси,333,True,https://prom.ua/ua/p3127470911-elektricheskij-portativnyj-besprovodnoj.html
електричний насос для матраца,878,2368806242,"Електричний насос 62252 для надувних виробів (220-240 V, 650 л/хв)",590,,,0,maxtorg,2660,True,https://prom.ua/ua/p2368806242-elektrichnij-nasos-62252.html
електричний насос для матраца,878,2660350289,Акумуляторний Насос для матраців з 3 насадками Trizand (20790) Чорний Польща,1111,1100,,0,EuroAGD,723,False,https://prom.ua/ua/p2660350289-akumulyatornij-nasos-dlya.html
електричний насос для матраца,878,3138618395,Насос електричний Intex 220в quick fill Електричний насос для матраца інтекс,1196,598,,0,Твій стиль,2028,True,https://prom.ua/ua/p3138618395-nasos-elektricheskij-intex.html
електричний насос для матраца,878,3117762674,Електричний насос для матраців 220v Електричний насос для надування і здування Intex 66644 220V 1100 л хв,1070,940,,0,Jasny OnlineShop - Незламні бо єдині,606,True,https://prom.ua/ua/p3117762674-elektricheskij-nasos-dlya.html
електричний насос для матраца,878,3117813775,Насос для матраца електричний акумуляторний Портативний електричний насос для матраців Intex 650 л,2000,1780,,0,Jasny OnlineShop - Незламні бо єдині,606,True,https://prom.ua/ua/p3117813775-elektricheskij-akkumulyatornyj-nasos.html
електричний насос для матраца,878,2296494465,"Електричний повітряний насос для матраців і човнів ideenwelt P8-RM-BAP, УЦЕНКА",424,,,0,Tehno Stok,139,True,https://prom.ua/ua/p2296494465-elektricheskij-vozdushnyj-nasos.html
електричний насос для матраца,878,3174530863,Електричний автомобільний насос 12V від прикурювача Intex 66636 повітряний для надування човнів та матраців | LIMON,1480,740,,0,Limon,10,True,https://prom.ua/ua/p3174530863-elektricheskij-avtomobilnyj-nasos.html
електричний насос для матраца,878,3214244683,Портативний електричний насос з ліхтариком для надування матраців і човнів 180 л/хв 1300 мАг BROWN,2158.50,1439,,0,Kiwi,6,True,https://prom.ua/ua/p3214244683-portativnyj-elektricheskij-nasos.html
електричний насос для матраца,878,3174275332,"Електричний насос CZ-168C 50W 400 л/хв для матраців, басейнів і човнів, UK Plug + перехідник EU",1300,899,,0,Ya.shop,665,False,https://prom.ua/ua/p3174275332-elektricheskij-nasos-168c.html
електричний насос для матраца,878,1887344988,"Потужний насос електричний, для надування матраців від мережі 220-240 В, Intex 66640, Код 66640A",1102,551,5,4,Интернет-Магазину tops.shop.7km,1044,True,https://prom.ua/ua/p1887344988-moschnyj-nasos-elektricheskij.html
електричний насос для матраца,878,2731677257,Компресор насос двосторонній електричний 220V Two Way Electric Air Pump XG-668A Чорний,484,,3,1,ReaL VigO,528,True,https://prom.ua/ua/p2731677257-kompressor-nasos-dvuhstoronnij.html
електричний насос для матраца,878,1864595314,Насос-компресор електричний портативний,700,449,,0,VMK.in.ua,2420,True,https://prom.ua/ua/p1864595314-nasos-kompressor-elektricheskij.html
електричний насос для матраца,878,1895559446,Насос-компресор електричний,850,699,,0,VMK.in.ua,2420,True,https://prom.ua/ua/p1895559446-nasos-kompressor-elektricheskij.html
